id,province,city,name,industry_type,sub_category,product_name,baike_urls
1,北京市,门头沟区,门头沟区军庄镇孟悟村,果,梨,孟悟京白梨,https://baike.baidu.com/item/%E5%8C%97%E4%BA%AC%E5%B8%82%E5%AD%9F%E6%82%9F%E6%9D%91%E4%BA%AC%E7%99%BD%E6%A2%A8%E7%A7%8D%E6%A4%8D%E5%90%88%E4%BD%9C%E7%A4%BE/7810808，https://baike.baidu.com/item/%E5%8C%97%E4%BA%AC%E5%AD%9F%E6%82%9F%E6%9D%91%E4%BA%AC%E7%99%BD%E6%A2%A8%E8%82%A1%E4%BB%BD%E7%BB%8F%E6%B5%8E%E5%90%88%E4%BD%9C%E7%A4%BE/5850126?anchor=1#1
2,北京市,门头沟区,门头沟区妙峰山镇涧沟村,花,玫瑰,妙峰玫瑰,https://baike.baidu.com/item/%E5%A6%99%E5%B3%B0%E5%B1%B1%E7%8E%AB%E7%91%B0/23609932，https://baike.baidu.com/item/%E7%8E%AB%E7%91%B0%E8%B0%B7/5327713
3,北京市,门头沟区,门头沟区王平镇西马各庄村,果,樱桃,西马樱桃,https://baike.baidu.com/item/%E8%A5%BF%E9%A9%AC%E5%90%84%E5%BA%84%E6%9D%91/9688344
4,北京市,门头沟区,门头沟区雁翅镇泗家水村,蔬,香椿,泗家水香椿,https://baike.baidu.com/item/%E6%B3%97%E5%AE%B6%E6%B0%B4%E6%9D%91/9995921，https://baike.baidu.com/item/%E6%B3%97%E5%AE%B6%E6%B0%B4%E7%BA%A2%E5%A4%B4%E9%A6%99%E6%A4%BF/23116229，
5,北京市,门头沟区,门头沟区雁翅镇太子墓村,果,苹果,红富士苹果,https://baike.baidu.com/item/%E5%A4%AA%E5%AD%90%E5%A2%93%E6%9D%91/9637032
6,北京市,房山区,房山区大石窝镇南河村,蔬,蔬菜,南河蔬菜,https://baike.baidu.com/item/%E5%8D%97%E6%B2%B3%E6%9D%91/3740686
7,北京市,房山区,房山区窦店镇窦店村,畜,肉牛,窦店肉牛,https://baike.baidu.com/item/%E7%AA%A6%E5%BA%97%E6%9D%91/6483193|https://baike.baidu.com/item/%E5%8C%97%E4%BA%AC%E7%AA%A6%E5%BA%97%E7%9B%8A%E7%94%9F%E6%B8%85%E7%9C%9F%E8%82%89%E4%B8%9A%E6%9C%89%E9%99%90%E5%85%AC%E5%8F%B8/51455405
8,北京市,房山区,房山区窦店镇河口村,蔬,辣椒,翠林花海辣椒,https://baike.baidu.com/item/%E6%B2%B3%E5%8F%A3%E6%9D%91/627503
9,北京市,房山区,房山区窦店镇芦村,蔬,蔬菜,燕都泰华蔬菜,https://baike.baidu.com/item/%E8%8A%A6%E6%9D%91/7588816
10,北京市,房山区,房山区长沟镇北甘池村,果,核桃,胜龙泉薄皮核桃,https://baike.baidu.com/item/%E7%94%98%E6%B1%A0%E6%9D%91/15881759，https://baike.baidu.com/item/%E5%8C%97%E7%94%98%E6%B1%A0%E6%9D%91/12717228?fr=aladdin
11,北京市,房山区,房山区长阳镇夏场村,果,葡萄,夏家场葡萄,https://baike.baidu.com/item/%E5%A4%8F%E5%9C%BA%E6%9D%91/4657099https://baijiahao.baidu.com/s?id=1842822215255713013&wfr=spider&for=pc
12,北京市,房山区,房山区张坊镇,果,柿子,磨盘柿,https://baike.baidu.com/item/%E5%BC%A0%E5%9D%8A%E9%95%87/9247|https://baike.baidu.com/item/%E6%88%BF%E5%B1%B1%E7%A3%A8%E7%9B%98%E6%9F%BF/10028240
13,北京市,通州区,通州区漷县镇柏庄村,蔬,蔬菜,四时鲜生菜,https://baike.baidu.com/item/%E6%9F%8F%E5%BA%84%E6%9D%91/56529735
14,北京市,通州区,通州区永乐店镇孔庄村,蔬,食用菌,永恒瑞泉食用菌,https://baike.baidu.com/item/%E5%AD%94%E5%BA%84%E6%9D%91/56537411
15,北京市,顺义区,顺义区北务镇仓上村,蔬,辣椒,绿中名辣椒,https://baike.baidu.com/item/%E4%BB%93%E4%B8%8A%E6%9D%91/56655119
16,北京市,顺义区,顺义区北务镇小珠宝村,果,西瓜,小珠宝西瓜,
17,北京市,顺义区,顺义区李遂镇后营村,蔬,蔬菜,绿之源蔬菜,
18,北京市,顺义区,顺义区龙湾屯镇柳庄户村,果,葡萄,翠柳葡萄,
19,北京市,顺义区,顺义区南彩镇河北村,果,樱桃,樱桃,
20,北京市,顺义区,顺义区赵全营镇北郎中村,花,花卉,花卉,
21,北京市,昌平区,昌平区崔村镇真顺村,果,苹果,真顺苹果,
22,北京市,昌平区,昌平区兴寿镇香屯村,果,草莓,翼寿草莓,
23,北京市,昌平区,昌平区阳坊镇后白虎涧村,果,梨,白虎涧京白梨,
24,北京市,大兴区,大兴区礼贤镇东段家务村,蔬,番茄,礼贤益农番茄,
25,北京市,大兴区,大兴区庞各庄镇梨花村,果,梨,梨,
26,北京市,大兴区,大兴区青云店镇孝义营村,其他,面食,孝心馒头,https://baike.baidu.com/item/%E5%AD%9D%E4%B9%89%E8%90%A5%E6%9D%91/9132725
27,北京市,大兴区,大兴区魏善庄镇李家场村,蔬,香菇,李家场香菇,https://baike.baidu.com/item/%E6%9D%8E%E5%AE%B6%E5%9C%BA%E6%9D%91/19619472
28,北京市,大兴区,大兴区长子营镇东北台村,蔬,油菜,凤河源油菜,https://baike.baidu.com/item/%E4%B8%9C%E5%8C%97%E5%8F%B0%E6%9D%91/7835636
29,北京市,大兴区,大兴区长子营镇河津营村,蔬,生菜,凤河源生菜,
30,北京市,大兴区,大兴区长子营镇小黑垡村,畜,肉鸽,九五肉鸽,https://baike.baidu.com/item/%E5%B0%8F%E9%BB%91%E5%9E%A1%E6%9D%91/24327230
31,北京市,大兴区,大兴区庞各庄镇,果,西瓜,京庞西瓜,https://baike.baidu.com/item/%E5%A4%A7%E5%85%B4%E8%A5%BF%E7%93%9C/1788901https://baike.baidu.com/item/%E5%BA%9E%E5%90%84%E5%BA%84%E9%95%87/9653009
32,北京市,怀柔区,怀柔区渤海镇六渡河村,果,板栗,板栗,https://baike.baidu.com/item/%E5%85%AD%E6%B8%A1%E6%B2%B3%E6%9D%91/8072680
33,北京市,怀柔区,怀柔区怀柔镇芦庄村,其他,工艺品,芦庄葫芦,https://baike.baidu.com/item/%E8%8A%A6%E5%BA%84%E6%9D%91/7087668
34,北京市,怀柔区,怀柔区庙城镇王史山村,蔬,食用菌,中菌食用菌,https://baike.baidu.com/item/%E7%8E%8B%E5%8F%B2%E5%B1%B1%E6%9D%91/7968860#12https://baike.baidu.com/item/%E5%8C%97%E4%BA%AC%E4%B8%AD%E8%8F%8C%E8%8F%8C%E4%B8%9A%E6%9C%89%E9%99%90%E5%85%AC%E5%8F%B8/54369011
35,北京市,怀柔区,怀柔区杨宋镇梭草村,渔,鲟鱼,梭草鲟鱼,
36,北京市,平谷区,平谷区大兴庄镇西柏店村,花,菊花,柏店二仙食用菊花,
37,北京市,平谷区,平谷区马昌营镇王各庄村,蔬,蔬菜,诺亚有机蔬菜,
38,北京市,平谷区,平谷区南独乐河镇北寨村,果,杏,北寨红杏,
39,北京市,平谷区,平谷区夏各庄镇杨各庄村,蔬,西红柿,元昇西红柿,
40,北京市,平谷区,平谷区峪口镇西凡各庄村,畜,蛋鸡,正大蛋鸡,
41,北京市,平谷区,平谷区镇罗营镇,果,蜜梨,乐逍遥蜜梨,
42,北京市,平谷区,平谷区刘家店镇,果,桃,大桃,
43,北京市,密云区,密云区河南寨镇套里村,蔬,番茄,村里头番茄,
44,北京市,密云区,密云区穆家峪镇庄头峪村,果,梨,红香酥梨,
45,北京市,密云区,密云区太师屯镇太师庄村,蔬,蔬菜,太师庄设施蔬菜,
46,北京市,密云区,密云区溪翁庄镇金叵罗村,粮,小米,金叵罗小米,
47,北京市,密云区,密云区新城子镇蔡家甸村,果,苹果,云岫苹果,
48,北京市,延庆区,延庆区沈家营镇河东村,果,葡萄,葡语农庄葡萄,
49,北京市,延庆区,延庆区香营乡新庄堡村,果,杏,鲜食杏,
50,北京市,延庆区,延庆区八达岭镇里炮村,果,苹果,苹果,
51,北京市,延庆区,延庆区旧县镇大柏老村,畜,牛乳,生鲜牛乳,
52,北京市,延庆区,延庆区康庄镇小丰营村,蔬,蔬菜,北菜园蔬菜,
53,北京市,延庆区,延庆区延庆镇唐家堡村,果,葡萄,金粟丰润葡萄,
54,北京市,延庆区,延庆区张山营镇前黑龙庙村,果,葡萄,前龙葡萄,
55,天津市,西青区,西青区辛口镇毕家村,蔬,冬瓜,沁美冬瓜,https://baike.baidu.com/item/%E6%AF%95%E5%AE%B6%E6%9D%91/9804564
56,天津市,西青区,西青区辛口镇小沙窝村,蔬,萝卜,萝卜,https://baike.baidu.com/item/%E6%AF%95%E5%AE%B6%E6%9D%91/9804564
57,天津市,北辰区,北辰区双口镇岔房子村,药,山药,岔房子山药,https://baike.baidu.com/item/%E6%AF%95%E5%AE%B6%E6%9D%91/9804564https://zhidao.baidu.com/question/1443013661810124539.html
58,天津市,北辰区,北辰区双口镇徐堡村,果,大枣,大枣,https://baike.baidu.com/item/%E5%BE%90%E5%A0%A1%E6%9D%91/24275475https://baike.baidu.com/item/%E5%BE%90%E5%A0%A1%E6%9D%91/24275475|https://baike.baidu.com/item/%E5%BE%90%E5%A0%A1%E6%9D%91/24275475
59,天津市,武清区,武清区白古屯镇东马房村,其他,豆制品,雍阳豆腐丝,https://baike.baidu.com/item/%E4%B8%9C%E9%A9%AC%E6%88%BF/65734286|https://baike.baidu.com/item/%E5%9F%8E%E5%85%B3%E8%B1%86%E8%85%90%E4%B8%9D/16024923|https://baike.baidu.com/item/%E4%B8%9C%E9%A9%AC%E6%88%BF/65734286
60,天津市,武清区,武清区汊沽港镇胡柳子村,果,葡萄,胡柳子葡萄,https://baike.baidu.com/item/%E5%9C%B0%E7%90%86%E6%A0%87%E5%BF%97%E4%BA%A7%E5%93%81%E8%83%A1%E6%9F%B3%E5%AD%90%E8%91%A1%E8%90%84/55653779|https://baike.baidu.com/item/%E5%9C%B0%E7%90%86%E6%A0%87%E5%BF%97%E4%BA%A7%E5%93%81%E8%83%A1%E6%9F%B3%E5%AD%90%E8%91%A1%E8%90%84/55653779
61,天津市,武清区,武清区汊沽港镇西肖庄村,粮,紫薯,西肖庄紫薯,https://baike.baidu.com/item/%E8%A5%BF%E8%82%96%E5%BA%84%E6%9D%91/24479209|https://baike.baidu.com/item/%E8%A5%BF%E8%82%96%E5%BA%84%E6%9D%91/24479209
62,天津市,武清区,武清区大良镇田水铺村,蔬,萝卜,小兔拔拔青萝卜,https://baike.baidu.com/item/%E7%94%B0%E6%B0%B4%E9%93%BA%E6%9D%91/132024|https://baike.baidu.com/item/%E5%B0%8F%E5%85%94%E6%8B%94%E6%8B%94?fromModule=lemma_search-box
63,天津市,武清区,武清区梅厂镇灰锅口村,果,葡萄,曙春葡萄,https://baike.baidu.com/item/%E7%81%B0%E9%94%85%E5%8F%A3%E6%9D%91/24313872
64,天津市,武清区,武清区大良镇后赶庄村,蔬,西红柿,西红柿,https://baike.baidu.com/item/%E5%90%8E%E8%B5%B6%E5%BA%84%E6%9D%91/24310905
65,天津市,宝坻区,宝坻区八门城镇欢喜庄村,粮,稻米,八门城稻米,https://baike.baidu.com/item/%E6%AC%A2%E5%96%9C%E5%BA%84%E6%9D%91/24329455
66,天津市,宝坻区,宝坻区大钟庄镇大米庄村,药,大蒜,一兰梓大蒜,https://baike.baidu.com/item/%E5%A4%A7%E7%B1%B3%E5%BA%84%E6%9D%91/24326199|https://baike.baidu.com/item/%E5%A4%A9%E6%B4%A5%E5%B8%82%E7%99%BE%E5%A7%93%E4%B8%80%E5%85%B0%E6%A2%93%E5%86%9C%E4%BD%9C%E7%89%A9%E7%A7%8D%E6%A4%8D%E4%B8%93%E4%B8%9A%E5%90%88%E4%BD%9C%E7%A4%BE/5860753|https://baike.baidu.com/item/%E5%A4%A7%E7%B1%B3%E5%BA%84%E6%9D%91/24326199
67,天津市,宝坻区,宝坻区大钟庄镇牛庄子村,其他,葫芦,葫芦,https://baike.baidu.com/item/%E5%A4%A7%E7%B1%B3%E5%BA%84%E6%9D%91/24326199
68,天津市,宝坻区,宝坻区方家庄镇北马营村,蔬,西红柿,绿野西红柿,https://baike.baidu.com/item/%E5%8C%97%E9%A9%AC%E8%90%A5%E6%9D%91/24326183
69,天津市,滨海新区,滨海新区太平镇崔庄村,果,冬枣,冬枣,https://baike.baidu.com/item/%E5%B4%94%E5%BA%84%E5%86%AC%E6%9E%A3/15613109|https://baike.baidu.com/item/%E5%B4%94%E5%BA%84/3948526
70,天津市,滨海新区,滨海新区杨家泊镇付庄村,渔,对虾,杨家泊对虾,https://baike.baidu.com/item/%E4%BB%98%E5%BA%84%E6%9D%91/59844871|https://baike.baidu.com/item/%E6%9D%A8%E5%AE%B6%E6%B3%8A%E5%AF%B9%E8%99%BE/10691686
71,天津市,宁河区,宁河区东棘坨镇艾林村,蔬,辣椒,辣椒,https://baike.baidu.com/item/%E8%89%BE%E6%9E%97%E6%9D%91/23727018
72,天津市,宁河区,宁河区廉庄子乡杨拨村,蔬,西红柿,骄杨西红柿,
73,天津市,宁河区,宁河区板桥镇赵学村,蔬,西红柿,赵学西红柿,https://baike.baidu.com/item/%E8%B5%B5%E5%AD%A6%E6%9D%91/24326200
74,天津市,宁河区,宁河区廉庄镇岳道口村,蔬,双孢菇,双孢菇,https://baike.baidu.com/item/%E8%B5%B5%E5%AD%A6%E6%9D%91/24326200
75,天津市,宁河区,宁河区潘庄镇齐心庄村,蔬,香菇,香菇,https://baike.baidu.com/item/%E9%BD%90%E5%BF%83%E5%BA%84%E6%9D%91/24329464
76,天津市,宁河区,宁河区岳龙镇小闫庄村,蔬,西红柿,龙闫西红柿,https://baike.baidu.com/item/%E5%B0%8F%E9%98%8E%E5%BA%84%E6%9D%91/62493194
77,天津市,静海区,静海区陈官屯镇西钓台村,蔬,蔬菜,绿冬蔬菜,https://baike.baidu.com/item/%E8%A5%BF%E9%92%93%E5%8F%B0%E6%9D%91/8869731
78,天津市,静海区,静海区台头镇义和村,果,西瓜,台头西瓜,https://baike.baidu.com/item/%E5%8F%B0%E5%A4%B4%E8%A5%BF%E7%93%9C/2641669|https://baike.baidu.com/item/%E4%B9%89%E5%92%8C%E6%9D%91/59844843
79,天津市,蓟州区,蓟州区出头岭镇中峪村,蔬,香菇,香菇,https://baike.baidu.com/item/%E4%B8%AD%E5%B3%AA%E6%9D%91/59848703
80,天津市,蓟州区,蓟州区官庄镇梁后庄村,果,红果,红果,https://baike.baidu.com/item/%E6%A2%81%E5%90%8E%E5%BA%84%E6%9D%91/24310906|https://baike.baidu.com/item/%E8%93%9F%E5%8E%BF%E7%BA%A2%E6%9E%9C/3306166
81,河北省,石家庄市,矿区贾庄镇天户峪村,果,苹果,昊源苹果,https://baike.baidu.com/item/%E5%A4%A9%E6%88%B7%E5%B3%AA%E6%9D%91/24326205
82,河北省,石家庄市,鹿泉区李村镇邓庄村,畜,中华鳖,康态中华鳖,https://baike.baidu.com/item/%E9%82%93%E5%BA%84%E6%9D%91/59872810
83,河北省,石家庄市,辛集市旧城镇杏园村,畜,鸭梨,杏园鸭梨,https://www.baidu.com/s?wd=%E8%BE%9B%E9%9B%86%E5%B8%82%E6%97%A7%E5%9F%8E%E9%95%87%E6%9D%8F%E5%9B%AD%E6%9D%91%20%E7%99%BE%E5%BA%A6%E7%99%BE%E7%A7%91|https://baike.baidu.com/item/%E6%9D%8F%E5%9B%AD%E6%9D%91/59848805
84,河北省,石家庄市,晋州市马于镇北辛庄村,果,鸭梨,鸭梨,https://baike.baidu.com/item/%E5%8C%97%E8%BE%9B%E5%BA%84%E6%9D%91/55577771
85,河北省,石家庄市,深泽县白庄乡孤庄村,药,半夏,半夏,https://baike.baidu.com/item/%E7%99%BD%E5%BA%84%E4%B9%A1/6517330#5-2
86,河北省,石家庄市,深泽县铁杆镇杜社村,果,葡萄,杜社紫玉葡萄,https://baike.baidu.com/item/%E7%99%BD%E5%BA%84%E4%B9%A1/6517330#5-2
87,河北省,石家庄市,平山县孟家庄镇元坊村,果,苹果,元坊牌苹果,https://baike.baidu.com/item/%E5%85%83%E5%9D%8A%E6%9D%91/13469
88,河北省,石家庄市,元氏县北正乡时家庄村,果,石榴,满山红石榴,https://baike.baidu.com/item/%E6%97%B6%E5%AE%B6%E5%BA%84%E6%9D%91/2032038
89,河北省,唐山市,曹妃甸区第七农场,渔,蟹,曹妃甸湿地蟹,https://baike.baidu.com/item/%E6%9B%B9%E5%A6%83%E7%94%B8%E5%8C%BA%E7%AC%AC%E4%B8%83%E5%86%9C%E5%9C%BA/8067528
90,河北省,唐山市,遵化市平安城镇,蔬,香菇,宝伞香菇,https://baike.baidu.com/item/%E5%B9%B3%E5%AE%89%E5%9F%8E%E9%95%87/8052083
91,河北省,唐山市,滦南县姚王庄镇,蔬,甘蓝,青河沿甘蓝,https://baike.baidu.com/item/%E5%A7%9A%E7%8E%8B%E5%BA%84%E9%95%87/4738009
92,河北省,唐山市,乐亭县胡家坨镇大黑坨村,蔬,瓜,黄瓜、甜瓜,https://baike.baidu.com/item/%E5%A4%A7%E9%BB%91%E5%9D%A8%E6%9D%91/22302896|https://baike.baidu.com/item/%E4%B9%90%E4%BA%AD%E7%94%9C%E7%93%9C/16842607
93,河北省,唐山市,乐亭县中堡镇,蔬,果菜,青健设施果菜,https://baike.baidu.com/item/%E4%B8%AD%E5%A0%A1%E9%95%87/24218702|https://baike.baidu.com/item/%E4%B9%90%E4%BA%AD%E5%8E%BF%E9%87%91%E7%94%B0%E6%9E%9C%E8%8F%9C%E6%9C%89%E9%99%90%E5%85%AC%E5%8F%B8/52226224?fr=aladdin
94,河北省,秦皇岛市,山海关区石河镇,果,樱桃,贡仙樱桃,https://baike.baidu.com/item/%E7%9F%B3%E6%B2%B3%E9%95%87/12585|https://baike.baidu.com/item/%E5%B1%B1%E6%B5%B7%E5%85%B3%E5%A4%A7%E6%A8%B1%E6%A1%83/61829450
95,河北省,秦皇岛市,北戴河区戴河镇北戴河村,蔬,蔬菜,集发蔬菜,https://baike.baidu.com/item/%E5%8C%97%E6%88%B4%E6%B2%B3%E6%9D%91/59875137|https://baike.baidu.com/item/%E7%A7%A6%E7%9A%87%E5%B2%9B%E5%B8%82%E5%8C%97%E6%88%B4%E6%B2%B3%E9%9B%86%E5%8F%91%E5%86%9C%E4%B8%9A%E7%BB%BC%E5%90%88%E5%BC%80%E5%8F%91%E8%82%A1%E4%BB%BD%E6%9C%89%E9%99%90%E5%85%AC%E5%8F%B8/21042053
96,河北省,秦皇岛市,抚宁区茶棚乡小黄金山村,蔬,番茄,茶棚番茄,
97,河北省,秦皇岛市,昌黎县城郊区郝宋庄村,果,草莓,一月一草莓,
98,河北省,秦皇岛市,卢龙县蛤泊乡鲍子沟村,果,葡萄,葡萄,
99,河北省,秦皇岛市,青龙满族自治县青龙镇大石门村,果,板栗,燕之龙板栗,https://baike.baidu.com/item/%E5%A4%A7%E7%9F%B3%E9%97%A8%E6%9D%91/59844930|https://baike.baidu.com/item/%E7%87%95%E9%BE%99/8188195
100,河北省,邯郸市,肥乡区辛安镇前白落堡村,蔬,圆葱,富乡圆葱,https://baike.baidu.com/item/%E5%89%8D%E7%99%BD%E8%90%BD%E5%A0%A1%E6%9D%91/24329469|https://baike.baidu.com/item/%E8%82%A5%E4%B9%A1%E5%9C%86%E8%91%B1/23216965
101,河北省,邯郸市,永年区广府镇后当头村,蔬,大蒜,永年大蒜,https://baike.baidu.com/item/%E5%90%8E%E5%BD%93%E5%A4%B4%E6%9D%91/24326202|https://baike.baidu.com/item/%E6%B0%B8%E5%B9%B4%E5%A4%A7%E8%92%9C/3051890
102,河北省,邯郸市,大名县孙甘店乡南石冲村,粮,花生,花生,https://baike.baidu.com/item/%E5%8D%97%E7%9F%B3%E5%86%B2%E6%9D%91/24310747
103,河北省,邯郸市,馆陶县柴堡镇东苏堡村,畜,鸡蛋,艾格兰鸡蛋,https://baike.baidu.com/item/%E4%B8%9C%E8%8B%8F%E5%A0%A1%E6%9D%91/24316161
104,河北省,邯郸市,魏县魏城镇董河下村,果,梨,魏县鸭梨,
105,河北省,邯郸市,曲周县曲周镇东牛屯村,蔬,蔬菜,三棵树时令鲜蔬,
106,河北省,邢台市,沙河市綦村镇西苏庄村,果,核桃,薄皮核桃,
107,河北省,邢台市,临城县郝庄镇,果,核桃,临城薄皮核桃,
108,河北省,邢台市,内丘县侯家庄乡岗底村,果,苹果,富岗苹果,
109,河北省,邢台市,隆尧县牛家桥乡梅庄村,果,苹果,隆红蜜牌苹果,
110,河北省,邢台市,宁晋县河渠镇褚家庄村,其他,工笔画,工笔画,
111,河北省,邢台市,巨鹿县观寨乡南哈口村,蔬,瓜菜,哈口瓜菜,
112,河北省,邢台市,威县洺州镇邱霍寨村,果,葡萄,威华葡萄,
113,河北省,保定市,满城区方顺桥镇,果,草莓,绿赛草莓,
114,河北省,保定市,清苑区北店乡牛庄村,蔬,蔬菜,绿龙蔬菜,
115,河北省,保定市,清苑区东闾乡南王庄村,果,西瓜,清蜜西瓜,
116,河北省,保定市,定州市大辛庄镇,花,苗木,苗木花卉,
117,河北省,保定市,唐县南店头乡葛堡村,畜,肉羊,肉羊,
118,河北省,保定市,蠡县大曲堤镇大曲堤村,蔬,麻山药,蠡县麻山药,
119,河北省,保定市,莲池区南大园乡窑上村,花,花卉,花卉,
120,河北省,张家口市,宣化区春光乡观后村,果,葡萄,宣化牛奶葡萄,
121,河北省,张家口市,万全区郭磊庄镇何家屯村,粮,玉米,禾久鲜食玉米,
122,河北省,张家口市,崇礼区西湾子镇上三道河村,蔬,彩椒,彩椒,
123,河北省,张家口市,尚义县七甲乡,蔬,蔬菜,七甲山时令鲜蔬,
124,河北省,张家口市,涿鹿县五堡镇杨窑村,果,葡萄,香花墚葡萄,
125,河北省,承德市,承德县新杖子乡,果,苹果、樱桃,国光苹果、大樱桃,
126,河北省,承德市,平泉市卧龙镇,蔬,香菇,平泉香菇,
127,河北省,承德市,滦平县付营子镇,蔬,黄瓜,滦绿黄瓜,
128,河北省,承德市,隆化县郭家屯镇小梁村,畜,肉牛,隆化肉牛,
129,河北省,承德市,宽城满族自治县化皮溜子镇西岔沟村,果,苹果,西富苹果,
130,河北省,承德市,围场满族蒙古族自治县新拨镇,蔬,胡萝卜,二道河子胡萝卜,
131,河北省,沧州市,泊头市王武庄镇金马驹村,果,梨,泊头鸭梨,
132,河北省,沧州市,沧县崔尔庄镇,果,枣,沧县金丝小枣,
133,河北省,沧州市,河间市龙华店镇兴隆店村,果,梨,梨,
134,河北省,沧州市,青县曹寺乡,蔬,蔬菜,和顺鑫大棚蔬菜,
135,河北省,沧州市,肃宁县万里镇,蔬,蔬菜,蔬菜,
136,河北省,沧州市,献县高官乡,果,枣,献王金丝小枣,
137,河北省,廊坊市,安次区落垡镇邢官营村,蔬,芹菜,园农丰芹菜,
138,河北省,廊坊市,霸州市南孟镇西粉营村,蔬,韭菜,绿玉田歌韭菜,
139,河北省,廊坊市,固安县牛驼镇前庞家务村,蔬,黄瓜,普春黄瓜,
140,河北省,廊坊市,固安县温泉园区南王起营村,花,花木,花木,
141,河北省,衡水市,桃城区邓庄镇,果,樱桃西红柿,樱桃西红柿,
142,河北省,衡水市,冀州区周村镇,蔬,辣椒,冀周辣椒,
143,河北省,衡水市,武邑县龙店乡龙店村,蔬,黄瓜,集民黄瓜,
144,河北省,衡水市,饶阳县大尹村镇,蔬,蔬菜,蔬菜,
145,河北省,衡水市,安平县马店镇,蔬,山药,圆隆白山药,
146,河北省,衡水市,故城县建国镇,蔬,韭菜,兴月韭菜,
147,河北省,衡水市,阜城县漫河乡,果,西瓜,漫河西瓜,
148,山西省,太原市,杏花岭区长沟村,其他,旅游,休闲观光农业,https://baike.baidu.com/item/%E9%95%BF%E6%B2%9F%E6%9D%91/9509018
149,山西省,太原市,小店区小店街办孙家寨村,蔬,蔬菜,并州绿蔬菜,https://baike.baidu.com/item/%E5%AD%99%E5%AE%B6%E5%AF%A8%E6%9D%91/59815259
150,山西省,太原市,晋源区北河下村,蔬,蔬菜,玉山时令鲜蔬,https://baike.baidu.com/item/%E5%8C%97%E6%B2%B3%E4%B8%8B%E6%9D%91/9635417
151,山西省,太原市,古交市邢家社乡龙子村,蔬,蔬菜,净苑蔬菜,https://baike.baidu.com/item/%E9%BE%99%E5%AD%90%E6%9D%91/37866
152,山西省,太原市,清徐县柳杜乡成子村,蔬,蔬菜,蔬菜,https://baike.baidu.com/item/%E6%88%90%E5%AD%90%E6%9D%91/4710634
153,山西省,太原市,清徐县清源镇平泉村,果,葡萄,清徐葡萄,https://baike.baidu.com/item/%E5%B9%B3%E6%B3%89%E6%9D%91/49547|https://baike.baidu.com/item/%E6%B8%85%E5%BE%90%E8%91%A1%E8%90%84/2239543
154,山西省,太原市,清徐县集义乡,蔬,蔬菜,蔬菜,https://baike.baidu.com/item/%E9%9B%86%E4%B9%89%E4%B9%A1/5711031
155,山西省,太原市,阳曲县高村乡北社村,粮,小米,阳曲小米,https://baike.baidu.com/item/%E5%8C%97%E7%A4%BE%E6%9D%91/9838541?fr=aladdin|https://baike.baidu.com/item/%E9%98%B3%E6%9B%B2%E5%B0%8F%E7%B1%B3/9860451
156,山西省,太原市,娄烦县马家庄乡大圣堂村,蔬,蔬菜,绿海蔬菜,https://baike.baidu.com/item/%E5%A4%A7%E5%9C%A3%E5%A0%82%E6%9D%91/10346888
157,山西省,大同市,阳高县东小村镇大嘴窑村,果,杏,大嘴夭杏,https://baike.baidu.com/item/%E5%A4%A7%E5%98%B4%E7%AA%91%E6%9D%91/2879147
158,山西省,大同市,浑源县千佛岭乡泽清岭村,药,黄芪,恒山黄芪,https://baike.baidu.com/item/%E6%B3%BD%E6%B8%85%E5%B2%AD%E6%9D%91/297961|https://baike.baidu.com/item/%E6%81%92%E5%B1%B1%E9%BB%84%E8%8A%AA/565168
159,山西省,大同市,左云县店湾镇范家寺村,蔬,蔬菜,西红柿、黄瓜,https://baike.baidu.com/item/%E8%8C%83%E5%AE%B6%E5%AF%BA%E6%9D%91/607563
160,山西省,阳泉市,郊区平坦镇桃林沟村,果,旅游,桃林沟生态旅游,https://baike.baidu.com/item/%E6%A1%83%E6%9E%97%E6%B2%9F%E6%9D%91/6844116|https://baike.baidu.com/item/%E6%A1%83%E6%9E%97%E6%B2%9F%E6%99%AF%E5%8C%BA/24410590
161,山西省,阳泉市,郊区西南舁乡北大西庄村,果,苹果,三舁苹果,https://baike.baidu.com/item/%E5%8C%97%E5%A4%A7%E8%A5%BF%E5%BA%84%E6%9D%91/24329473
162,山西省,阳泉市,平定县柏井镇里牌岭村,畜,鸡蛋,牌岭蛋鸡,https://baike.baidu.com/item/%E9%87%8C%E7%89%8C%E5%B2%AD%E6%9D%91/2971919?fr=aladdin
163,山西省,长治市,上党区八义镇南窑沟村,果,葡萄,酿酒葡萄,
164,山西省,长治市,上党区苏店镇东贾村,蔬,蔬菜,红运豪蔬菜,
165,山西省,长治市,上党区荫城镇荆圪道村,蔬,蔬菜,洁思蔬菜,
166,山西省,长治市,上党区振兴新区振兴村,其他,旅游,休闲农业,https://baike.baidu.com/item/%E6%8C%AF%E5%85%B4%E6%9D%91/8597323
167,山西省,长治市,壶关县店上镇长林村,蔬,西红柿,旱地西红柿,https://baike.baidu.com/item/%E9%95%BF%E6%9E%97%E6%9D%91/4878550
168,山西省,长治市,武乡县故城镇权店村,果,梅,权店梅,https://baijiahao.baidu.com/s?id=1839088724711028455&wfr=spider&for=pc|https://baike.baidu.com/item/%E6%9D%83%E5%BA%97%E6%9D%91/2110866
169,山西省,长治市,沁县定昌镇下曲峪村,粮,小米,沁州黄小米,https://baike.baidu.com/item/%E4%B8%8B%E6%9B%B2%E5%B3%AA%E6%9D%91/1903076|https://baike.baidu.com/item/%E6%B2%81%E5%B7%9E%E9%BB%84%E5%B0%8F%E7%B1%B3/2701845
170,山西省,长治市,沁源县韩洪乡旭河村,其他,粉条,旭河粉条、粉皮,https://baike.baidu.com/item/%E6%97%AD%E6%B2%B3%E6%9D%91/1275533
171,山西省,长治市,沁源县沁河镇南石村,花,槐花,沁盛香花槐,https://baike.baidu.com/item/%E5%8D%97%E7%9F%B3%E6%9D%91/23381071|https://baike.baidu.com/item/%E6%B2%81%E7%9B%9B%E9%A6%99%E8%8A%B1%E6%A7%90/1961564
172,山西省,晋城市,阳城县次营镇赛村,畜,蚕桑,阳城蚕桑,https://baike.baidu.com/item/%E8%B5%9B%E6%9D%91/7788820|https://baike.baidu.com/item/%E5%B1%B1%E8%A5%BF%E9%98%B3%E5%9F%8E%E8%9A%95%E6%A1%91%E6%96%87%E5%8C%96%E7%B3%BB%E7%BB%9F/59265962
173,山西省,晋城市,高平市河西镇仙井村,畜,生猪,凯永生猪,https://baike.baidu.com/item/%E4%BB%99%E4%BA%95%E6%9D%91/7331518#5|https://baike.baidu.com/item/%E4%B8%AD%E5%9B%BD%E5%86%9C%E4%B8%9A%E5%A4%A7%E5%AD%A6%E5%87%AF%E6%B0%B8%E7%94%9F%E7%8C%AA%E4%BA%A7%E4%B8%9A%E7%A0%94%E7%A9%B6%E9%99%A2/65814866?fr=aladdin
174,山西省,晋城市,陵川县夺火乡凤凰村,其他,旅游,乡村休闲,https://baike.baidu.com/item/%E5%87%A4%E5%87%B0%E6%9D%91/4745663
175,山西省,晋城市,泽州县周村镇下町村,畜,鸡蛋,钰山蛋鸡,https://baike.baidu.com/item/%E4%B8%8B%E7%94%BA%E6%9D%91/6361897
176,山西省,朔州市,应县金城镇龙泉村,蔬,胡萝卜,龙泉胡萝卜,https://baike.baidu.com/item/%E9%BE%99%E6%B3%89%E6%9D%91/4424981
177,山西省,朔州市,怀仁县亲和乡南小寨村,畜,羔羊,怀仁羔羊,https://baike.baidu.com/item/%E5%8D%97%E5%B0%8F%E5%AF%A8%E6%9D%91/161745|https://baike.baidu.com/item/%E5%8D%97%E5%B0%8F%E5%AF%A8%E6%9D%91/161745
178,山西省,晋中市,榆次区东阳镇,蔬,蔬菜,晋一串蔬菜,
179,山西省,晋中市,左权县拐儿镇寺坪村,果,核桃,左权绵核桃,
180,山西省,晋中市,太谷县小白乡东崖六村,果,红枣,兴谷红枣,
181,山西省,晋中市,祁县城赵镇里村,畜,肉牛,里村肉牛,
182,山西省,晋中市,祁县古县镇,果,酥梨,祁县酥梨,
183,山西省,晋中市,灵石县梁家焉乡泉则坪村,果,核桃,平泉核桃,
184,山西省,运城市,盐湖区泓芝驿镇王过村,果,酥梨,王过酥梨,
185,山西省,运城市,盐湖区三路里镇杨家门村,蔬,食用菌,冠之茹食用菌,
186,山西省,运城市,永济市张营乡常里村,果,苹果,常里红苹果,
187,山西省,运城市,临猗县临晋镇代村,果,石榴,临晋石榴,
188,山西省,运城市,临猗县庙上乡张庄村,果,冬枣,冬枣,
189,山西省,运城市,万荣县汉薛镇南景村,果,桃,景鸿万红宝桃,
190,山西省,运城市,万荣县贾村乡贾村,果,苹果,晋魁苹果,
191,山西省,运城市,稷山县稷峰镇加庄村,果,板枣,稷山板枣,
192,山西省,运城市,平陆县圣人涧镇槐下村,果,苹果,优质苹果,
193,山西省,忻州市,忻府区高城乡高城村,蔬,辣椒,高城红辣椒,
194,山西省,忻州市,忻府区兰村乡河习头村,果,酥梨,河习头酥梨,
195,山西省,忻州市,原平市东社镇,果,酥梨,同川酥梨,
196,山西省,忻州市,繁峙县繁城镇赵家庄村,果,杏,繁城大杏,
197,山西省,临汾市,尧都区贺家庄乡李家庄村,果,桃,卧源鲜桃,
198,山西省,临汾市,曲沃县史村镇西海村,蔬,蔬菜,磨盘岭蔬菜,
199,山西省,临汾市,翼城县隆化镇北捍村,果,苹果,舜都苹果,
200,山西省,临汾市,翼城县唐兴镇南官庄村,果,苹果,古房陵苹果,
201,山西省,临汾市,安泽县马壁乡刘村,药,中药材,中药材,
202,山西省,临汾市,吉县东城乡柏东村,果,苹果,吉县苹果,
203,山西省,临汾市,吉县中垛乡南坪村,果,苹果,壶口苹果,
204,山西省,临汾市,隰县城南乡留城村,果,酥梨,酥梨,
205,山西省,吕梁市,离石区信义镇严村,蔬,蔬菜,严村蔬菜,
206,山西省,吕梁市,孝义市大孝堡乡胜溪新村,蔬,蔬菜,绿盈蔬菜,
207,山西省,吕梁市,汾阳市杨家庄镇南偏城村,果,核桃,汾州核桃,
208,山西省,吕梁市,汾阳市峪道河镇下张家庄村,果,核桃,银丰核桃,
209,山西省,吕梁市,汾阳市栗家庄乡协和堡村,果,核桃,金薄丰核桃,
210,山西省,吕梁市,汾阳市杨家庄镇,果,核桃,汾州裕源核桃,
211,山西省,吕梁市,文水县孝义镇北武度村,蔬,蔬菜,裕丰蔬菜,
212,山西省,吕梁市,中阳县暖泉乡暖泉村,果,核桃,暖泉核桃,
213,山西省,吕梁市,中阳县暖泉镇王家庄村,果,核桃,核桃,
214,内蒙古自治区,呼和浩特市,赛罕区金河镇根堡村,蔬,油葫芦,绿联油葫芦,https://baike.baidu.com/item/%E6%A0%B9%E5%A0%A1%E6%9D%91/6864424
215,内蒙古自治区,包头市,固阳县下湿壕镇新尧坡村,粮,马铃薯,马铃薯,
216,内蒙古自治区,包头市,土默特右旗沟门镇西湾村,花,苗木,沟门苗木,
217,内蒙古自治区,包头市,土默特右旗美岱召镇沙图沟村,果,杏,沙图沟杏王,
218,内蒙古自治区,包头市,达尔罕茂明安联合旗石宝镇腮吾素村,粮,面粉,栗天喜石磨面粉,
219,内蒙古自治区,乌海市,海勃湾区千里山镇团结新村,蔬,蔬菜瓜果,蔬菜瓜果,
220,内蒙古自治区,赤峰市,元宝山区五家镇北台子村,畜,羊,二尾羊,
221,内蒙古自治区,赤峰市,松山区上官地镇,畜,生猪,生猪,
222,内蒙古自治区,赤峰市,林西县新城子镇七合堂村,果,野果,九佛山内蒙野果,
223,内蒙古自治区,赤峰市,巴林左旗十三敖包镇房身村,其他,笤帚,东傲笤帚,
224,内蒙古自治区,赤峰市,克什克腾旗浩来呼热苏木,畜,肉羊,昭乌达肉羊,
225,内蒙古自治区,赤峰市,喀喇沁旗牛家营子镇牛家营子村,药,中药材,中药材,
226,内蒙古自治区,通辽市,科尔沁区丰田镇万家屯村,蔬,木耳,科耳黑木耳,
227,内蒙古自治区,通辽市,科尔沁区育新镇小三合兴村,蔬,圆葱,溪水圆葱,
228,内蒙古自治区,通辽市,开鲁县东风镇道德村,蔬,辣椒,三鲁辣椒,
229,内蒙古自治区,通辽市,开鲁县东风镇,蔬,辣椒,红干椒,
230,内蒙古自治区,鄂尔多斯市,达拉特旗树林召镇林原村,蔬,蔬菜,保善堂蔬菜,
231,内蒙古自治区,鄂尔多斯市,鄂托克前旗城川镇黄海子村,蔬,辣椒,宥州辣椒,
232,内蒙古自治区,鄂尔多斯市,乌审旗嘎鲁图镇布寨嘎查,畜,细毛羊,鄂尔多斯细毛羊,
233,内蒙古自治区,呼伦贝尔市,阿荣旗查巴奇乡猎民村,畜,奶牛,奶牛,
234,内蒙古自治区,呼伦贝尔市,阿荣旗向阳峪镇松塔沟村,畜,柞蚕,松雪柞蚕养殖,
235,内蒙古自治区,呼伦贝尔市,莫力达瓦达斡尔族自治旗尼尔基镇兴隆泉村,果,菇娘,菇娘,
236,内蒙古自治区,呼伦贝尔市,鄂温克族自治旗巴彦塔拉达斡尔民族乡伊兰嘎查,畜,牛肉干,达瓦苏荣牛肉干,
237,内蒙古自治区,巴彦淖尔市,临河区八一乡联丰村,果,甜瓜,优质甜瓜,
238,内蒙古自治区,巴彦淖尔市,临河区新华镇新丰村,蔬,韭菜,九叶青韭菜,
239,内蒙古自治区,巴彦淖尔市,五原县胜丰镇新红村,果,香瓜,灯笼红香瓜,
240,内蒙古自治区,巴彦淖尔市,磴口县隆盛合镇新地村,果,甜瓜,甜瓜,
241,内蒙古自治区,巴彦淖尔市,乌拉特前旗先锋镇,果,枸杞,富煌枸杞,
242,内蒙古自治区,巴彦淖尔市,杭锦后旗陕坝镇中南渠村,蔬,瓜菜,瓜菜,
243,内蒙古自治区,乌兰察布市,丰镇市巨宝庄镇巨宝庄村,果,樱桃,丰露樱桃,
244,内蒙古自治区,乌兰察布市,商都县小海子镇向阳村,蔬,芹菜,水漩绿韵芹菜,
245,内蒙古自治区,乌兰察布市,兴和县大库联乡边家村,粮,马铃薯,马铃薯,
246,内蒙古自治区,乌兰察布市,察哈尔右翼前旗巴音塔拉镇水泉村,蔬,黄瓜,黄瓜,
247,内蒙古自治区,乌兰察布市,察哈尔右翼中旗乌素图镇,蔬,红萝卜,红萝卜,
248,内蒙古自治区,乌兰察布市,察哈尔右翼后旗乌兰哈达苏木七倾地村,粮,马铃薯,后旗红马铃薯,
249,内蒙古自治区,乌兰察布市,四子王旗大黑河乡土格木村,粮,马铃薯,太平庄马铃薯,https://baike.baidu.com/item/%E5%9C%9F%E6%A0%BC%E6%9C%A8%E6%9D%91/24326226
250,内蒙古自治区,兴安盟,乌兰浩特市乌兰哈达镇三合村,粮,水稻,草原三河有机水稻,https://baike.baidu.com/item/%E4%B8%89%E5%90%88%E6%9D%91/56511147
251,内蒙古自治区,兴安盟,乌兰浩特市义勒力特镇黄家店嘎查,粮,大米,义勒力特大米,
252,内蒙古自治区,兴安盟,乌兰浩特市义勒力特镇义勒力特嘎查,果,水果,义镇水果,https://baike.baidu.com/item/%E4%B9%89%E5%8B%92%E5%8A%9B%E7%89%B9%E5%98%8E%E6%9F%A5/22215440
253,内蒙古自治区,兴安盟,突泉县突泉镇大营子村,蔬,紫皮蒜,溪柳紫皮蒜,https://baike.baidu.com/item/%E5%A4%A7%E8%90%A5%E5%AD%90%E6%9D%91/59849237|https://baike.baidu.com/item/%E6%BA%AA%E6%9F%B3%E7%B4%AB%E7%9A%AE%E8%92%9C/54147285
254,内蒙古自治区,兴安盟,科尔沁右翼前旗巴拉格歹乡哈拉黑村,粮,大米,哈拉黑大米,
255,内蒙古自治区,兴安盟,扎赉特旗好力保镇水田村,粮,大米,绰尔蒙珠大米,https://baike.baidu.com/item/%E5%A5%BD%E5%8A%9B%E4%BF%9D%E9%95%87/22596741?fr=aladdin|https://baike.baidu.com/item/%E6%89%8E%E8%B5%89%E7%89%B9%E6%97%97%E7%BB%B0%E5%8B%92%E9%93%B6%E7%8F%A0%E7%B1%B3%E4%B8%9A%E6%9C%89%E9%99%90%E5%85%AC%E5%8F%B8/5987034?fr=aladdin
256,内蒙古自治区,锡林郭勒盟,东乌珠穆沁旗满都宝力格镇巴彦布日德嘎查村,畜,羊,乌珠穆沁羊,https://baike.baidu.com/item/%E5%B7%B4%E5%BD%A6%E5%B8%83%E6%97%A5%E5%BE%B7%E5%98%8E%E6%9F%A5%E6%9D%91/59873073|https://baike.baidu.com/item/%E4%B9%8C%E7%8F%A0%E7%A9%86%E6%B2%81%E7%BE%8A/4878931
257,内蒙古自治区,锡林郭勒盟,太仆寺旗骆驼山镇榆树洼村,粮,马铃薯,马铃薯,https://baike.baidu.com/item/%E6%A6%86%E6%A0%91%E6%B4%BC%E6%9D%91/59849226
258,内蒙古自治区,锡林郭勒盟,太仆寺旗千斤沟镇西山坡村,蔬,大白菜,黑土洼大白菜,
259,内蒙古自治区,阿拉善盟,阿拉善左旗巴彦浩特镇巴彦霍德嘎查,蔬,蔬菜,温棚蔬菜,https://baike.baidu.com/item/%E5%B7%B4%E5%BD%A6%E9%9C%8D%E5%BE%B7%E5%98%8E%E6%9F%A5/55835396
260,内蒙古自治区,阿拉善盟,阿拉善右旗阿拉腾敖包镇查干努如嘎查,畜,骆驼,塔木素骆驼,https://baike.baidu.com/item/%E6%9F%A5%E5%B9%B2%E5%8A%AA%E5%A6%82%E5%98%8E%E6%9F%A5/56615152
261,内蒙古自治区,阿拉善盟,额济纳旗巴彦陶来苏木镇推日木音陶来嘎查村,果,蜜瓜,居延蜜瓜,
262,内蒙古自治区,阿拉善盟,额济纳旗东风镇额很查干嘎查,粮,棉花,漠洲棉花,
263,辽宁省,沈阳市,辽中区养士堡镇养前村,蔬,棚菜,棚菜,
264,辽宁省,沈阳市,法库县登仕堡子镇,果,树莓,树莓,
265,辽宁省,沈阳市,新民市大民屯镇方巾牛村,蔬,蔬菜,辽绿蔬菜,
266,辽宁省,鞍山市,海城市接文镇三家堡村,蔬,食用菌,亿康良菌,
267,辽宁省,鞍山市,岫岩满族自治县牧牛镇益临村,蔬,香菇,香菇,https://baike.baidu.com/item/%E7%9B%8A%E4%B8%B4%E6%9D%91/6668942
268,辽宁省,本溪市,桓仁满族自治县五里甸子镇老黑山村,果,榛子,平欧大榛子,https://baike.baidu.com/item/%E8%80%81%E9%BB%91%E5%B1%B1%E6%9D%91/24291176|https://baike.baidu.com/item/%E5%B9%B3%E6%AC%A7%E5%A4%A7%E6%9E%9C%E6%A6%9B%E5%AD%90/526405#2
269,辽宁省,本溪市,桓仁满族自治县五里甸子镇桦树甸子村,药,五味子,五味子,https://baike.baidu.com/item/%E6%A1%A6%E6%A0%91%E7%94%B8%E5%AD%90%E6%9D%91/2654829#7
270,辽宁省,本溪市,桓仁满族自治县桓仁镇四河村,粮,稻米,桓仁稻米,https://baike.baidu.com/item/%E5%9B%9B%E6%B2%B3%E6%9D%91/36605|https://baike.baidu.com/item/%E6%A1%93%E4%BB%81%E5%A4%A7%E7%B1%B3/1771138
271,辽宁省,本溪市,桓仁满族自治县北甸子乡,果,冰葡萄,冰葡萄,https://baike.baidu.com/item/%E5%8C%97%E7%94%B8%E5%AD%90%E4%B9%A1/6668316#5
272,辽宁省,丹东市,振安区太平湾街道望江村,果,桃,太平湾燕红桃,https://baike.baidu.com/item/%E6%9C%9B%E6%B1%9F%E6%9D%91/59873106|https://baike.baidu.com/item/%E7%87%95%E7%BA%A2%E6%A1%83/4605275
273,辽宁省,丹东市,东港市椅圈镇夏家村,果,草莓,草莓,https://baike.baidu.com/item/%E5%A4%8F%E5%AE%B6%E6%9D%91/10920294
274,辽宁省,丹东市,宽甸满族自治县振江镇,药,人参,石柱参,https://baike.baidu.com/item/%E6%8C%AF%E6%B1%9F%E9%95%87/2800439|https://baike.baidu.com/item/%E6%9F%B1%E5%8F%82/9380233
275,辽宁省,锦州市,北镇市中安镇,蔬,蔬菜,蔬菜,https://baike.baidu.com/item/%E4%B8%AD%E5%AE%89%E9%95%87/12761
276,辽宁省,营口市,盖州市二台乡石棚山村,果,苹果,红富士苹果,https://baike.baidu.com/item/%E7%9F%B3%E6%A3%9A%E5%B1%B1%E6%9D%91/24479058
277,辽宁省,营口市,盖州市九寨镇,果,油桃,油桃,https://baike.baidu.com/item/%E4%B9%9D%E5%AF%A8%E9%95%87/109448|https://baike.baidu.com/item/%E7%9B%96%E5%B7%9E%E6%A1%83/23606814
278,辽宁省,营口市,鲅鱼圈区红旗镇胜台村,果,葡萄,葡萄,
279,辽宁省,阜新市,阜新蒙古族自治县伊吗图镇,蔬,蔬菜,设施农业、柿子、茄子,
280,辽宁省,辽阳市,文圣区东京陵街道高营墙村,果,草莓,草莓,
281,辽宁省,辽阳市,灯塔市柳条寨镇大新庄,果,葡萄,辽峰葡萄,
282,辽宁省,辽阳市,灯塔市西马峰镇,蔬,蔬菜,青椒、西红柿,
283,辽宁省,辽阳市,辽阳县黄泥洼镇西岔子村,蔬,大白菜,大白菜,
284,辽宁省,辽阳市,辽阳县黄泥洼镇,蔬,茄子,茄子,
285,辽宁省,辽阳市,辽阳县刘二堡镇前杜村,果,草莓,草莓,
286,辽宁省,盘锦市,大洼区清水镇,畜,鸭,大清肉鸭,
287,辽宁省,盘锦市,盘山县胡家镇,渔,河蟹,胡家河蟹,
288,辽宁省,铁岭市,铁岭县李千户镇马侍郎桥村,果,榛子,马侍郎贡榛,
289,辽宁省,铁岭市,铁岭县李千户镇,果,榛子,铁岭榛子,
290,辽宁省,铁岭市,开原市靠山镇,花,苗木,苗木花卉,
291,辽宁省,铁岭市,昌图县平安堡镇十里村,蔬,胡萝卜,胡萝卜,
292,辽宁省,朝阳市,凌源市宋杖子镇范杖子村,蔬,甜椒,凌馨甜椒,
293,辽宁省,朝阳市,凌源市刘杖子镇,果,葡萄,溜圆葡萄,
294,辽宁省,朝阳市,建平县朱碌科镇,粮,小米,朝阳小米,
295,辽宁省,葫芦岛市,连山区塔山乡西堡村,果,苹果,国光苹果,
296,辽宁省,葫芦岛市,绥中县大王庙镇水泉沟村,果,梨,绥中白梨,
297,辽宁省,葫芦岛市,绥中县高岭镇老爷庙村,蔬,萝卜,大根萝卜,
298,辽宁省,葫芦岛市,绥中县西甸子镇杨家村,果,苹果,瑞州苹果,
299,辽宁省,大连市,旅顺口区双岛湾街道胡家村,果,樱桃,大樱桃,
300,辽宁省,大连市,旅顺口区双岛湾街道曲家村,果,洋梨,双岛湾洋梨,
301,辽宁省,大连市,旅顺口区双岛湾街道张家村,果,苹果,美鹳苹果,
302,辽宁省,大连市,旅顺口区铁山街道对庄沟村,果,樱桃,仙缘甜樱桃,
303,辽宁省,大连市,金普新区大魏家街道荞麦山村,果,樱桃,大樱桃,
304,辽宁省,大连市,普兰店区安波街道米屯村,蔬,番茄,安波米屯番茄,
305,辽宁省,大连市,普兰店区墨盘街道中山村,粮,花生,墨盘花生,
306,辽宁省,大连市,金普新区炮台街道大冯村,果,樱桃,红彤大樱桃,
307,辽宁省,大连市,普兰店区四平街道费屯村,果,草莓,草莓,
308,辽宁省,大连市,普兰店区铁西街道玉皇庙社区,蔬,黄瓜,玉皇庙黄瓜,
309,辽宁省,大连市,普兰店区同益街道张家村,果,苹果,高诚山苹果,
310,辽宁省,大连市,瓦房店市复州城镇八里村,果,油桃,绿福油桃,
311,辽宁省,大连市,瓦房店市驼山乡大魏村,果,苹果,驼山苹果,
312,辽宁省,大连市,瓦房店市许屯镇东马屯村,果,苹果,苹果,
313,辽宁省,大连市,瓦房店市赵屯乡高速村,果,苹果,锦宝苹果,
314,辽宁省,大连市,瓦房店市赵屯乡前进村,果,苹果,九道河苹果,
315,辽宁省,大连市,庄河市城山镇吉庆村,果,草莓,庄禾城山草莓,
316,辽宁省,大连市,庄河市大营镇四家村,果,蓝莓,蓝仙子蓝莓,
317,辽宁省,大连市,庄河市大郑镇葛炉村,蔬,蔬菜,田祖有机蔬菜,
318,辽宁省,大连市,庄河市光明山镇小营村,果,草莓,小营村草莓,
319,辽宁省,大连市,庄河市光明山镇,果,草莓,光明山草莓,
320,辽宁省,大连市,庄河市太平岭乡歇马村,果,杏,歇马杏,
321,吉林省,长春市,双阳区齐家镇曙光村,粮,大米,卧龙泉大米,
322,吉林省,长春市,双阳区鹿乡镇,畜,梅花鹿,梅花鹿,
323,吉林省,长春市,九台区东湖镇黑林村,蔬,蔬菜,棚室蔬菜,
324,吉林省,长春市,九台区纪家镇腰房村,粮,马铃薯,玖玖华彩马铃薯,
325,吉林省,长春市,九台区波泥河镇,花,苗木,波泥河苗木花卉,
326,吉林省,长春市,榆树市八号镇北沟村,蔬,蔬菜,棚膜蔬菜,
327,吉林省,长春市,榆树市于家镇三道村,粮,稻米,蓝河坝稻米,
328,吉林省,长春市,农安县靠山镇卧牛石村,粮,小米,红石砬小米,
329,吉林省,吉林市,蛟河市黄松甸镇,蔬,黑木耳,黄松甸黑木耳,
330,吉林省,吉林市,桦甸市二道甸子镇新风村,畜,黄牛,桦牛黄牛,
331,吉林省,吉林市,磐石市取柴河镇王家村,蔬,滑子蘑,山姑娘滑子蘑,
332,吉林省,吉林市,永吉县西阳镇马鞍山村,果,葡萄,罗圈沟葡萄,
333,吉林省,四平市,公主岭市怀德镇范家窑村,蔬,豆角,豆角,
334,吉林省,四平市,公主岭市响水镇湾龙村,蔬,蔬菜,响水湾龙蔬菜,
335,吉林省,四平市,双辽市红旗街道办事处,粮,花生,花生,
336,吉林省,四平市,梨树县喇嘛甸镇王家园子村,蔬,蔬菜,王家园子棚膜蔬菜,https://baike.baidu.com/item/%E7%8E%8B%E5%AE%B6%E5%9B%AD%E5%AD%90/60162715
337,吉林省,四平市,梨树县梨树镇高家村,蔬,蔬菜,棚膜蔬菜,https://baike.baidu.com/item/%E9%AB%98%E5%AE%B6%E6%9D%91/58498331
338,吉林省,四平市,梨树县小城子镇爱德村,畜,肉牛,晧月肉牛,https://baike.baidu.com/item/%E9%AB%98%E5%AE%B6%E6%9D%91/58498331|https://baike.baidu.com/item/%E9%AB%98%E5%AE%B6%E6%9D%91/58498331
339,吉林省,辽源市,东丰县东丰镇太和村,果,甜瓜,鹿乡太和甜瓜,https://baike.baidu.com/item/%E5%A4%AA%E5%92%8C%E6%9D%91/24147212|https://baike.baidu.com/item/%E5%A4%AA%E5%92%8C%E7%94%9C%E7%93%9C%E5%90%88%E4%BD%9C%E7%A4%BE/67420353
340,吉林省,辽源市,东丰县小四平镇古年村,果,苹果,鹿乡金红苹果,
341,吉林省,辽源市,东辽县安石镇朝阳村,粮,稻米,鴜鹭蟹稻米,https://baike.baidu.com/item/%E6%9C%9D%E9%98%B3%E6%9D%91/23643099
342,吉林省,辽源市,东辽县白泉镇永清村,花,酱腌菜,花市酱腌菜,
343,吉林省,辽源市,东辽县辽河源镇公平朝鲜族村,粮,大米,源头御大米,https://baike.baidu.com/item/%E5%85%AC%E5%B9%B3%E6%9C%9D%E9%B2%9C%E6%97%8F%E6%9D%91/24326227|https://baike.baidu.com/item/%E6%BA%90%E5%A4%B4%E5%BE%A1%E7%B1%B3/3780958
344,吉林省,辽源市,东辽县凌云乡凌镇村,粮,大米,有机大米,
345,吉林省,通化市,梅河口市双兴镇德庆村,蔬,黑木耳,原森黑木耳,https://baike.baidu.com/item/%E5%BE%B7%E5%BA%86%E6%9D%91/59879193
346,吉林省,通化市,通化县大泉源乡新设村,蔬,食用菌,棚膜食用菌、香菇,
347,吉林省,通化市,通化县光华镇光华村,果,蓝莓,禾韵蓝莓,https://baike.baidu.com/item/%E5%85%89%E5%8D%8E%E6%9D%91/59879174|https://baike.baidu.com/item/%E9%80%9A%E5%8C%96%E7%A6%BE%E9%9F%B5%E7%8E%B0%E4%BB%A3%E5%86%9C%E4%B8%9A%E8%82%A1%E4%BB%BD%E6%9C%89%E9%99%90%E5%85%AC%E5%8F%B8/51306215|https://baike.baidu.com/item/%E9%80%9A%E5%8C%96%E8%93%9D%E8%8E%93/24496703
348,吉林省,通化市,通化县三棵榆树镇沿江村,果,甜瓜,沈兆仁甜香瓜,https://baike.baidu.com/item/%E6%B2%BF%E6%B1%9F%E6%9D%91/59849382
349,吉林省,通化市,辉南县庆阳镇西顺堡村,其他,黄烟,西顺晒黄烟,
350,吉林省,通化市,柳河县姜家店乡五星村,粮,大米,姜家店大米,https://baike.baidu.com/item/%E5%A7%9C%E5%AE%B6%E5%BA%97%E5%A4%A7%E7%B1%B3/8620380|https://baike.baidu.com/item/%E4%BA%94%E6%98%9F%E6%9D%91/59849427
351,吉林省,通化市,柳河县姜家店乡三合村,粮,稻米,有机稻米,
352,吉林省,白山市,临江市大栗子街道望江村,果,葡萄,望江无核蜜汁葡萄,
353,吉林省,白山市,抚松县仙人桥镇黄家崴子村,蔬,蔬菜,黄家崴子蔬菜,
354,吉林省,白山市,抚松县北岗镇,药,人参,淑正人参,
355,吉林省,白山市,抚松县万良镇,药,人参,人参,
356,吉林省,白山市,抚松县新屯子镇,药,人参,广茂源人参,
357,吉林省,白山市,抚松县兴参镇,药,人参,辰讴人参,
358,吉林省,白城市,洮北区平台镇红塔村,蔬,韭菜,雪寒韭菜,
359,吉林省,白城市,洮南市万宝镇西太平村,粮,小米,敖牛山有机小米,
360,吉林省,白城市,洮南市福顺镇,蔬,辣椒,福茂红干椒,
361,吉林省,白城市,大安市安广镇永庆村,果,西甜瓜,东北沙包地西甜瓜,
362,吉林省,白城市,大安市两家子镇同权村,其他,笤帚,笤帚,
363,吉林省,延边州,敦化市江源镇马五店村,药,贝母,贝母,
364,吉林省,延边州,珲春市马川子乡河南村,粮,水稻,川香乐有机水稻,
365,吉林省,延边州,龙井市老头沟镇宝兴村,果,苹果梨,龙兴宝苹果梨,
366,吉林省,延边州,和龙市八家子镇河南村,蔬,蔬菜,八家子蔬菜,
367,吉林省,延边州,汪清县天桥岭青钩子村,蔬,黑木耳,山里友黑木耳,
368,吉林省,延边州,汪清县天桥岭镇,蔬,黑木耳,黑木耳,
369,吉林省,延边州,安图县明月镇福林村,蔬,山野菜,山野菜,
370,黑龙江省,哈尔滨市,道外区民主镇胜利村,其他,旅游,湿地旅游,
371,黑龙江省,哈尔滨市,呼兰区大用镇沈八村,粮,杂粮,禾下土杂粮,
372,黑龙江省,哈尔滨市,呼兰区双井街道新兴村,蔬,韭菜,呼兰韭菜,https://baike.baidu.com/item/%E6%96%B0%E5%85%B4%E6%9D%91/9539753?fr=aladdin|https://baike.baidu.com/item/%E5%91%BC%E5%85%B0%E9%9F%AD%E8%8F%9C/2044231
373,黑龙江省,哈尔滨市,双城区永治街道办事处,蔬,蔬菜,设施蔬菜,https://baike.baidu.com/item/%E6%B0%B8%E6%B2%BB%E8%A1%97%E9%81%93/57170215
374,黑龙江省,哈尔滨市,五常市拉林满族镇太平村,蔬,白菜,白菜,https://baike.baidu.com/item/%E5%A4%AA%E5%B9%B3%E6%9D%91/55658550
375,黑龙江省,哈尔滨市,巴彦县丰乐乡春生村,畜,狐貉獭兔,狐貉獭兔,
376,黑龙江省,齐齐哈尔市,建华区高峰村,蔬,大葱,大葱,https://baike.baidu.com/item/%E9%AB%98%E5%B3%B0%E6%9D%91/62983172
377,黑龙江省,齐齐哈尔市,建华区曙光村,蔬,蔬菜,曙光红丁蔬菜,https://baike.baidu.com/item/%E6%9B%99%E5%85%89%E6%9D%91/59849917
378,黑龙江省,齐齐哈尔市,昂昂溪区榆树屯镇大五福玛村,蔬,韭菜,大五福玛韭菜,
379,黑龙江省,齐齐哈尔市,富拉尔基区长青乡永前村,蔬,蔬菜,棚室蔬菜,https://baike.baidu.com/item/%E6%B0%B8%E5%89%8D%E6%9D%91/55676887
380,黑龙江省,齐齐哈尔市,梅里斯达斡尔族区梅里斯镇大八旗村,蔬,洋葱,洋葱,https://baike.baidu.com/item/%E5%A4%A7%E5%85%AB%E6%97%97%E6%9D%91/24239452|https://baike.baidu.com/item/%E6%A2%85%E9%87%8C%E6%96%AF%E5%85%83%E8%91%B1/1372007
381,黑龙江省,齐齐哈尔市,梅里斯达斡尔族区梅里斯镇荣胜村,果,甜瓜,杜家窑甜瓜,https://baike.baidu.com/item/%E8%8D%A3%E8%83%9C%E6%9D%91/59873249
382,黑龙江省,齐齐哈尔市,甘南县兴十四镇兴十四村,果,西瓜,兴十四村西瓜,https://baike.baidu.com/item/%E5%85%B4%E5%8D%81%E5%9B%9B%E6%9D%91/5683053
383,黑龙江省,齐齐哈尔市,克山县双河镇中心村,粮,马铃薯,克山马铃薯,https://baike.baidu.com/item/%E4%B8%AD%E5%BF%83%E6%9D%91/59879281?fr=aladdin|https://www.baidu.com/s?wd=%E5%85%8B%E5%B1%B1%E9%A9%AC%E9%93%83%E8%96%AF%20%E7%99%BE%E5%BA%A6%E7%99%BE%E7%A7%91
384,黑龙江省,齐齐哈尔市,拜泉县大众乡长征村,果,香瓜,香瓜,
385,黑龙江省,鸡西市,滴道区滴道河乡王家村,蔬,番茄,宏滴番茄,
386,黑龙江省,鸡西市,滴道区兰岭乡新立村,蔬,韭菜,新立韭菜,
387,黑龙江省,双鸭山市,宝清县夹信子镇夹信子村,蔬,毛葱,饶力河毛葱,
388,黑龙江省,双鸭山市,饶河县饶河镇饶河村,蔬,甘蓝,团山子甘蓝,
389,黑龙江省,大庆市,大同区大同镇一村,蔬,果蔬,大棚果蔬,
390,黑龙江省,伊春市,五营区,果,蓝莓,蓝莓,
391,黑龙江省,伊春市,铁力市双丰镇朝阳村,粮,水稻,九河泉绿色水稻,
392,黑龙江省,伊春市,嘉荫县青山乡,蔬,黑木耳,青河山黑木耳,
393,黑龙江省,佳木斯市,郊区长青乡万兴村,蔬,番茄,番茄,
394,黑龙江省,佳木斯市,桦南县大八浪乡新村,果,山葡萄,新村山葡萄,
395,黑龙江省,佳木斯市,桦南县驼腰子镇新合村,药,紫苏,桦南仙紫紫苏,
396,黑龙江省,七台河市,勃利县勃利镇蔬菜村,果,葡萄,勃利葡萄,
397,黑龙江省,七台河市,勃利县抢垦乡吉祥村,蔬,小毛葱,小毛葱,
398,黑龙江省,牡丹江市,阳明区庆丰村,粮,杂粮,杂粮,
399,黑龙江省,牡丹江市,阳明区铁岭镇四道村,粮,大米,四道村大米,
400,黑龙江省,牡丹江市,海林市海林镇模范村,蔬,猴头菇,威虎山猴头菇,
401,黑龙江省,牡丹江市,宁安市兰岗镇永政村,果,西瓜,兰岗西瓜,
402,黑龙江省,牡丹江市,穆棱市兴源镇红盛村,蔬,白瓜,红盛白瓜,
403,黑龙江省,牡丹江市,东宁市大肚川镇北河沿村,蔬,黑木耳,黑木耳,
404,黑龙江省,牡丹江市,东宁市道河镇土城子村,蔬,黑木耳,东宁黑木耳,
405,黑龙江省,牡丹江市,东宁市绥阳镇,蔬,黑木耳,绥阳耳黑木耳,
406,黑龙江省,牡丹江市,林口县龙爪镇红林村,果,莓,红林之莓,
407,黑龙江省,黑河市,北安市通北镇通北村,蔬,黄瓜,通肯河黄瓜,
408,黑龙江省,绥化市,海伦市前进乡胜利村,蔬,毛葱,兔耳红毛葱,
409,黑龙江省,大兴安岭地区,加格达奇白桦乡白华村,果,吊瓜,白桦吊瓜,
410,上海市,嘉定区工业区,嘉定区工业区灯塔村,果,草莓,农灯草莓,https://baike.baidu.com/item/%E7%81%AF%E5%A1%94%E6%9D%91/4014604|https://baike.baidu.com/item/%E8%8E%93%E4%B8%BD%E4%B9%90%E5%9B%AD/67538680
411,上海市,嘉定区工业区,嘉定区马陆镇,果,葡萄,葡萄,https://baike.baidu.com/item/%E9%A9%AC%E9%99%86%E9%95%87/1170574
412,上海市,浦东新区,浦东新区大团镇多利农庄,蔬,有机绿叶菜,多利农庄有机绿叶菜,https://baike.baidu.com/item/%E5%A4%9A%E5%88%A9%E5%86%9C%E5%BA%84/6008536
413,上海市,浦东新区,浦东新区大团镇赵桥村,果,水蜜桃,水蜜桃,https://baike.baidu.com/item/%E8%B5%B5%E6%A1%A5%E6%9D%91/7459834?fr=aladdin
414,上海市,浦东新区,浦东新区泥城镇马厂村,蔬,青扁豆,红刚青扁豆,https://baike.baidu.com/item/%E9%A9%AC%E5%8E%82/23341207|https://baike.baidu.com/item/%E5%BD%AD%E9%95%87%E9%9D%92%E6%89%81%E8%B1%86/23289706
415,上海市,浦东新区,浦东新区宣桥镇新安村,粮,鲜食玉米,香嘭嘭鲜食玉米,
416,上海市,浦东新区,浦东新区周浦镇棋杆村,果,葡萄,平棋葡萄,https://baike.baidu.com/item/%E6%A3%8B%E6%9D%86%E6%9D%91/9730313
417,上海市,金山区,金山区枫泾镇新义村,果,黄桃,锦绣黄桃,https://baike.baidu.com/item/%E6%96%B0%E4%B9%89%E6%9D%91/22914639
418,上海市,金山区,金山区吕巷镇和平村,果,蟠桃,皇母蟠桃,https://baike.baidu.com/item/%E5%92%8C%E5%B9%B3%E6%9D%91/59815284
419,上海市,金山区,金山区亭林镇后岗村,果,雪瓜,亭林雪瓜,https://baike.baidu.com/item/%E5%90%8E%E5%B2%97%E6%9D%91/83696|https://baike.baidu.com/item/%E4%BA%AD%E6%9E%97%E9%9B%AA%E7%93%9C/15540549
420,上海市,金山区,金山区朱泾镇大茫村,果,甜瓜,珠丰甜瓜,https://baike.baidu.com/item/%E5%A4%A7%E8%8C%AB%E6%9D%91/5190844#1
421,上海市,松江区,松江区永丰街道镇盐仓村,果,梨,仓桥水晶梨,https://baike.baidu.com/item/%E7%9B%90%E4%BB%93%E6%9D%91/59847471|https://baike.baidu.com/item/%E4%BB%93%E6%A1%A5%E6%B0%B4%E6%99%B6%E6%A2%A8/5942210
422,上海市,青浦区,青浦区夏阳街道塘郁村,果,枇杷,沪香枇杷,
423,上海市,青浦区,青浦区白鹤镇,果,草莓,赵屯桥草莓,
424,上海市,青浦区,青浦区练塘镇,蔬,茭白,茭白,
425,上海市,奉贤区,奉贤区青村镇解放村,果,黄桃,黄桃,
426,上海市,奉贤区,奉贤区庄行镇存古村,果,蜜梨,奉叶蜜梨,
427,上海市,奉贤区,奉贤区庄行镇潘垫村,果,蜜梨,奉叶蜜梨,
428,上海市,崇明区,崇明区新河镇新建村,渔,蟹,中华绒螯蟹,
429,上海市,崇明区,崇明区中兴镇,蔬,花菜,花菜,
430,上海市,崇明区,崇明区绿华镇,果,柑橘,飞岛柑橘,
431,江苏省,南京市,浦口区盘城街道落桥社区,果,葡萄,滁河湾葡萄,https://baike.baidu.com/item/%E8%90%BD%E6%A1%A5%E7%A4%BE%E5%8C%BA/23462158
432,江苏省,南京市,浦口区汤泉街道,花,苗木,汤泉牌苗木,https://baike.baidu.com/item/%E6%B1%A4%E6%B3%89%E8%A1%97%E9%81%93/16920242|https://baike.baidu.com/item/%E6%B1%A4%E6%B3%89%E9%9B%AA%E6%9D%BE/15655922
433,江苏省,南京市,栖霞区八卦洲街道,蔬,芦蒿,八卦洲芦蒿,https://baike.baidu.com/item/%E5%85%AB%E5%8D%A6%E6%B4%B2%E8%A1%97%E9%81%93/7076285|https://baike.baidu.com/item/%E6%A0%96%E9%9C%9E%E8%8A%A6%E8%92%BF/67301814
434,江苏省,南京市,江宁区横溪街道新杨社区居民委员会,果,西瓜,绿王大自然西瓜,https://baike.baidu.com/item/%E6%96%B0%E6%9D%A8%E7%A4%BE%E5%8C%BA/16526759
435,江苏省,南京市,六合区马集镇大圣村,蔬,水芹,大圣水芹,https://baike.baidu.com/item/%E5%A4%A7%E5%9C%A3%E6%9D%91/23595841|https://baike.baidu.com/item/%E5%8D%97%E4%BA%AC%E5%B8%82%E5%85%AD%E5%90%88%E5%8C%BA%E5%A4%A7%E5%9C%A3%E6%B0%B4%E8%8A%B9%E4%B8%93%E4%B8%9A%E5%90%88%E4%BD%9C%E7%A4%BE/57682273?fr=aladdin
436,江苏省,南京市,溧水区白马镇石头寨村,果,蓝莓,金瑞蓝莓,https://baike.baidu.com/item/%E7%9F%B3%E5%A4%B4%E5%AF%A8%E6%9D%91/46666
437,江苏省,南京市,高淳县东坝镇红松村,果,葡萄,葡萄,
438,江苏省,无锡市,惠山区阳山镇,果,水蜜桃,水蜜桃,https://baike.baidu.com/item/%E9%98%B3%E5%B1%B1%E6%B0%B4%E8%9C%9C%E6%A1%83/2895091|https://baike.baidu.com/item/%E9%98%B3%E5%B1%B1%E9%95%87/6616451
439,江苏省,无锡市,滨湖区马山街道,果,杨梅,马山杨梅,https://baike.baidu.com/item/%E9%A9%AC%E5%B1%B1%E8%A1%97%E9%81%93/23657241|https://baike.baidu.com/item/%E9%A9%AC%E5%B1%B1%E6%9D%A8%E6%A2%85/6614657
440,江苏省,无锡市,宜兴市湖㳇镇张阳村,花,花卉,张阳花卉,https://baike.baidu.com/item/%E5%BC%A0%E9%98%B3%E6%9D%91/23646596
441,江苏省,无锡市,宜兴市张渚镇省庄村,茶,茶叶,红岭茶叶,https://baike.baidu.com/item/%E5%AE%9C%E5%85%B4%E5%B8%82%E7%BA%A2%E5%B2%AD%E8%8C%B6%E4%B8%9A%E6%9C%89%E9%99%90%E5%85%AC%E5%8F%B8/52093256
442,江苏省,无锡市,宜兴市周铁镇洋溪村,蔬,萝卜,洋溪萝卜,
443,江苏省,无锡市,江阴市顾山镇红豆村,果,水蜜桃,金顾山水蜜桃,
444,江苏省,无锡市,江阴市月城镇双泾村,果,葡萄,双泾葡萄,
445,江苏省,无锡市,江阴市璜土镇,果,葡萄,璜土葡萄,
446,江苏省,徐州市,云龙区大龙湖办事处段山村,渔,观赏鱼,断山观赏鱼,
447,江苏省,徐州市,贾汪区茱萸山街道,其他,旅游,休闲农业,
448,江苏省,徐州市,贾汪区紫庄镇,蔬,蔬菜,紫庄蔬菜,
449,江苏省,徐州市,铜山区三堡镇徐村,蔬,食用菌,康华食用菌,
450,江苏省,徐州市,新沂市瓦窑镇街集村,蔬,芹菜,新元有机芹菜,
451,江苏省,徐州市,邳州市港上镇前湖村,果,草莓,草莓,
452,江苏省,徐州市,邳州市铁富镇,果,银杏,邳州银杏,
453,江苏省,徐州市,沛县朱寨镇,畜,肉鸭,生态肉鸭,
454,江苏省,徐州市,丰县大沙河镇,果,白酥梨,大沙河白酥梨,
455,江苏省,常州市,武进区礼嘉镇秦巷村,果,葡萄,科丰葡萄,
456,江苏省,常州市,武进区洛阳镇阳湖村,果,葡萄,苏常鲜葡萄,
457,江苏省,常州市,天宁区郑陆镇黄天荡村,渔,河蟹,黄天荡河蟹,
458,江苏省,常州市,金坛区金城镇白塔村,蔬,香葱,塔湖香葱,
459,江苏省,常州市,金坛区指前镇清水渎村,渔,河蟹,苏标河蟹,
460,江苏省,常州市,金坛区尧塘街道,花,花卉,花卉苗木,
461,江苏省,常州市,溧阳市社渚镇东升村,渔,青虾,胥河青虾,
462,江苏省,常州市,溧阳市天目湖镇,其他,旅游,休闲农业,
463,江苏省,苏州市,吴中区东山镇碧螺村,茶,碧螺春,吴侬碧螺春茶,
464,江苏省,苏州市,吴中区金庭镇秉常村,果,枇杷,青种枇杷,
465,江苏省,苏州市,相城区阳澄湖生态休闲旅游度假区莲花村,渔,蟹,阳澄湖大闸蟹,
466,江苏省,苏州市,相城区阳澄湖镇北前村,渔,蟹,阳澄湖大闸蟹,
467,江苏省,苏州市,常熟市董浜镇东盾村,蔬,蔬菜,曹家桥蔬菜,
468,江苏省,苏州市,常熟市沙家浜镇,渔,蟹,阳澄湖大闸蟹,
469,江苏省,南通市,通州区二甲镇路中村,蔬,蔬菜,威奇太保蔬菜,
470,江苏省,南通市,通州区刘桥镇长岸村,蔬,荷仁豆,嘉安荷仁豆,
471,江苏省,南通市,海安县大公镇群益村,畜,蚕茧,鑫缘蚕茧,
472,江苏省,南通市,海安县老坝港滨海新区（角斜镇）,渔,紫菜,紫菜,
473,江苏省,南通市,海安县李堡镇光明村,蔬,蔬菜,绿浪蔬菜,
474,江苏省,南通市,启东市东海镇兴垦村,渔,虾,脊尾白虾,
475,江苏省,南通市,启东市惠萍镇果园村,果,梨,三水一高梨,
476,江苏省,南通市,如皋市江安镇联络新社区,其他,肉制品,肉制品,
477,江苏省,南通市,如皋市如城街道,花,花木,花木盆景,
478,江苏省,南通市,海门市常乐镇,果,草莓、西甜瓜,常乐草莓、西甜瓜,
479,江苏省,南通市,海门市海永镇,其他,旅游,乡村休闲,
480,江苏省,南通市,海门市四甲镇合兴村,蔬,山药,海玉山药,
481,江苏省,南通市,如东县南通外向型农业综合开发区何丫村,渔,对虾,南美白对虾,
482,江苏省,南通市,如东县马塘镇,畜,生猪,精丰生猪,
483,江苏省,连云港市,云台街道后关村,茶,云雾茶,野仙云雾,
484,江苏省,连云港市,赣榆区厉庄镇谢湖村,果,樱桃,谢湖大樱桃,
485,江苏省,连云港市,东海县桃林镇北芹村,蔬,西葫芦,北芹口西葫芦,
486,江苏省,连云港市,东海县黄川镇,果,草莓,草莓,
487,江苏省,连云港市,灌云县南岗乡许相村,蔬,芦蒿,万惠芦蒿,
488,江苏省,连云港市,灌南县新安镇,蔬,金针菇,灌南金针菇,
489,江苏省,淮安市,淮安区苏嘴镇,果,西瓜,苏嘴西瓜,
490,江苏省,淮安市,淮阴区丁集镇娘庄村,蔬,黄瓜,丁集黄瓜,
491,江苏省,淮安市,洪泽区西顺河镇,渔,蟹,洪泽湖大闸蟹,
492,江苏省,淮安市,清浦区黄码乡,蔬,红椒,淮安红椒,
493,江苏省,淮安市,金湖县前锋镇白马湖村,渔,蟹,白马湖大闸蟹,
494,江苏省,盐城市,盐都区楼王镇,渔,鱼,楼王异育银鲫,
495,江苏省,盐城市,响水县张集社区韩荡村,蔬,莲藕汁,天荷源莲藕汁,
496,江苏省,盐城市,射阳县洋马镇药材村,花,菊花,菊花,
497,江苏省,盐城市,东台市富安镇,畜,蚕茧,干桑蚕茧,
498,江苏省,盐城市,大丰市大中镇恒北村,果,梨,麋鹿早酥梨,
499,江苏省,扬州市,江都区小纪镇吉东村,渔,罗氏沼虾,罗氏沼虾,
500,江苏省,扬州市,江都区丁伙镇,花,花木,丁伙花木,
501,江苏省,扬州市,宝应区泾河镇松竹村,蔬,果蔬,果蔬,
502,江苏省,扬州市,宝应区忘直港镇北河村,蔬,核桃乌,宝应核桃乌,
503,江苏省,扬州市,仪征市真州镇三八村,蔬,蔬菜,绿篱蔬菜,
504,江苏省,扬州市,仪征市真州镇佐安村,果,葡萄,康大葡萄,
505,江苏省,扬州市,高邮市送桥镇邵庄村,畜,鸭,润湖高邮鸭,
506,江苏省,镇江市,丹徒区上党镇敖毅村,果,黄桃,尚香黄桃,
507,江苏省,镇江市,丹阳市司徒镇屯甸村,茶,金山翠芽,金山翠芽,
508,江苏省,镇江市,句容市天王镇戴庄村,粮,大米,野山小村大米,
509,江苏省,镇江市,句容市天王镇唐陵村,花,苗木,华安彩叶花卉苗木,
510,江苏省,镇江市,句容市后白镇西冯村,其他,草坪,西冯草坪,
511,江苏省,镇江市,句容市茅山镇丁庄村,果,葡萄,老方葡萄,
512,江苏省,泰州市,高港区白马镇岱白村,花,苗木,绿姿苗木,
513,江苏省,泰州市,姜堰区桥头镇桥头村,蔬,香菇,香菇,
514,江苏省,泰州市,姜堰区溱潼镇,渔,蟹,溱湖河蟹,
515,江苏省,泰州市,姜堰区沈高镇,果,西瓜、葡萄,河横西瓜、葡萄,
516,江苏省,泰州市,兴化市陈堡镇蒋庄村,蔬,番茄,红富堡番茄,
517,江苏省,泰州市,兴化市垛田镇,蔬,香葱,香葱,
518,江苏省,泰州市,兴化市缸顾乡东旺村,花,旅游,千垛菜花,
519,江苏省,泰州市,泰兴市黄桥镇祁巷村,蔬,蔬菜,祁巷蔬菜,
520,江苏省,泰州市,泰兴市宣堡镇郭寨村,花,苗木,苗木,
521,江苏省,宿迁市,沭阳县庙头镇聚贤村,花,花卉,花卉,
522,江苏省,宿迁市,沭阳县新河镇,花,花木,沭阳新河花木,
523,江苏省,宿迁市,沭阳县颜集镇,花,花卉,虞姬花卉苗木,
524,江苏省,宿迁市,泗阳县八集乡,粮,花生,八集小花生,
525,江苏省,宿迁市,泗洪县临淮镇,渔,蟹,佳健河蟹,
526,浙江省,杭州市,萧山区益农镇三围村,蔬,蔬菜,蔬菜,
527,浙江省,杭州市,余杭区仁和街道花园村,花,花卉,伍莲红花卉苗木,
528,浙江省,杭州市,余杭区运河镇双桥村,渔,鳖,生态鳖,https://baike.baidu.com/item/%E5%8F%8C%E6%A1%A5%E6%9D%91/55668929
529,浙江省,杭州市,余杭区中泰街道紫荆村,其他,竹笛,中泰竹笛,https://baike.baidu.com/item/%E7%B4%AB%E8%8D%86%E6%9D%91/22878589|https://baike.baidu.com/item/%E4%B8%AD%E6%B3%B0%E7%AB%B9%E7%AC%9B/22863240
530,浙江省,杭州市,余杭区径山镇,茶,径山茶,古钟径山茶,https://baike.baidu.com/item/%E5%BE%84%E5%B1%B1%E9%95%87/4128610|https://baike.baidu.com/item/%E5%BE%84%E5%B1%B1%E8%8C%B6/646312
531,浙江省,杭州市,富阳区新登镇半山村,果,桃,鲜桃,https://baike.baidu.com/item/%E5%8D%8A%E5%B1%B1%E6%9D%91/54810805
532,浙江省,杭州市,桐庐县横村镇阳山畈村,果,水蜜桃,阳山畈水蜜桃,https://baike.baidu.com/item/%E9%98%B3%E5%B1%B1%E7%95%88%E6%9D%91/10939788
533,浙江省,杭州市,桐庐县钟山乡大市村,果,蜜梨,桐江钟山蜜梨,https://baike.baidu.com/item/%E5%A4%A7%E5%B8%82%E6%9D%91/59944131|https://www.baidu.com/s?wd=%E6%A1%90%E6%B1%9F%E9%92%9F%E5%B1%B1%E8%9C%9C%E6%A2%A8%20%E7%99%BE%E5%BA%A6%E7%99%BE%E7%A7%91
534,浙江省,杭州市,淳安县千岛湖镇青溪村,果,水蜜桃,景山水蜜桃,https://baike.baidu.com/item/%E9%9D%92%E6%BA%AA%E6%9D%91/59850079
535,浙江省,温州市,乐清市大荆镇平园村,药,铁皮石斛,铁皮石斛枫斗,https://baike.baidu.com/item/%E5%B9%B3%E5%9B%AD%E6%9D%91/19155563
536,浙江省,温州市,乐清市仙溪镇北垟村,药,铁皮石斛,铁皮石斛,
537,浙江省,温州市,平阳县水头镇新联村,茶,黄汤,平阳黄汤茶,https://baike.baidu.com/item/%E6%96%B0%E8%81%94%E6%9D%91/4146282https://baike.baidu.com/item/%E5%B9%B3%E9%98%B3%E9%BB%84%E6%B1%A4%E8%8C%B6/14033399
538,浙江省,温州市,泰顺县罗阳镇恩岱垟村,果,猕猴桃,恩岱垟猕猴桃,https://baike.baidu.com/item/%E6%81%A9%E5%B2%B1%E5%9E%9F%E6%9D%91/24313751
539,浙江省,嘉兴市,桐乡市乌镇镇董家村,蔬,茭白,董家茭白,https://baike.baidu.com/item/%E8%91%A3%E5%AE%B6%E6%9D%91/62634278|https://baike.baidu.com/item/%E8%91%A3%E5%AE%B6%E8%8C%AD%E7%99%BD/50901585
540,浙江省,嘉兴市,嘉善县罗星街道马家桥村,果,甜瓜,银嘉膳甜瓜,
541,浙江省,嘉兴市,嘉善县天凝镇光明村,蔬,雪菜,杨庙雪菜,
542,浙江省,湖州市,南浔区菱湖镇陈邑村,渔,加州鲈鱼,加州鲈鱼,
543,浙江省,湖州市,德清县三合乡塘家琪村,渔,青虾,水精灵青虾,
544,浙江省,湖州市,长兴县和平镇吴村村,茶,白茶,霞幕山白茶,
545,浙江省,湖州市,安吉县灵峰镇剑山村,果,砂梨,剑山砂梨,
546,浙江省,湖州市,安吉县天荒坪镇大溪村,其他,农家乐,农家乐,
547,浙江省,湖州市,安吉县溪龙乡,茶,安吉白茶,安吉白茶,
548,浙江省,绍兴市,上虞区盖北镇,果,葡萄,葡萄,
549,浙江省,绍兴市,诸暨市同山镇绿剑村,茶,茶叶,茶叶,
550,浙江省,绍兴市,新昌县镜岭镇外婆坑村,茶,龙井,外婆坑龙井,
551,浙江省,金华市,婺城区罗店镇后溪村,花,山茶花,山茶花,
552,浙江省,金华市,婺城区竹马乡下张家村,花,茶花,竹马乡茶花,
553,浙江省,衢州市,柯城区七里乡,蔬,茄子,七里源茄子,
554,浙江省,衢州市,柯城区石梁镇,果,椪柑,衢州椪柑,
555,浙江省,衢州市,江山市坛石镇,畜,鸡,江山白银耳鸡,
556,浙江省,衢州市,开化县村头镇大黄山村,茶,开化龙顶,开化龙顶,
557,浙江省,舟山市,普陀区朱家尖镇莲花村,渔,渔家乐,渔家乐,
558,浙江省,舟山市,嵊泗县枸杞镇,渔,贻贝,贻贝,
559,浙江省,台州市,温岭市滨海镇民益村,果,葡萄,大棚葡萄,
560,浙江省,台州市,临海市白水洋镇上游村,果,杨梅,上清杨梅,
561,浙江省,台州市,临海市上盘镇劳动村,蔬,西兰花,碧畅西兰花,
562,浙江省,台州市,临海市涌泉镇梅岘村,果,柑橘,梅尖山柑橘,
563,浙江省,台州市,玉环县干江镇甸山头村,蔬,盘菜,甸山盘菜,
564,浙江省,台州市,玉环县清港镇樟岙村,果,文旦,文旦,
565,浙江省,台州市,天台县三州镇车门湾村,茶,茶叶,茶叶,
566,浙江省,台州市,天台县石梁镇,茶,云雾茶,天台山云雾茶,
567,浙江省,台州市,仙居县步路乡,果,杨梅,仙居杨梅,
568,浙江省,台州市,仙居县步路乡西炉村,果,杨梅,杨梅,
569,浙江省,丽水市,缙云县前路镇南弄村,果,水蜜桃,南隆水蜜桃,
570,浙江省,丽水市,松阳县新兴乡,茶,松阳茶,越玉兰松阳茶,
571,浙江省,丽水市,庆元县黄田镇中济村,蔬,灰树花,黄田灰树花,
572,浙江省,宁波市,海曙区龙观乡李岙村,蔬,辣椒,辣椒,
573,浙江省,宁波市,鄞州区五乡镇钟家沙村,果,葡萄,天明琳芝葡萄,
574,浙江省,宁波市,海曙区章水镇杖锡村,果,枇杷,高湾枇杷,
575,浙江省,宁波市,奉化区尚田镇冷西村,蔬,雷笋,溪口雷笋,
576,浙江省,宁波市,奉化区西坞街道金峨村,果,水蜜桃,锦屏山奉化水蜜桃,
577,浙江省,宁波市,奉化区溪口镇新建村,茶,茶叶,第一泉茶叶,
578,浙江省,宁波市,奉化区溪口镇许江岸村,果,蜜梨,慈溪蜜梨,
579,浙江省,宁波市,奉化区萧王庙街道林家村,花,花木,金峨花木,
580,浙江省,宁波市,奉化市溪口镇,果,香榧,双峰香榧,
581,浙江省,宁波市,余姚市临山镇兰海村,蔬,茭白,古址茭白,
582,浙江省,宁波市,余姚市陆埠镇裘岙村,果,葡萄,味香园余姚葡萄,
583,浙江省,宁波市,余姚市三七市镇石步村,茶,珠茶,骆驼珠茶,
584,浙江省,宁波市,余姚市小曹娥镇人和村,果,杨梅,余姚杨梅,
585,浙江省,宁波市,余姚市河姆渡镇,蔬,茭白,钟家沙茭白,
586,浙江省,宁波市,慈溪市周巷镇新缪路村,果,草莓,奉冠草莓,
587,浙江省,宁波市,象山县定塘镇沙地村,果,柑橘,柑橘,
588,浙江省,宁波市,象山县晓塘乡西边塘村,花,桂花,李岙桂花,
589,浙江省,宁波市,象山县新桥镇高湾村,花,樱花,杖锡山樱花,
590,浙江省,宁波市,宁海县黄坛镇里天河村,果,水蜜桃,锦屏山水蜜桃,
591,浙江省,宁波市,宁海县深甽镇望海岗村,果,水蜜桃,水蜜桃,
592,浙江省,宁波市,宁海县长街镇成塘村,蔬,蔬菜,蔬菜,
593,安徽省,芜湖市,芜湖县陶辛镇马桥村,渔,青虾,青虾,https://baike.baidu.com/item/%E5%8F%8C%E6%A1%A5%E6%9D%91/23786709
594,安徽省,宣城市,宁国市南极乡梅村村,果,山核桃,山核桃,https://baike.baidu.com/item/%E6%A2%85%E6%9D%91%E6%9D%91/55906080
595,安徽省,铜陵市,铜陵县顺安镇凤凰山村,药,凤丹皮,凤丹皮,https://baike.baidu.com/item/%E5%87%A4%E5%87%B0%E5%B1%B1%E6%9D%91/13343854|https://baike.baidu.com/item/%E5%87%A4%E5%87%B0%E5%B1%B1%E6%9D%91/13343854
596,安徽省,池州市,贵池区梅村镇霄坑村,茶,绿茶,霄坑绿茶,https://baike.baidu.com/item/%E9%9C%84%E5%9D%91%E6%9D%91/6785492|https://baike.baidu.com/item/%E9%9C%84%E5%9D%91%E7%BB%BF%E8%8C%B6/6875419
597,安徽省,黄山市,休宁县海阳镇盐铺村,花,菊花,菊花,https://baike.baidu.com/item/%E7%9B%90%E9%93%BA%E6%9D%91/9806932
598,安徽省,合肥市,包河区大圩镇新民村,果,葡萄,葡萄,https://baike.baidu.com/item/%E6%96%B0%E6%B0%91%E6%9D%91/589595|https://baike.baidu.com/item/%E5%A4%A7%E5%9C%A9%E8%91%A1%E8%90%84/8504084
599,安徽省,淮北市,杜集区段园镇大庄村,果,葡萄,葡萄,https://baike.baidu.com/item/%E5%A4%A7%E5%BA%84%E6%9D%91/6861414|https://baike.baidu.com/item/%E6%AE%B5%E5%9B%AD%E8%91%A1%E8%90%84/22857440
600,安徽省,宿州市,埇桥区西寺坡镇谷家村,蔬,蔬菜,蔬菜,https://baike.baidu.com/item/%E8%B0%B7%E5%AE%B6%E6%9D%91/55740179
601,安徽省,蚌埠市,淮上区梅桥乡苗台村,蔬,大青豆,大青豆,https://baike.baidu.com/item/%E8%8B%97%E5%8F%B0%E6%9D%91/24313254
602,安徽省,阜阳市,阜南县黄岗镇,其他,柳编,柳编,https://baike.baidu.com/item/%E9%BB%84%E5%B2%97%E9%95%87/4514162|https://baike.baidu.com/item/%E9%98%9C%E5%8D%97%E6%9F%B3%E7%BC%96%E4%B9%8B%E4%B9%A1/15575291?fr=aladdin
603,安徽省,安庆市,岳西县主簿镇,蔬,茭白,岳西茭白,https://baike.baidu.com/item/%E4%B8%BB%E7%B0%BF%E9%95%87/5485928|https://baike.baidu.com/item/%E5%B2%B3%E8%A5%BF%E8%8C%AD%E7%99%BD/3534834
604,安徽省,合肥市,长丰县水湖镇,果,草莓,长丰草莓,https://baike.baidu.com/item/%E9%95%BF%E4%B8%B0%E8%8D%89%E8%8E%93/5571523|https://baike.baidu.com/item/%E6%B0%B4%E6%B9%96%E9%95%87/5380473
605,安徽省,宿州市,埇桥区西二铺乡沟西村,果,西瓜,沟西村西瓜,
606,安徽省,亳州市,谯城区十九里镇,药,芍花,芍花中药材,
607,安徽省,阜阳市,太和县李兴镇,药,桔梗,鹏宇桔梗,
608,安徽省,蚌埠市,禹会区涂山风景区,果,石榴,怀远石榴,
609,安徽省,滁州市,南谯区施集镇杨饭店村,茶,滁菊,金玉滁菊,
610,安徽省,芜湖市,无为县泉塘乡中垄村,渔,螃蟹,濡泉螃蟹,
611,安徽省,安庆市,潜山县塔畈乡倪河村,茶,天柱仙芽,天柱仙芽,
612,安徽省,宣城市,宣州区五星乡刘福村,蔬,雪芹芽,福雪芹芽,
613,安徽省,池州市,石台县横渡镇河西村,果,经果,绿色石桥步经果,
614,安徽省,黄山市,黄山区新明乡猴坑村,茶,太平猴魁,太平猴魁,
615,安徽省,马鞍山市,当涂县乌溪镇七房村,渔,蟹苗,七房蟹苗,
616,安徽省,宣城市,广德县东亭乡高峰村,其他,折扇,圣卫工艺折扇,
617,安徽省,六安市,霍山县漫水河镇南庄村,花,百合,漫水河百合,
618,安徽省,合肥市,肥东县牌坊乡牌坊民族村,蔬,杭椒,千柳杭椒,
619,安徽省,宿州市,砀山县官庄坝镇岳庄坝村,果,梨,御乐园砀山梨,
620,安徽省,亳州市,涡阳县义门镇,蔬,苔干,义门涡阳苔干,
621,安徽省,阜阳市,阜南县会龙镇,蔬,辣椒,会龙辣椒,
622,安徽省,滁州市,天长市铜城镇龙岗社区,蔬,芡实,天长龙岗芡实,
623,安徽省,六安市,裕安区顺河镇王滩村,蔬,辣椒,华园顺河辣椒,
624,安徽省,芜湖市,繁昌县荻港镇庆大村,果,葡萄,繁园葡萄,
625,安徽省,铜陵市,老洲镇光辉村,蔬,蔬菜,老洲蔬菜,
626,安徽省,马鞍山市,和县历阳镇太平村,蔬,辣椒,和县辣椒,
627,安徽省,安庆市,岳西县姚河乡梯岭村,茶,岳西翠兰,岳西翠兰,
628,安徽省,宣城市,泾县汀溪乡,茶,汀溪兰香茶,汀溪兰香茶,
629,安徽省,黄山市,歙县深渡镇,果,枇杷,三潭枇杷,
630,安徽省,宣城市,广德县东亭乡沙坝村,粮,红薯,正文红薯,
631,安徽省,合肥市,肥西县上派镇三岗村,花,苗木,三岗苗木花卉,
632,安徽省,宿州市,砀山县良梨镇杨集村,果,酥梨,砀山酥梨,
633,安徽省,亳州市,谯城区十河镇大周村,蔬,蔬菜,天意蔬菜,
634,安徽省,阜阳市,颍州区颍西街道办事处,蔬,大青茄,心芽大青茄,
635,安徽省,滁州市,全椒县二郎口镇曹埠村,渔,龙虾,赤镇龙虾,
636,安徽省,芜湖市,南陵县何湾镇丫山村,药,凤丹,丫山凤丹,
637,安徽省,马鞍山市,含山县环峰镇祁门村,花,芝麻油,皖中花芝麻油,
638,安徽省,宣城市,宣州区水阳镇吴村村,渔,幼蟹,水阳江幼蟹,
639,安徽省,池州市,青阳县新河镇十里岗村,畜,土鸡,皖南土鸡,
640,安徽省,安庆市,岳西县姚河乡,茶,岳西翠兰,岳西翠兰,
641,安徽省,黄山市,黟县碧阳镇深冲村,茶,黄山毛峰,黄山毛峰,
642,安徽省,安庆市,宿松县二郎镇界岭村,油,油茶,郎芽油茶,
643,安徽省,宣城市,广德县新杭镇阳湾村,花,苗木,广绿世界苗木,
644,安徽省,合肥市,庐江县白湖镇西城村,蔬,荸荠,柳风荸荠,
645,安徽省,宿州市,埇桥区西二铺乡沈家村,蔬,蔬菜,汤家蔬菜,
646,安徽省,蚌埠市,怀远县白莲坡镇白莲坡村,渔,黑鱼,茨淮黑鱼,
647,安徽省,滁州市,来安县舜山镇林桥村,花,苗木,林桥苗木,
648,安徽省,六安市,金寨县麻埠镇桂花村,茶,六安瓜片,六安瓜片,
649,安徽省,芜湖市,镜湖区方村镇旗杆村,蔬,荸荠,旗杆荸荠,
650,安徽省,宣城市,旌德县庙首镇祥云村,茶,茶叶,天山鹤茶叶,
651,安徽省,铜陵市,郊区灰河乡东风村,果,葡萄,添秀葡萄,
652,安徽省,安庆市,岳西县来榜镇斑竹村,畜,蚕茧,馨梦丝缘蚕茧,
653,安徽省,宣城市,广德县杨滩镇五合村,茶,绿茶,鹰台山绿茶,
654,安徽省,安庆市,宿松县洲头乡金坝村,果,葡萄,金坝葡萄,
655,安徽省,亳州市,谯城区十八里镇,药,中药材,药信中药材,
656,安徽省,黄山市,徽州区富溪乡,茶,黄山毛峰,黄山毛峰,
657,安徽省,合肥市,巢湖市中垾镇小联圩村,蔬,蔬菜,蔬菜,
658,安徽省,安庆市,桐城市龙眠街道凤形村,茶,茶叶,茶叶,
659,安徽省,池州市,贵池区棠溪镇西山村,果,枣,西山焦枣,
660,安徽省,宣城市,绩溪县上庄镇余川村,茶,茶叶,茶叶,
661,安徽省,黄山市,祁门县平里镇贵溪村,茶,祁门红茶,祁门红茶,
662,安徽省,阜阳市,临泉县杨小街镇王新村,蔬,蔬菜,蔬菜,
663,安徽省,宿州市,萧县酒店镇西赵楼村,果,西瓜,西瓜,
664,安徽省,铜陵市,枞阳县麒麟镇新安村,花,苗木,苗木,
665,安徽省,滁州市,凤阳县小溪河镇小岗村,其他,旅游,休闲农业,
666,安徽省,宣城市,广德县四合乡太平村,茶,茶叶,茶叶,
667,安徽省,安庆市,宿松县柳坪乡邱山村,茶,茶叶,茶叶,
668,安徽省,六安市,霍山县太平畈乡,药,霍山石斛,霍山石斛,
669,安徽省,芜湖市,无为县泉塘镇,渔,螃蟹,螃蟹,
670,福建省,福州市,长乐市古槐镇青山村,果,龙眼,青山龙眼,https://baike.baidu.com/item/%E5%8F%A4%E6%A7%90%E9%95%87/7370444?fr=aladdin|https://baike.baidu.com/item/%E9%9D%92%E5%B1%B1%E9%BE%99%E7%9C%BC/7609092
671,福建省,福州市,罗源县起步镇上长治村,蔬,秀珍菇,秀珍菇,https://baike.baidu.com/item/%E4%B8%8A%E9%95%BF%E6%B2%BB%E6%9D%91/13583595
672,福建省,莆田市,城厢区常太镇,果,枇杷,枇杷,https://baike.baidu.com/item/%E5%B8%B8%E5%A4%AA%E9%95%87/8773338|https://baike.baidu.com/item/%E8%8E%86%E7%94%B0%E6%9E%87%E6%9D%B7/2658958
673,福建省,莆田市,涵江区荻芦镇,果,枇杷,萩芦枇杷,
674,福建省,莆田市,仙游县度尾镇湘溪村,果,文旦柚,文旦柚,https://baike.baidu.com/item/%E6%B9%98%E6%BA%AA%E6%9D%91/8196020|https://baike.baidu.com/item/%E5%BA%A6%E5%B0%BE%E6%96%87%E6%97%A6%E6%9F%9A/2792262?fr=aladdin
675,福建省,莆田市,仙游县书峰乡书峰村,果,枇杷,书峰枇杷,https://baike.baidu.com/item/%E4%B9%A6%E5%B3%B0%E6%9D%91/59409313|https://baike.baidu.com/item/%E4%B9%A6%E5%B3%B0%E6%9E%87%E6%9D%B7/59034866
676,福建省,三明市,三元区莘口镇西际村,果,柑桔,南棱山柑桔,677
677,福建省,三明市,永安市小陶镇新寨村,蔬,莴苣,陶洋莴苣,https://baike.baidu.com/item/%E6%96%B0%E5%AF%A8%E6%9D%91/59410583|https://baike.baidu.com/item/%E6%B0%B8%E5%AE%89%E8%8E%B4%E8%8B%A3/9995706
678,福建省,三明市,明溪县城关乡狮窠村,蔬,淮山,狮窠淮山,https://baike.baidu.com/item/%E7%8B%AE%E7%AA%A0%E6%9D%91/24329476https://baike.baidu.com/item/%E6%98%8E%E6%BA%AA%E6%B7%AE%E5%B1%B11%E5%8F%B7/6565587?fr=aladdin
679,福建省,三明市,清流县嵩溪镇青山村,花,花卉,春趣花卉,
680,福建省,三明市,大田县吴山乡,茶,茶叶,仙顶茶叶,
681,福建省,三明市,尤溪县洋中镇后楼村,蔬,食用菌,天峰山食用菌,
682,福建省,三明市,沙县郑湖乡庆洋村,果,水柿,水柿,
683,福建省,三明市,建宁县溪口镇枧头村,果,黄花梨,建绿黄花梨,
684,福建省,泉州市,安溪县长坑镇山格村,蔬,淮山,山格淮山,
685,福建省,泉州市,德化县龙浔镇英山村,蔬,淮山,芹峰德化淮山,
686,福建省,泉州市,德化县三班镇龙阙村,畜,黑鸡,黑鸡,
687,福建省,漳州市,云霄县马铺乡客寮村,蔬,淮山,马铺淮山,
688,福建省,漳州市,云霄县下河乡下河村,果,杨桃,下河杨桃,
689,福建省,漳州市,长泰县马洋溪生态旅游区旺亭村,果,香蕉,旺头香蕉,
690,福建省,漳州市,长泰县岩溪镇石铭村,蔬,槟榔芋,石铭槟榔芋,
691,福建省,漳州市,平和县小溪镇,果,蜜柚,琯溪蜜柚,
692,福建省,南平市,邵武市桂林乡,蔬,笋干,邵武笋干,
693,福建省,南平市,邵武市和平镇坎头村,茶,碎铜茶,邵武碎铜茶,
694,福建省,南平市,顺昌县郑坊镇郑坊村,果,葡萄,红地球葡萄,
695,福建省,南平市,顺昌县洋墩乡,果,芦柑,顺昌芦柑,
696,福建省,南平市,政和县镇前镇半源村,茶,茶叶,翡翠灵芽,
697,福建省,龙岩市,永定区金砂乡上金村,果,美蕉,美蕉,
698,福建省,龙岩市,永定区仙师镇务田村,蔬,芋,永定六月红早熟芋,
699,福建省,龙岩市,漳平市吾祠镇厚德村,蔬,萝卜,厚德萝卜,
700,福建省,龙岩市,漳平市南洋乡,茶,水仙茶,漳平水仙茶,
701,福建省,龙岩市,漳平市永福镇,茶,高山茶,台品高山茶,
702,福建省,龙岩市,漳平市拱桥镇,果,莲子,福上界莲子,
703,福建省,龙岩市,上杭县稔田镇,果,蜜柚,蓉湖红肉蜜柚,
704,福建省,龙岩市,上杭县下都镇,果,沙田柚,下都沙田柚,
705,福建省,龙岩市,连城县北团镇石丰村,畜,白鸭,连城白鸭,
706,福建省,宁德市,福安市坂中乡坑下村,蔬,茄子,茄子,
707,福建省,宁德市,福安市溪柄镇溪柄村,果,葡萄,福安巨峰葡萄,
708,福建省,宁德市,福鼎市店下镇店下村,蔬,蚕豆,鼎逗豆蚕豆,
709,福建省,宁德市,霞浦县崇儒乡崇儒村,果,芙蓉李,崇儒畲山芙蓉李,
710,福建省,宁德市,古田县吉巷乡韦端村,果,水蜜桃,古田水蜜桃,
711,福建省,宁德市,寿宁县武曲镇承天村,茶,乌龙茶,乌龙茶,
712,福建省,厦门市,同安区洪塘镇郭山村,蔬,紫长茄,紫长茄,https://baike.baidu.com/item/%E9%83%AD%E5%B1%B1%E6%9D%91/55560143
713,福建省,厦门市,同安区莲花镇军营村,茶,茶叶,茶叶,https://baike.baidu.com/item/%E5%86%9B%E8%90%A5%E6%9D%91/8769804
714,福建省,厦门市,同安区汀溪镇顶村村,蔬,茭白,绿茭林茭白,https://baike.baidu.com/item/%E9%A1%B6%E6%9D%91%E6%9D%91/24276570
715,福建省,厦门市,翔安区新店镇大宅社区,果,火龙果,大宅村火龙果,https://baike.baidu.com/item/%E5%A4%A7%E5%AE%85%E7%A4%BE%E5%8C%BA/56943167
716,福建省,厦门市,翔安区新圩镇乌山村,蔬,青葱,青葱,https://baike.baidu.com/item/%E4%B9%8C%E5%B1%B1%E6%9D%91/55577893
717,江西省,南昌市,新建区望城镇小桥村,花,苗木,小桥村苗木,
718,江西省,南昌市,南昌县三江镇,蔬,萝卜,三江口萝卜,https://baike.baidu.com/item/%E4%B8%89%E6%B1%9F%E9%95%87/9899579|https://baike.baidu.com/item/%E4%B8%89%E6%B1%9F%E5%8F%A3%E5%A4%9A%E5%91%B3%E8%90%9D%E5%8D%9C%E8%85%8C%E8%8F%9C/2341609
719,江西省,南昌市,安义县长均乡,蔬,蔬菜,蔬菜,https://baike.baidu.com/item/%E9%95%BF%E5%9D%87%E4%B9%A1/11014600
720,江西省,南昌市,安义县黄洲镇,蔬,蔬菜,从玉蔬菜,https://baike.baidu.com/item/%E9%BB%84%E6%B4%B2%E9%95%87/7287470https://baike.baidu.com/item/%E4%BB%8E%E7%8E%89%E8%8F%9C%E4%B8%9A%E9%9B%86%E5%9B%A2/1507159
721,江西省,南昌市,进贤县文港镇,其他,毛笔,周虎臣毛笔,https://baike.baidu.com/item/%E6%96%87%E6%B8%AF%E9%95%87/727478#5
722,江西省,景德镇市,乐平市乐港镇袁家村,蔬,莴笋,绿乐莴笋,https://baike.baidu.com/item/%E8%A2%81%E5%AE%B6%E6%9D%91/59874213|https://baike.baidu.com/item/%E4%B9%90%E5%B9%B3%E5%B8%82%E7%BB%BF%E4%B9%90%E9%A3%9F%E5%93%81%E6%9C%89%E9%99%90%E5%85%AC%E5%8F%B8/20079223?fr=aladdin
723,江西省,景德镇市,乐平市镇桥镇百乐村,蔬,蔬菜,蔬菜,https://baike.baidu.com/item/%E7%99%BE%E4%B9%90%E6%9D%91/11974
724,江西省,景德镇市,浮梁县江村乡沽演村,茶,浮梁茶,浮梁茶,https://baike.baidu.com/item/%E6%B2%BD%E6%BC%94%E6%9D%91/24326233|https://baike.baidu.com/item/%E6%B5%AE%E6%A2%81%E8%8C%B6/23190325
725,江西省,景德镇市,浮梁县西湖乡,茶,浮梁茶,浮梁茶,https://baike.baidu.com/item/%E8%A5%BF%E6%B9%96%E4%B9%A1/4061156|https://baike.baidu.com/item/%E6%B5%AE%E6%A2%81%E8%8C%B6/23190325
726,江西省,萍乡市,安源区五陂镇长潭村,蔬,蔬菜,蔬菜,https://baike.baidu.com/item/%E9%95%BF%E6%BD%AD%E6%9D%91/8180260
727,江西省,萍乡市,湘东区麻山镇麻山村,果,葡萄,葡萄,https://baike.baidu.com/item/%E9%BA%BB%E5%B1%B1%E6%9D%91/6741096
728,江西省,萍乡市,莲花县琴亭镇莲花村,粮,莲子,莲花仙子莲子,
729,江西省,萍乡市,芦溪县银河镇,畜,生猪,格林米特生猪,
730,江西省,九江市,瑞昌市高丰镇青丰村,蔬,山药,瑞昌山药,
731,江西省,九江市,濂溪区赛阳镇金桥村,花,苗木,庐山苗木,
732,江西省,九江市,修水县马坳乡黄溪村,畜,蚕桑,井岗红星蚕桑,
733,江西省,九江市,永修县柘林镇易家河村,果,柑桔,柑桔,
734,江西省,九江市,都昌县周溪镇虬门村,渔,珍珠,鄱湖珍珠,
735,江西省,新余市,渝水区界水乡联盟村,蔬,蔬菜,界水联盟蔬菜,
736,江西省,新余市,渝水区罗坊镇湖头村,蔬,湖藕,古月湖湖藕,
737,江西省,新余市,渝水区仙女湖风景区仰天岗办事处湖陂村,果,葡萄,湖陂葡萄,
738,江西省,新余市,分宜县凤阳镇大路边村,果,西瓜,麒麟西瓜,
739,江西省,鹰潭市,贵溪市白田乡北山村,油,油茶,油茶,
740,江西省,鹰潭市,贵溪市雷溪镇严桥村,蔬,蔬菜,洪剑丰蔬菜,
741,江西省,鹰潭市,贵溪市文坊镇吊桥村,蔬,食用菌,香台山食用菌,
742,江西省,赣州市,南康区浮石乡江口村,果,甜柚,南康甜柚,
743,江西省,赣州市,赣县区五云镇,蔬,蔬菜,五云桥蔬菜,
744,江西省,赣州市,信丰县大塘埠镇长岗村,果,脐橙,脐橙,
745,江西省,赣州市,大余县黄龙镇旱田村,花,金边瑞香,金边瑞香花卉,
746,江西省,赣州市,上犹县梅水乡园村村,茶,绿茶,犹江绿月茶,
747,江西省,赣州市,宁都县会同镇,果,脐橙,惠大赣南脐橙,
748,江西省,赣州市,于都县古山镇长龙村,茶,绿茶,盘古龙珠绿茶,
749,江西省,吉安市,井冈山市黄坳乡光裕村,茶,红茶,井冈红茶叶,
750,江西省,吉安市,吉安县横江镇濠云村,果,葡萄,横江葡萄,
751,江西省,吉安市,吉水县醪桥镇黄家边村,果,蜜柚,井冈蜜柚,
752,江西省,吉安市,峡江县金江乡城上村,蔬,蒿菜,青池蒿菜,
753,江西省,吉安市,新干县三湖镇,果,红桔,三湖红桔,
754,江西省,吉安市,永丰县鹿冈乡,茶,白茶,有机白茶,
755,江西省,吉安市,遂川县汤湖镇,茶,狗牯脑茶,狗牯脑茶,
756,江西省,宜春市,袁州区洪塘镇宝山村,油,油茶,芦塘寨有机山油茶,
757,江西省,宜春市,袁州区湖田镇王华村,蔬,苦瓜,苦瓜,
758,江西省,宜春市,袁州区寨下镇大宇村,蔬,蔬菜,宇贵蔬菜,
759,江西省,宜春市,丰城市袁渡镇青围村,蔬,豇豆,袁渡豇豆,
760,江西省,宜春市,靖安县高湖镇古楠村,粮,大米,古楠村大米,
761,江西省,抚州市,临川区连城乡下庄村,果,西瓜,抚州西瓜,
762,江西省,抚州市,南丰县桑田镇西源村,渔,甲鱼,冠日裕丰甲鱼,
763,江西省,抚州市,崇仁县孙坊镇庙上村,畜,麻鸡,崇仁麻鸡,
764,江西省,抚州市,资溪县嵩市镇高陂村,茶,白茶,逸沁白茶,
765,江西省,上饶市,广丰区排山镇牌门村,果,马家柚,广丰马家柚,
766,江西省,上饶市,玉山县临湖镇,蔬,大蒜,临湖大蒜,
767,江西省,上饶市,铅山县紫溪乡紫溪村,蔬,红芽芋,红芽芋,
768,江西省,上饶市,余干县三塘乡明湖村,粮,芡实,芡实,
769,江西省,上饶市,鄱阳县三庙前乡濠湖村,渔,黄鳝,鄱鑫黄鳝,
770,江西省,上饶市,万年县陈营镇社里村,畜,珍珠,珍珠养殖与加工,
771,江西省,上饶市,婺源县大鄣山乡鄣山村,茶,婺源绿茶,婺源绿茶,
772,山东省,济南市,长清区马山镇,药,栝楼,马山栝楼,https://baike.baidu.com/item/%E9%A9%AC%E5%B1%B1%E9%95%87/9072#5-2https://baike.baidu.com/item/%E9%A9%AC%E5%B1%B1%E6%A0%9D%E6%A5%BC/23167846
773,山东省,济南市,长清区万德街道办事处,茶,茶叶,灵岩红茶叶,https://baike.baidu.com/item/%E7%81%B5%E5%B2%A9%E8%8C%B6/9501042|https://baike.baidu.com/item/%E4%B8%87%E5%BE%B7%E8%A1%97%E9%81%93/22134968
774,山东省,济南市,章丘区高官寨街道办事处官庄村,果,甜瓜,官庄村甜瓜,https://baike.baidu.com/item/%E5%AE%98%E5%BA%84%E6%9D%91/59874317|https://baike.baidu.com/item/%E9%AB%98%E5%AE%98%E5%AF%A8%E7%94%9C%E7%93%9C/24263426
775,山东省,济南市,章丘区刁镇鲍家村,蔬,芹菜,章丘鲍芹,https://baike.baidu.com/item/%E9%B2%8D%E5%AE%B6%E6%9D%91/15861774|https://baike.baidu.com/item/%E9%B2%8D%E8%8A%B9/6637829
776,山东省,济南市,章丘区枣园街道万新村,蔬,大葱,章丘大葱,https://baike.baidu.com/item/%E4%B8%87%E6%96%B0%E6%9D%91/59405782|https://baike.baidu.com/item/%E7%AB%A0%E4%B8%98%E5%A4%A7%E8%91%B1/587383
777,山东省,济南市,济阳县曲堤镇,蔬,黄瓜,曲堤黄瓜,https://baike.baidu.com/item/%E6%9B%B2%E5%A0%A4/61897673|https://baike.baidu.com/item/%E6%9B%B2%E5%A0%A4%E9%BB%84%E7%93%9C/1025756
778,山东省,济南市,商河县白桥镇,蔬,大蒜,大蒜,https://baike.baidu.com/item/%E7%99%BD%E6%A1%A5%E9%95%87/515715|https://baike.baidu.com/item/%E5%95%86%E6%B2%B3%E5%A4%A7%E8%92%9C/8032031
779,山东省,济南市,商河县玉皇庙镇瓦西村,蔬,冬瓜,瓦西冬瓜,https://baike.baidu.com/item/%E7%93%A6%E8%A5%BF%E6%9D%91/58965171|https://baike.baidu.com/item/%E7%93%A6%E8%A5%BF%E9%BB%91%E7%9A%AE%E5%86%AC%E7%93%9C/23257296
780,山东省,淄博市,淄川区昆仑镇马棚村,蔬,椿芽,卧虎山椿芽,https://baike.baidu.com/item/%E9%A9%AC%E6%A3%9A%E6%9D%91/15855496#6
781,山东省,淄博市,博山区源泉镇,果,猕猴桃,珍珠泉猕猴桃,https://baike.baidu.com/item/%E6%BA%90%E6%B3%89%E9%95%87/6708655
782,山东省,淄博市,桓台县新城镇河南村,蔬,山药,细毛山药,
783,山东省,淄博市,高青县黑里寨镇,果,西瓜,昊琨西瓜,
784,山东省,淄博市,沂源县悦庄镇东悦庄村,蔬,韭菜,悦庄韭菜,
785,山东省,淄博市,沂源县张家坡镇,果,苹果,沂源苹果,
786,山东省,淄博市,沂源县中庄镇,果,苹果,中庄苹果,
787,山东省,枣庄市,峄城区榴园镇,果,石榴,榴园石榴,
788,山东省,枣庄市,山亭区店子镇,果,长红枣,店子长红枣,
789,山东省,枣庄市,山亭区冯卯镇,果,油桃,仙玉莲油桃,
790,山东省,枣庄市,山亭区水泉镇,果,樱桃,火樱桃,
791,山东省,枣庄市,山亭区徐庄镇,果,板栗,徐庄板栗,
792,山东省,枣庄市,滕州市界河镇,粮,马铃薯,滕州马铃薯,
793,山东省,东营市,河口区义和镇,果,苹果,金河口苹果,
794,山东省,东营市,垦利区永安镇,渔,大闸蟹,黄河口大闸蟹,
795,山东省,东营市,广饶县大码头镇,蔬,食用菌,大码头食用菌,
796,山东省,东营市,广饶县大王镇,蔬,蔬菜,蔬菜,
797,山东省,东营市,广饶县稻庄镇,果,草莓,鲁野草莓,
798,山东省,东营市,广饶县花官镇,蔬,大蒜、肉鸡、食用菌,大蒜、肉鸡、食用菌,
799,山东省,烟台市,福山区回里镇善疃村,果,苹果,回里苹果,
800,山东省,烟台市,福山区门楼镇仉村周村,粮,旱稻,田然禾旱稻,
801,山东省,烟台市,福山区张格庄镇,果,樱桃,张格庄大樱桃,
802,山东省,烟台市,牟平区观水镇,果,苹果,苹果,
803,山东省,烟台市,蓬莱市村里集镇,果,苹果,艾崮红苹果,
804,山东省,烟台市,蓬莱市大辛店镇,果,苹果,苹果,
805,山东省,烟台市,招远市毕郭镇官地洼村,果,西瓜,官地洼西瓜,
806,山东省,烟台市,栖霞市桃村镇国路夼村,果,樱桃,国路夼红大樱桃,
807,山东省,烟台市,栖霞市观里镇,果,苹果,栖霞苹果,
808,山东省,潍坊市,寒亭区朱里街道,蔬,萝卜,潍县萝卜,
809,山东省,潍坊市,坊子区坊安街道洼里村,蔬,有机果蔬,玉泉洼有机果蔬,
810,山东省,潍坊市,青州市王坟镇,果,山楂,青州山楂,
811,山东省,潍坊市,青州市谭坊镇,果,西瓜,谭坊西瓜,
812,山东省,潍坊市,诸城市桃林镇山东头村,茶,绿茶,怡明绿茶,
813,山东省,潍坊市,安丘市柘山镇,粮,花生,柘山花生,
814,山东省,潍坊市,临朐县冶源镇杨善集村,果,西瓜,西瓜,
815,山东省,潍坊市,昌乐县宝都街道办事处,果,西瓜,宝城西瓜,
816,山东省,济宁市,兖州区颜店镇史家村,畜,肉鸭,颜店肉鸭,
817,山东省,济宁市,曲阜市石门山镇,果,草莓,石门山草莓,
818,山东省,济宁市,邹城市看庄镇,粮,土豆,七贤宝土豆,
819,山东省,济宁市,微山县高楼乡,渔,河蟹,微山湖河蟹,
820,山东省,济宁市,微山县两城镇,蔬,大蒜,两城大蒜,
821,山东省,济宁市,鱼台县张黄镇于梅村,蔬,毛木耳,鱼台毛木耳,
822,山东省,济宁市,金乡县卜集乡杨庄村,蔬,大蒜,大蒜,
823,山东省,济宁市,嘉祥县满硐镇,蔬,辣椒,辣椒,
824,山东省,济宁市,汶上县白石镇,果,核桃,核桃,
825,山东省,济宁市,梁山县馆驿镇西张庄村,蔬,食用菌,食用菌,
826,山东省,泰安市,岱岳区房村镇,蔬,西红柿,泰山珍珠西红柿,
827,山东省,泰安市,新泰市龙廷镇掌平洼村,果,杏梅,龙廷杏梅,
828,山东省,泰安市,肥城市边院镇济河堂村,蔬,蔬菜,济河堂有机蔬菜,
829,山东省,泰安市,肥城市桃园镇,粮,马铃薯、白菜,金佛星马铃薯、桃乡宝大白菜,
830,山东省,泰安市,肥城市汶阳镇,蔬,绿菜花,瑞菏农庄绿菜花,
831,山东省,泰安市,宁阳县蒋集镇郑家龙泉村,蔬,蔬菜,有机蔬菜,
832,山东省,泰安市,东平县斑鸠店镇,蔬,大蒜,斑鸠店大蒜,
833,山东省,威海市,文登区张家产镇,药,西洋参,文登西洋参,
834,山东省,威海市,荣成市成山镇西霞口村,渔,海参,西霞口野生刺参,
835,山东省,威海市,荣成市城西河西村,果,苹果,荣成苹果,
836,山东省,威海市,荣成市俚岛镇,渔,海带,海带,
837,山东省,威海市,乳山市大孤山镇,蔬,大姜,御姜堂大姜,
838,山东省,威海市,乳山市崖子镇,果,苹果,苹果,
839,山东省,日照市,东港区陈疃镇,果,蓝莓,日照蓝莓,
840,山东省,日照市,东港区西湖镇,蔬,食用菌,十八垛食用菌,
841,山东省,日照市,岚山区巨峰镇,茶,茶叶,茶叶,
842,山东省,日照市,五莲县许孟镇,蔬,西葫芦,绿发西葫芦,
843,山东省,日照市,莒县库山乡,药,丹参、黄芩,莒县丹参、黄芩,
844,山东省,日照市,莒县夏庄镇,茶,绿茶,浮来青绿茶,
845,山东省,日照市,莒县小店镇,蔬,芦笋,文心绿芦笋,
846,山东省,莱芜市,莱城区羊里镇西留村,蔬,生姜,生姜,
847,山东省,莱芜市,莱城区羊里镇,蔬,生姜,莱芜生姜,
848,山东省,莱芜市,钢城区艾山街道办事处庙子村,其他,粉皮,庙子粉皮,
849,山东省,莱芜市,钢城区黄庄镇霞峰村,果,蜜桃,黄金蜜桃,
850,山东省,莱芜市,钢城区汶源街道,果,蟠桃,汶源蟠桃,
851,山东省,临沂市,河东区汤河镇,花,海棠,沂州海棠,
852,山东省,临沂市,沂南县双堠镇埠口村,果,油桃,绿蒙山油桃,
853,山东省,临沂市,沂南县铜井镇,其他,旅游,休闲农业,
854,山东省,临沂市,沂南县辛集镇,蔬,黄瓜,沂南黄瓜,
855,山东省,临沂市,沂水县许家湖镇,蔬,生姜,生姜,
856,山东省,临沂市,兰陵县庄坞镇,蔬,牛蒡,蒡之道牛蒡,
857,山东省,临沂市,费县胡阳镇,蔬,西红柿,胡阳西红柿,
858,山东省,临沂市,平邑县郑城镇,花,金银花,金银花,
859,山东省,临沂市,莒南县洙边镇,茶,绿茶,金龙湖绿茶,
860,山东省,临沂市,蒙阴县旧寨乡,果,蜜桃,蒙荫蜜桃,
861,山东省,临沂市,蒙阴县岱崮镇,果,蜜桃,蒙阴蜜桃,
862,山东省,德州市,乐陵市杨安镇,其他,调味品,飘牌调味品,
863,山东省,德州市,庆云县徐园子乡张培元村,蔬,大葱,祥园大葱,
864,山东省,德州市,齐河县宣章屯镇,蔬,蔬菜,晏婴蔬菜,
865,山东省,德州市,齐河县祝阿镇,果,西瓜,祝阿西瓜,
866,山东省,德州市,平原县坊子乡,蔬,西葫芦,坊欣庄园西葫芦,
867,山东省,德州市,夏津县白马湖镇前梅村,蔬,大葱,前后梅大葱,
868,山东省,德州市,武城县老城镇后庄村,蔬,辣椒,英潮武城辣椒,
869,山东省,聊城市,东昌府区堂邑镇路西村,其他,工艺葫芦,堂邑工艺葫芦,
870,山东省,聊城市,阳谷县阿城镇,蔬,蔬菜,奥德源蔬菜,
871,山东省,聊城市,莘县河店镇,果,香瓜,莘绿香瓜,
872,山东省,聊城市,莘县燕店镇,果,香瓜,王公香瓜,
873,山东省,聊城市,冠县东古城镇田马元村,果,樱桃、苹果,田马元甜樱桃、苹果,
874,山东省,聊城市,冠县兰沃乡韩路村,果,鸭梨,冠县鸭梨,
875,山东省,滨州市,滨城区三河湖镇王立平村,蔬,韭菜,笠坪韭菜,
876,山东省,滨州市,沾化县下洼镇,果,冬枣,冬枣,
877,山东省,滨州市,阳信县金阳街道办事处,果,鸭梨,阳信鸭梨,
878,山东省,滨州市,无棣县海丰街道办事处大齐村,果,杏,大齐黄金杏,
879,山东省,滨州市,博兴县店子镇,蔬,西红柿,博绿西红柿,
880,山东省,滨州市,博兴县乔庄镇,渔,对虾,黄三角南美白对虾,
881,山东省,菏泽市,定陶区陈集镇七一村,蔬,山药,天智绿业山药,
882,山东省,菏泽市,定陶区陈集镇,蔬,山药,陈集山药,
883,山东省,菏泽市,曹县青堌集镇,蔬,芦笋,芦笋,
884,山东省,菏泽市,成武县白浮图镇,蔬,芸豆,翠博芸豆,
885,山东省,菏泽市,成武县大田集镇,蔬,大蒜,田集大蒜,
886,山东省,菏泽市,巨野县大义镇吴集村,蔬,蔬菜,添口福大棚蔬菜,
887,山东省,菏泽市,巨野县陶庙镇,蔬,大蒜,大蒜,
888,山东省,菏泽市,郓城县李集镇梁楼村,蔬,芦笋,芦笋,
889,山东省,菏泽市,东明县陆圈镇马军营村,蔬,蔬菜,蔬菜,
890,山东省,青岛市,西海岸新区灵珠山街道办事处,其他,旅游,休闲农业,
891,山东省,青岛市,西海岸新区王台镇东漕汶村,蔬,蔬菜,蔬菜,
892,山东省,青岛市,西海岸新区张家楼镇丁家寨村,果,蓝莓,沃林蓝莓,
893,山东省,青岛市,西海岸新区张家楼镇,果,蓝莓,黄岛蓝莓,
894,山东省,青岛市,西海岸新区大村镇,蔬,食用菌,大村食用菌,
895,山东省,青岛市,西海岸新区海青镇,茶,茶叶,碧雪春茶叶,
896,山东省,青岛市,城阳区夏庄街道山色峪社区,果,樱桃,山色峪樱桃,
897,山东省,青岛市,红岛经济区红岛街道办事处,渔,蛤蜊,红岛蛤蜊,
898,山东省,青岛市,胶州市胶莱镇南王疃村,蔬,蔬菜,绿水蔬菜,
899,山东省,青岛市,胶州市九龙镇人荣村,蔬,番茄,老少乐樱桃番茄,
900,山东省,青岛市,胶州市里岔镇良乡一村,蔬,大白菜,胶州大白菜,
901,山东省,青岛市,胶州市胶莱镇,蔬,大白菜,胶州大白菜,
902,山东省,青岛市,胶州市胶西镇,粮,马铃薯,公信马铃薯,
903,山东省,青岛市,即墨市鳌山卫街道鳌角石村,茶,茶叶,鳌福茶叶,
904,山东省,青岛市,即墨市鳌山卫镇孙家白庙村,蔬,芋头,白庙芋头,
905,山东省,青岛市,即墨市段泊岚镇天宫院村,蔬,蔬菜,刘家庄园蔬菜,
906,山东省,青岛市,即墨市金口镇海堤村,蔬,芹菜,芹菜,
907,山东省,青岛市,平度市城关街道北窝洛子村,蔬,大姜,窝洛子大姜,
908,山东省,青岛市,平度市大泽山镇,果,葡萄,葡萄,
909,山东省,青岛市,平度市旧店镇,果,苹果,旧店苹果,
910,山东省,青岛市,平度市明村镇,果,西瓜,大黄埠西瓜,
911,山东省,青岛市,平度市仁兆镇,蔬,蔬菜,沽河蔬菜,
912,山东省,青岛市,平度市云山镇,果,樱桃,云山大樱桃,
913,山东省,青岛市,莱西市店埠镇后水口村,蔬,生姜,生姜,
914,山东省,青岛市,莱西市河头店镇姜格庄村,果,草莓,东山泉草莓,
915,山东省,青岛市,莱西市店埠镇,蔬,胡萝卜,店埠胡萝卜,
916,河南省,郑州市,新郑市龙湖镇泰山村,其他,旅游,休闲农业,https://baike.baidu.com/item/%E6%B3%B0%E5%B1%B1%E6%9D%91/17046
917,河南省,开封市,祥符区杜良乡,粮,大米,杜良大米,https://baike.baidu.com/item/%E6%9D%9C%E8%89%AF%E9%95%87/65080048|https://baike.baidu.com/item/%E6%9D%9C%E8%89%AF%E5%A4%A7%E7%B1%B3/2679261
918,河南省,开封市,杞县城郊乡平厂村,蔬,大蒜,渊启大蒜,https://baike.baidu.com/item/%E5%B9%B3%E5%8E%82%E6%9D%91/24329530
919,河南省,开封市,杞县葛岗镇孟寨村,蔬,大蒜,孟杞大蒜,https://baike.baidu.com/item/%E5%AD%9F%E5%AF%A8%E6%9D%91/58966171?fr=aladdin|https://baike.baidu.com/item/%E6%9D%9E%E5%8E%BF%E5%A4%A7%E8%92%9C/11010219
920,河南省,开封市,通许县长智镇岳寨村,果,苹果,早熟无公害苹果,
921,河南省,开封市,兰考县红庙镇夏武营村,蔬,蔬菜,夏武营蔬菜,https://baike.baidu.com/item/%E5%A4%8F%E6%AD%A6%E8%90%A5%E6%9D%91/24329532
922,河南省,洛阳市,孟津县送庄镇梁凹村,蔬,蔬菜,慧林源蔬菜,
923,河南省,平顶山市,鲁山县辛集乡张庄村,果,葡萄,华豫仙缘葡萄,
924,河南省,平顶山市,郏县长桥镇郑桥村,蔬,萝卜,坡河萝卜,
925,河南省,平顶山市,郏县冢头镇前王庄村,蔬,萝卜,大根萝卜,
926,河南省,安阳市,龙安区龙泉镇陈家坡村,花,花卉,四季春花卉苗木,
927,河南省,安阳市,林州市茶店镇,花,菊花,太行菊,
928,河南省,安阳市,内黄县后河镇,果,红枣,枣相情红枣,
929,河南省,鹤壁市,浚县伾山街道办事处角场营村,其他,元宵,元宵,
930,河南省,鹤壁市,浚县伾山街道办事处西杨玘屯村,其他,泥咕咕,浚县泥咕咕,
931,河南省,鹤壁市,浚县屯子镇郑厂村,其他,石雕,浚县石雕石刻,
932,河南省,新乡市,卫辉市安都乡庄和村,药,卫红花,卫红花,
933,河南省,新乡市,卫辉市唐庄镇仁里屯村,粮,马铃薯,仁礼信马铃薯,
934,河南省,新乡市,辉县市冀屯镇,蔬,菇类,鑫菌菇类,
935,河南省,新乡市,封丘县陈固镇东仲宫村,花,金银花,佐今明金银花,https://baike.baidu.com/item/%E4%B8%9C%E4%BB%B2%E5%AE%AB%E6%9D%91/5646565
936,河南省,新乡市,封丘县留光镇青堆村,果,树莓,树莓,https://baike.baidu.com/item/%E9%9D%92%E5%A0%86%E6%9D%91/38160|https://baike.baidu.com/item/%E5%B0%81%E4%B8%98%E5%8E%BF%E9%9D%92%E5%A0%86%E6%A0%91%E8%8E%93%E4%B8%93%E4%B8%9A%E5%90%88%E4%BD%9C%E7%A4%BE/7959482
937,河南省,焦作市,孟州市河雍办事处东田丈村,果,蜜桃,孟香蜜桃,https://baike.baidu.com/item/%E4%B8%9C%E7%94%B0%E4%B8%88%E6%9D%91/24316273
938,河南省,焦作市,博爱县寨豁乡小底村,果,樱桃,樱桃,
939,河南省,焦作市,博爱县孝敬镇,蔬,蔬菜,孝敬蔬菜,https://baike.baidu.com/item/%E5%AD%9D%E6%95%AC%E9%95%87/9690875
940,河南省,焦作市,武陟县乔庙镇马宣寨村,粮,大米,菡香大米,https://baike.baidu.com/item/%E9%A9%AC%E5%AE%A3%E5%AF%A8%E6%9D%91/24328990|https://baike.baidu.com/item/%E8%8F%A1%E9%A6%99/65346499
941,河南省,濮阳市,南乐县谷金楼镇东邵郭村,果,苹果,苹果,
942,河南省,濮阳市,南乐县西邵乡刘苑村,蔬,莲藕,苑村莲藕,
943,河南省,濮阳市,范县陈庄镇前张枣坡村,蔬,莲藕,黄河之莲莲藕,
944,河南省,濮阳市,范县陈庄乡,蔬,莲藕,黄河之莲莲藕,
945,河南省,许昌市,建安区河街乡,其他,腐竹,质源腐竹,
946,河南省,许昌市,禹州市古城镇关岗村,其他,红薯三粉,红薯三粉,
947,河南省,许昌市,襄城县十里铺镇单庄村,蔬,芦笋,单桥芦笋,
948,河南省,许昌市,襄城县王洛镇张庄村,蔬,蔬果,张庄大菜园蔬果,
949,河南省,许昌市,襄城县湛北乡尚庄村,蔬,瓜菜,大棚瓜菜,
950,河南省,漯河市,舞阳县文峰乡李斌庄村,蔬,食用菌,连华宝食用菌,
951,河南省,漯河市,临颍县杜曲镇龙堂村,蔬,蔬菜,龙云蔬菜,
952,河南省,漯河市,临颍县王岗镇,蔬,小辣椒,小辣椒,
953,河南省,三门峡市,灵宝市寺河乡,果,苹果,灵宝苹果,
954,河南省,三门峡市,灵宝市阳平镇,蔬,香菇,轩辕圣菇,
955,河南省,三门峡市,渑池县段村乡四龙庙村,果,牛心柿,牛心柿,
956,河南省,三门峡市,卢氏县横涧乡淤泥河村,畜,蚕茧,田宝琏蚕茧,
957,河南省,南阳市,南召县云阳镇,花,苗木,苗木花卉,
958,河南省,南阳市,西峡县米坪镇,蔬,香菇,西峡香菇,
959,河南省,南阳市,西峡县太平镇,药,山茱萸,西峡山茱萸,
960,河南省,南阳市,西峡县寨根乡,蔬,香菇,香菇,
961,河南省,南阳市,新野县施庵镇渠西村,蔬,芥蓝,禾惠万家芥蓝,
962,河南省,商丘市,睢阳区五里杨村,果,西瓜,西瓜,
963,河南省,商丘市,永城市城厢乡冯寨村,畜,肉牛,冯寨肉牛,
964,河南省,商丘市,永城市芒山镇柿元村,果,桃,兴民国光桃,
965,河南省,商丘市,宁陵县石桥镇,果,酥梨,酥梨,
966,河南省,商丘市,虞城县店集乡惠楼村,蔬,山药,惠楼山药,
967,河南省,商丘市,虞城县张集镇林堂村,果,苹果,史学锋苹果,
968,河南省,商丘市,虞城县郑集乡褚庄村,蔬,蔬菜,幸福童依蔬莱,
969,河南省,商丘市,夏邑县车站镇,蔬,双孢菇,孔祖宴双孢菇,
970,河南省,信阳市,浉河区十三里桥乡,花,苗木,苗木花卉,
971,河南省,信阳市,浉河区董家河镇,茶,信阳毛尖,信阳毛尖,
972,河南省,信阳市,光山县晏河乡付店村,茶,茶叶,茶叶,
973,河南省,信阳市,固始县泉河铺镇黄堰村,渔,甲鱼,固始甲鱼,
974,河南省,信阳市,潢川县卜塔集镇,花,金桂,潢川金桂,
975,河南省,信阳市,淮滨县谷堆乡申营村,蔬,黄瓜,盛世绿博水果黄瓜,
976,河南省,信阳市,息县项店镇邵楼村,粮,香稻丸,香稻丸,
977,河南省,周口市,扶沟县柴岗乡梅桥村,蔬,蔬菜,新梅园蔬菜,
978,河南省,周口市,沈丘县北城区腾营村,药,山药,槐三宝山药,
979,河南省,周口市,沈丘县纸店镇卢庄村,果,冬枣,冬枣,
980,河南省,周口市,郸城县汲冢镇,其他,红薯制品,薯乐派红薯制品,
981,河南省,周口市,淮阳县刘振屯乡,粮,花生,花生,
982,河南省,周口市,太康县马厂镇李麦村,花,苗木,花卉苗木育苗,
983,河南省,驻马店市,西平县环城乡道庄村,蔬,蘑菇,道庄双孢蘑菇,
984,河南省,驻马店市,西平县盆尧镇于营村,蔬,蔬菜,黄瓜、番茄,
985,河南省,驻马店市,上蔡县邵店镇,蔬,黄姜,邵店黄姜,
986,河南省,驻马店市,正阳县王勿桥乡黄庄村,畜,生猪,正良生猪,
987,河南省,驻马店市,正阳县真阳街道办事处,粮,花生,柏雄花生,
988,河南省,驻马店市,新蔡县余店镇东王庄村,蔬,蔬菜,有机蔬菜,
989,河南省,济源市,大峪镇寺朗腰村,蔬,大葱,寺郎腰大葱,
990,湖北省,武汉市,经济技术开发区（汉南区）邓南街建新村,粮,鲜食玉米,鲜食玉米,https://baike.baidu.com/item/%E5%BB%BA%E6%96%B0%E6%9D%91/55649566
991,湖北省,武汉市,蔡甸区侏儒山街薛山村,蔬,藜蒿,蔡甸藜蒿,https://baike.baidu.com/item/%E8%96%9B%E5%B1%B1%E6%9D%91/24479442|https://baike.baidu.com/item/%E8%94%A1%E7%94%B8%E8%97%9C%E8%92%BF/16927914
992,湖北省,武汉市,江夏区金口街金水一村,蔬,蔬菜,金口蔬菜,https://baike.baidu.com/item/%E9%87%91%E6%B0%B4%E4%B8%80%E6%9D%91/24313785
993,湖北省,武汉市,新洲区徐古街道办事处,蔬,双孢菇,徐古双孢菇,https://baike.baidu.com/item/%E5%BE%90%E5%8F%A4%E8%A1%97%E9%81%93/19461490|https://baike.baidu.com/item/%E6%96%B0%E6%B4%B2%E5%8F%8C%E5%AD%A2%E8%8F%87/16743418?fr=aladdin
994,湖北省,黄石市,阳新县兴国镇宝塔村,蔬,湖蒿,春潮湖蒿,https://baike.baidu.com/item/%E5%AE%9D%E5%A1%94%E6%9D%91/59847942|https://baike.baidu.com/item/%E9%98%B3%E6%96%B0%E6%B9%96%E8%92%BF/54153583
995,湖北省,十堰市,张湾区黄龙镇斤坪村,蔬,蔬菜,昌洁蔬菜,https://baike.baidu.com/item/%E6%96%A4%E5%9D%AA%E6%9D%91/24328993
996,湖北省,十堰市,郧阳区胡家营镇土地沟村,畜,蚕丝,桑绿蚕丝,https://baike.baidu.com/item/%E5%9C%9F%E5%9C%B0%E6%B2%9F%E6%9D%91/19825605
997,湖北省,十堰市,丹江口市武当山特区八仙观村,茶,道茶,武当道茶,https://baike.baidu.com/item/%E5%85%AB%E4%BB%99%E8%A7%82%E6%9D%91/8304715|https://baike.baidu.com/item/%E6%AD%A6%E5%BD%93%E9%81%93%E8%8C%B6/8126640
998,湖北省,十堰市,竹山县得胜镇圣水村,茶,茶叶,圣母山茶叶,https://baike.baidu.com/item/%E5%9C%A3%E6%B0%B4%E6%9D%91/1807318
999,湖北省,宜昌市,夷陵区乐天溪镇石洞坪村,蔬,木姜子,宜昌木姜子,https://baike.baidu.com/item/%E7%9F%B3%E6%B4%9E%E5%9D%AA%E6%9D%91/3914050|https://baike.baidu.com/item/%E5%AE%9C%E6%98%8C%E6%9C%A8%E5%A7%9C%E5%AD%90/1383995
1000,湖北省,宜昌市,夷陵区雾渡河镇清江坪村,茶,茶叶,茶叶,https://baike.baidu.com/item/%E6%B8%85%E6%B1%9F%E5%9D%AA%E6%9D%91/3456384
1001,湖北省,宜昌市,夷陵区小溪塔街道办仓屋榜村,果,柑橘,晓曦红柑橘,https://baike.baidu.com/item/%E4%BB%93%E5%B1%8B%E6%A6%9C%E6%9D%91/2654251|https://baike.baidu.com/item/%E5%AE%9C%E6%98%8C%E5%B8%82%E6%99%93%E6%9B%A6%E7%BA%A2%E6%9F%91%E6%A1%94%E4%B8%93%E4%B8%9A%E5%90%88%E4%BD%9C%E7%A4%BE/6650894
1002,湖北省,宜昌市,宜都市潘家湾土家族乡,茶,富锌茶,潘家湾富锌茶,https://baike.baidu.com/item/%E6%BD%98%E5%AE%B6%E6%B9%BE%E5%9C%9F%E5%AE%B6%E6%97%8F%E4%B9%A1/8308477
1003,湖北省,宜昌市,宜都市王家畈镇,茶,宜红茶,宜都宜红茶,https://baike.baidu.com/item/%E7%8E%8B%E5%AE%B6%E7%95%88%E9%95%87/18866805|https://baike.baidu.com/item/%E5%AE%9C%E9%83%BD%E5%AE%9C%E7%BA%A2%E8%8C%B6/23619019
1004,湖北省,宜昌市,宜都市红花套镇,果,蜜柑,宜都蜜柑,https://baike.baidu.com/item/%E7%BA%A2%E8%8A%B1%E5%A5%97%E9%95%87/8308256|https://baike.baidu.com/item/%E5%AE%9C%E9%83%BD%E8%9C%9C%E6%9F%91/8813226
1005,湖北省,宜昌市,当阳市两河镇,蔬,大蒜,长坂坡大蒜,
1006,湖北省,宜昌市,枝江市七星台镇鸭子口村,蔬,蔬菜,鸭子口蔬菜,
1007,湖北省,宜昌市,远安县旧县镇鹿苑村,茶,黄茶,鹿苑黄茶,
1008,湖北省,宜昌市,远安县茅坪场镇,蔬,香菇,楚蕈香菇,
1009,湖北省,襄阳市,襄州区龙王镇,粮,香米,昊宇香米,
1010,湖北省,襄阳市,南漳县肖堰镇周湾村,茶,茶叶,水镜庄茶叶,
1011,湖北省,襄阳市,南漳县巡检镇峡口村,果,柑桔,峡口柑桔,
1012,湖北省,鄂州市,鄂城区杜山镇三山村,渔,鱼,鱼,
1013,湖北省,荆门市,东宝区栗溪镇栗树湾村,蔬,香菇,香菇,
1014,湖北省,荆门市,钟祥市旧口镇农兴村,蔬,白萝卜,七里湖白萝卜,
1015,湖北省,荆门市,钟祥市张集镇王河村,蔬,香菇,钟祥香菇,
1016,湖北省,荆门市,京山县钱场镇舒岭村,畜,蛋鸡,神地笼养蛋鸡,
1017,湖北省,荆门市,京山县永兴镇老柳河村,渔,龟鳖,老柳河龟鳖,
1018,湖北省,孝感市,孝南区肖港镇,蔬,小香葱,肖港小香葱,
1019,湖北省,孝感市,应城市汤池镇,渔,中华鳖,中华鳖,
1020,湖北省,孝感市,安陆市巡店镇,蔬,白花菜,安陆白花菜,
1021,湖北省,孝感市,汉川市汈汊湖养殖场联南村,渔,蟹,汈汊湖中华绒螯蟹,
1022,湖北省,孝感市,孝昌县丰山镇丰新村,果,桃,七仙红桃,
1023,湖北省,孝感市,大悟县三里城镇,茶,绿茶,大悟绿茶,
1024,湖北省,孝感市,大悟县新城镇,粮,花生,齐天花生,
1025,湖北省,孝感市,云梦县城关镇白合村,蔬,花菜,白合花菜,
1026,湖北省,荆州市,荆州区川店镇太阳村,畜,鸡,肉鸡、蛋鸡、种鸡,
1027,湖北省,荆州市,荆州区纪南镇,渔,青鱼,海子湖青鱼,
1028,湖北省,荆州市,石首市南口镇永福村,蔬,蔬菜,南鑫蔬菜,
1029,湖北省,荆州市,洪湖市螺山镇中原（官墩）村,渔,河蟹,洪湖清水河蟹,
1030,湖北省,荆州市,洪湖市乌林镇赤林村,渔,中华鳖,洪湖世元中华鳖,
1031,湖北省,荆州市,洪湖市燕窝镇四村,蔬,莴苣,姚湖莴苣,
1032,湖北省,荆州市,洪湖市沙口镇,粮,再生稻,洪湖再生稻,
1033,湖北省,荆州市,松滋市八宝镇胜利村,果,西瓜,滋宝西瓜,
1034,湖北省,荆州市,公安县埠河镇天心眼村,果,葡萄,荆楚天心眼葡萄,
1035,湖北省,荆州市,监利县黄歇口镇,粮,贡米,青阳宫贡米,
1036,湖北省,黄冈市,麻城市宋埠镇彭店村,蔬,辣椒,麻城辣椒,
1037,湖北省,黄冈市,武穴市余川镇芦河村,蔬,佛手山药,佛手山药,
1038,湖北省,黄冈市,英山县杨柳湾镇河南畈村,茶,云雾茶,英山云雾茶,
1039,湖北省,咸宁市,咸安区汀泗桥镇黄荆塘村,茶,砖茶,咸安砖茶,
1040,湖北省,咸宁市,赤壁市茶庵镇,茶,砖茶,羊楼洞砖茶,
1041,湖北省,咸宁市,赤壁市官塘驿镇,果,猕猴桃,有机猕猴桃,
1042,湖北省,咸宁市,嘉鱼县高铁岭镇白果村,果,枇杷,嘉博枇杷,
1043,湖北省,咸宁市,嘉鱼县潘家湾镇,蔬,蔬菜,蔬菜,
1044,湖北省,咸宁市,通城县北港镇枫树村,畜,生猪,通城生猪,
1045,湖北省,咸宁市,崇阳县路口镇高田村,畜,肉牛,高田肉牛,
1046,湖北省,咸宁市,通山县大畈镇大坑村,果,枇杷,隐水洞枇杷,
1047,湖北省,咸宁市,通山县南林桥镇石垅村,渔,小龙虾,小龙虾,
1048,湖北省,随州市,广水市长岭乡红寨村,蔬,萝卜,白玉春萝卜,
1049,湖北省,随州市,随县安居镇王家沙湾村,蔬,黑白菜,皱叶黑白菜,
1050,湖北省,随州市,随县草店镇,蔬,香菇,香菇,
1051,湖北省,恩施州,恩施市板桥镇大山顶村,蔬,蔬菜,大山鼎蔬菜,
1052,湖北省,恩施州,恩施市屯堡乡花枝山村,茶,恩施玉露,恩施玉露,
1053,湖北省,恩施州,恩施市芭蕉乡,茶,茶叶,茶叶,
1054,湖北省,恩施州,利川市毛坝镇,茶,利川茶,星斗山利川茶,
1055,湖北省,恩施州,巴东县水布垭镇大面山村,蔬,辣椒,应城辣椒,
1056,湖北省,恩施州,宣恩县椒园镇,茶,贡茶,伍家台贡茶,
1057,湖北省,恩施州,咸丰县丁寨乡春沟村,花,苗木,苗木花卉,
1058,湖北省,恩施州,来凤县漫水乡油房坳村,油,油茶,茂森缘油茶,
1059,湖北省,恩施州,来凤县三胡乡黄柏村,茶,藤茶,金祈藤茶,
1060,湖北省,仙桃市,彭场镇芦林湖村,蔬,藕带,藕带,
1061,湖北省,仙桃市,长埫口镇太洪村,渔,稻蛙,太鸿蛙稻,
1062,湖北省,仙桃市,长埫口镇武旗村,蔬,毛豆,武旗湾毛豆,
1063,湖北省,仙桃市,张沟镇,渔,黄鳝,沔阳洲黄鳝,
1064,湖北省,潜江市,积玉口镇古城村,渔,虾稻,虾稻连作,
1065,湖北省,潜江市,熊口镇赵脑村,渔,小龙虾,虾小弟小龙虾,
1066,湖北省,天门市,黄潭镇万场村,果,西甜瓜,万长西甜瓜,
1067,湖北省,天门市,张港镇,蔬,花椰菜,花椰菜,
1068,湖南省,长沙市,浏阳市淳口镇狮岩村,其他,竹木,冠湘竹木,https://baike.baidu.com/item/%E7%8B%AE%E5%B2%A9%E6%9D%91/24309928
1069,湖南省,长沙市,浏阳市永安镇坪头村,粮,米,永安超米,https://baike.baidu.com/item/%E5%9D%AA%E5%A4%B4%E6%9D%91/54984602
1070,湖南省,长沙市,浏阳市大围山镇,果,梨,大围山梨,https://baike.baidu.com/item/%E5%A4%A7%E5%9B%B4%E5%B1%B1%E9%95%87/3939253|https://baike.baidu.com/item/%E5%A4%A7%E5%9B%B4%E5%B1%B1%E6%A2%A8/23613573
1071,湖南省,长沙市,宁乡县沩山镇八角溪村,茶,茶叶,茶叶,
1072,湖南省,株洲市,荷塘区仙庾镇蝶屏村,花,花卉,花卉苗木,https://baike.baidu.com/item/%E8%9D%B6%E5%B1%8F%E6%9D%91/24313154
1073,湖南省,株洲市,渌口区龙门镇李家村,蔬,蔬菜,蔬菜,
1074,湖南省,株洲市,渌口区朱亭镇黄龙村,蔬,蕨菜,湘春蕨菜,https://baike.baidu.com/item/%E6%9C%B1%E4%BA%AD%E9%95%87/4012979
1075,湖南省,株洲市,茶陵县湖口镇小潭村,粮,红薯,红薯,https://baike.baidu.com/item/%E6%B9%96%E5%8F%A3%E9%95%87/13551?fr=aladdin#5-2
1076,湖南省,湘潭市,湘潭县茶恩寺镇,其他,竹木制品,竹木制品,https://baike.baidu.com/item/%E8%8C%B6%E6%81%A9%E5%AF%BA%E9%95%87/5585791
1077,湖南省,湘潭市,湘潭县花石镇,粮,湘莲,宏兴隆、粒粒珍湘莲,https://baike.baidu.com/item/%E8%8A%B1%E7%9F%B3%E9%95%87/79213|https://baike.baidu.com/item/%E7%B2%92%E7%B2%92%E7%8F%8D%E6%B9%98%E8%8E%B2%E6%9C%89%E9%99%90%E5%85%AC%E5%8F%B8/2543435
1078,湖南省,衡阳市,衡山县店门镇石门村,其他,席草,席草、草席,
1079,湖南省,衡阳市,祁东县黄土铺镇,蔬,黄花菜,祁东黄花菜,https://baike.baidu.com/item/%E9%BB%84%E5%9C%9F%E9%93%BA%E9%95%87/4849852|https://baike.baidu.com/item/%E7%A5%81%E4%B8%9C%E9%BB%84%E8%8A%B1%E8%8F%9C/392782
1080,湖南省,邵阳市,大祥区檀江乡茶元村,蔬,蔬菜,蔬菜,
1081,湖南省,邵阳市,武冈市邓元泰镇凤溪村,果,脐橙,凤溪脐橙,
1082,湖南省,邵阳市,洞口县水东镇高新村,蔬,食用菌,食用菌,
1083,湖南省,岳阳市,君山区广兴洲镇,蔬,蔬菜,蔬菜,
1084,湖南省,岳阳市,汨罗市桃林寺镇,粮,红薯,蓉泰红薯,
1085,湖南省,岳阳市,临湘市羊楼司镇,其他,竹制品,林乡竹业制品,
1086,湖南省,常德市,津市市钟灵村,蔬,藠头,田家山藠头,
1087,湖南省,常德市,汉寿县辰阳街道办事处席家咀村,蔬,蔬菜,时令蔬菜,
1088,湖南省,常德市,桃源县茶庵铺镇,茶,野茶王,桃源野茶王,
1089,湖南省,张家界市,永定区教字垭镇禹溪村,果,金秋梨,禹溪金秋梨,
1090,湖南省,张家界市,永定区尹家溪镇茅溪村,果,桃,鲜桃,
1091,湖南省,益阳市,沅江市草尾镇民主村,蔬,洋蒜苗,洋蒜苗,
1092,湖南省,益阳市,沅江市琼湖街道办事处万子湖村,渔,捕捞、养殖,远征捕捞、水产养殖,
1093,湖南省,郴州市,资兴市汤溪镇,茶,狗脑贡茶,狗脑贡茶,
1094,湖南省,郴州市,桂阳县樟市镇,油,油茶,油茶,
1095,湖南省,郴州市,临武县贝溪村,蔬,香芋,舜溪香芋,
1096,湖南省,永州市,零陵区邮亭圩镇对塘坪村,果,柑桔,柑桔,
1097,湖南省,永州市,蓝山县塔峰镇花果村,果,葡萄,志昱葡萄,
1098,湖南省,永州市,江华瑶族自治县大路铺镇兰下村,果,雪梨,瑶山雪梨,
1099,湖南省,怀化市,中方县桐木镇,果,葡萄,葡萄,
1100,湖南省,怀化市,沅陵县官庄镇,茶,茶叶,碣滩官庄茶叶,
1101,湖南省,怀化市,靖州苗族侗族自治县坳上镇,果,杨梅,靖州杨梅,
1102,湖南省,娄底市,冷水江市铎山镇眉山村,果,葡萄,锦绣嵋山葡萄,
1103,湖南省,娄底市,双峰县甘棠村盐井村,药,玉竹,湘玉竹中药材,
1104,湖南省,湘西州,古丈县默戎镇牛角山村,茶,黄金茶,保靖黄金茶,
1105,湖南省,湘西州,古丈县默戎镇毛坪村,茶,古丈毛尖,古丈毛尖,
1106,湖南省,湘西州,永顺县高坪乡,果,猕猴桃,鸿丰猕猴桃,
1107,湖南省,湘西州,龙山县里耶镇比耳村,果,脐橙,里耶脐橙,
1108,湖南省,湘西州,龙山县石牌镇,花,百合,百合,
1109,广东省,广州市,从化区鳌头镇黄茅村,蔬,竹笋,黄茅人甜竹笋,
1110,广东省,广州市,增城区小楼镇西境村,蔬,菜心,增城菜心,https://baike.baidu.com/item/%E8%A5%BF%E5%A2%83%E6%9D%91/3231982|https://baike.baidu.com/item/%E8%BF%9F%E8%8F%9C%E5%BF%83/8586316
1111,广东省,韶关市,乐昌市九峰镇上廊村,果,油桃,九峰山油桃,
1112,广东省,韶关市,乐昌市九峰镇茶料村,果,柰李,九峰山柰李,
1113,广东省,韶关市,始兴县罗坝镇燎原村,畜,蚕茧,蚕茧,
1114,广东省,韶关市,仁化县大桥镇长坝村,果,沙田柚,御香源沙田柚,https://baike.baidu.com/item/%E9%95%BF%E5%9D%9D%E6%9D%91/24278833|https://baike.baidu.com/item/%E9%95%BF%E5%9D%9D%E6%B2%99%E7%94%B0%E6%9F%9A/4772910
1115,广东省,韶关市,仁化县黄坑镇黄坑村,果,贡柑,黄坑贡柑,
1116,广东省,韶关市,新丰县黄磜镇,蔬,佛手瓜,新丰佛手瓜,https://baike.baidu.com/item/%E9%BB%84%E7%A3%9C%E9%95%87/19855299|https://baike.baidu.com/item/%E6%96%B0%E4%B8%B0%E4%BD%9B%E6%89%8B%E7%93%9C/4030565
1117,广东省,珠海市,斗门区莲州镇石龙村,花,苗木,石龙苗木,https://baike.baidu.com/item/%E7%9F%B3%E9%BE%99%E6%9D%91/61966618
1118,广东省,汕头市,潮南区陇田镇东华村,果,蕉柑,东华特绿蕉柑,https://baike.baidu.com/item/%E4%B8%9C%E5%8D%8E%E6%9D%91/16702
1119,广东省,佛山市,高明区杨和镇丽堂新村,蔬,蔬菜,丽堂蔬菜,https://baike.baidu.com/item/%E4%B8%BD%E5%A0%82%E6%96%B0%E6%9D%91/24326066
1120,广东省,江门市,台山市冲蒌镇,蔬,黑皮冬瓜,冲蒌黑皮冬瓜,https://baike.baidu.com/item/%E5%86%B2%E8%92%8C%E9%95%87/2682789|https://baike.baidu.com/item/%E5%86%B2%E8%92%8C%E9%BB%91%E7%9A%AE%E5%86%AC%E7%93%9C/4561372
1121,广东省,江门市,恩平市牛江镇,粮,马铃薯,马铃薯,https://baike.baidu.com/item/%E7%89%9B%E6%B1%9F%E9%95%87/5319986|https://baike.baidu.com/item/%E6%81%A9%E5%B9%B3%E9%A9%AC%E9%93%83%E8%96%AF/50213595
1122,广东省,湛江市,廉江市长山镇,茶,茗皇茶,茗皇茶,https://baike.baidu.com/item/%E9%95%BF%E5%B1%B1%E9%95%87/6070029|https://baike.baidu.com/item/%E8%8C%97%E7%9A%87%E8%8C%B6%E4%B8%9A/6223457
1123,广东省,湛江市,遂溪县河头镇山域村委会油塘村,渔,罗非鱼,罗非鱼,https://baike.baidu.com/item/%E6%B2%B9%E6%B2%B3%E5%A1%98%E6%9D%91/6575155?fr=aladdin
1124,广东省,茂名市,电白区沙琅镇,畜,龟鳖,祥寿龟鳖,
1125,广东省,茂名市,电白区旦场镇,畜,鸭蛋,正红鸭蛋,
1126,广东省,茂名市,化州市平定镇,药,化橘红,化橘红,
1127,广东省,茂名市,信宜市钱排镇,果,三华李,银妃三华李,
1128,广东省,肇庆市,四会市石狗镇程村村,花,兰花,兰花,
1129,广东省,肇庆市,怀集县梁村镇,果,西瓜,西瓜,
1130,广东省,肇庆市,德庆县官圩镇五福村,果,贡柑,德庆贡柑,
1131,广东省,肇庆市,德庆县马圩镇诰赠村,果,贡柑,贡柑,
1132,广东省,惠州市,惠东县稔山镇竹园村,粮,马铃薯,马铃薯,
1133,广东省,梅州市,梅县区石扇镇西南村,果,金柚,金柚,
1134,广东省,梅州市,梅县区松口镇大黄村,果,金柚,大黄金柚,
1135,广东省,梅州市,梅县区雁洋镇长教村,茶,茶叶,雁南飞茶叶,
1136,广东省,梅州市,兴宁市径南镇浊水村,茶,乌龙茶,围龙春乌龙茶,
1137,广东省,梅州市,大埔县百侯镇侯北村,果,蜜柚,大埔蜜柚,
1138,广东省,梅州市,大埔县枫朗镇和村,果,蜜柚,梅妃蜜柚,
1139,广东省,梅州市,大埔县高陂镇福员村,茶,茶叶,王山玉露,
1140,广东省,梅州市,丰顺县龙岗镇马图村,茶,绿茶,马山绿茶,
1141,广东省,梅州市,蕉岭县新铺镇黄坑村,茶,茶叶,黄坑茶叶,
1142,广东省,汕尾市,海丰县黄羌镇虎敢村,蔬,金针菜,虎敢金针菜,
1143,广东省,汕尾市,陆河县南万镇万全村,茶,单丛茶,参天峰白叶单丛茶,
1144,广东省,河源市,连平县上坪镇中村村,果,蜜桃,鹰嘴蜜桃,
1145,广东省,河源市,连平县忠信镇上坣村,花,花灯,忠信花灯,
1146,广东省,河源市,和平县东水镇增坑畲族村,茶,皇茶,增坑村皇茶,
1147,广东省,河源市,和平县下车镇云峰村,果,猕猴桃,下车猕猴桃,
1148,广东省,河源市,东源县顺天镇,果,柠檬,中兴绿丰柠檬,
1149,广东省,阳江市,阳东区雅韶镇柳西村,果,荔枝,双肩玉荷包荔枝,
1150,广东省,阳江市,阳春市圭岗镇上垌村,畜,蚕桑,蚕桑,
1151,广东省,清远市,连州市龙坪镇孔围村,果,水晶梨,鸿星水晶梨,
1152,广东省,清远市,连州市西岸镇冲口村,茶,茶心,连州茶心,
1153,广东省,揭阳市,揭东区埔田镇,蔬,竹笋,埔田竹笋,
1154,广东省,揭阳市,普宁市洪阳镇宝镜院村,花,花卉,宝镜院太空花卉,
1155,广东省,揭阳市,普宁市高埔镇,果,青梅,普宁青梅,
1156,广东省,揭阳市,揭西县五经富镇五新村,茶,茶叶,茶叶,
1157,广东省,揭阳市,惠来县葵潭镇,果,菠萝,菠萝,
1158,广东省,云浮市,罗定市榃滨镇金滩村,药,肉桂,肉桂,
1159,广东省,云浮市,罗定市萃塘镇良官村,蔬,蔬菜,海惠蔬菜,
1160,广东省,云浮市,罗定市泗纶镇,其他,蒸笼,泗纶蒸笼,
1161,广东省,云浮市,郁南县宝珠镇庞寨村,果,荔枝,庞寨黑叶荔枝,
1162,广东省,云浮市,郁南县建城镇便民村,果,黄皮,郁南无核黄皮,
1163,广西壮族自治区,桂林市,荔浦县东昌镇民强村,蔬,芋,荔浦芋,https://baike.baidu.com/item/%E6%B0%91%E5%BC%BA%E6%9D%91/55623655|https://baike.baidu.com/item/%E8%8D%94%E6%B5%A6%E8%8A%8B/150152
1164,广西壮族自治区,桂林市,永福县龙江乡龙山村,药,罗汉果,罗汉果,https://baike.baidu.com/item/%E9%BE%99%E5%B1%B1%E6%9D%91/24279111
1165,广西壮族自治区,钦州市,浦北县官垌镇旺（土充）村,渔,鱼,官垌鱼,https://baike.baidu.com/item/%E6%97%BA%E5%86%B2%E6%9D%91/55625277|https://baike.baidu.com/item/%E5%AE%98%E5%9E%8C%E9%B1%BC/4162977
1166,广西壮族自治区,百色市,凌云县沙里乡浪伏村,茶,白毫茶,有机白毫茶,https://baike.baidu.com/item/%E6%B5%AA%E4%BC%8F%E6%9D%91/24313242|https://baike.baidu.com/item/%E7%99%BD%E6%AF%AB%E8%8C%B6/5810371
1167,广西壮族自治区,百色市,田东县祥周镇中平村,蔬,香葱,香葱,https://baike.baidu.com/item/%E4%B8%AD%E5%B9%B3%E6%9D%91/19827737
1168,广西壮族自治区,柳州市,柳江区成团镇鲁比村,果,葡萄,葡萄,https://baike.baidu.com/item/%E9%B2%81%E6%AF%94%E6%9D%91/23785596
1169,广西壮族自治区,柳州市,柳江区百朋镇,蔬,莲藕,双季莲藕,https://baike.baidu.com/item/%E7%99%BE%E6%9C%8B%E9%95%87/4876827
1170,广西壮族自治区,贵港市,桂平市金田镇,药,淮山,淮山山药,https://baike.baidu.com/item/%E9%87%91%E7%94%B0%E9%95%87/5089021
1171,广西壮族自治区,百色市,靖西县新靖镇旧州村,其他,绣球,旧州绣球,https://baike.baidu.com/item/%E6%97%A7%E5%B7%9E%E6%9D%91/51556732|https://baike.baidu.com/item/%E9%9D%96%E8%A5%BF%E6%97%A7%E5%B7%9E%E7%BB%A3%E7%90%83/8340703
1172,广西壮族自治区,百色市,田阳县田州镇兴城村,蔬,番茄,壮乡红番茄,https://baike.baidu.com/item/%E5%85%B4%E5%9F%8E%E6%9D%91/59713407
1173,广西壮族自治区,柳州市,三江县八江乡布央村,茶,茶叶,三江春茶叶,https://baike.baidu.com/item/%E5%B8%83%E5%A4%AE%E6%9D%91/16527174|https://baike.baidu.com/item/%E4%B8%89%E6%B1%9F%E6%97%A9%E6%98%A5%E8%8C%B6/67366317
1174,广西壮族自治区,玉林市,容县容州镇千秋村,果,沙田柚,容县沙田柚,
1175,广西壮族自治区,玉林市,陆川县大桥镇陆透村,畜,猪,陆川猪,
1176,广西壮族自治区,钦州市,灵山县文利镇,畜,水牛奶,百强水牛奶,
1177,广西壮族自治区,桂林市,恭城县莲花镇势江村,果,月柿,恭城月柿,
1178,广西壮族自治区,梧州市,岑溪市筋竹镇,果,砂糖桔,砂糖桔,
1179,广西壮族自治区,柳州市,三江侗族自治县丹洲镇丹洲村,其他,旅游,休闲农业,
1180,广西壮族自治区,桂林市,灌阳县新街镇江口村,果,雪梨,灌阳雪梨,
1181,广西壮族自治区,贺州市,富川瑶族自治县葛坡镇马槽村,果,脐橙,富川脐橙,
1182,广西壮族自治区,梧州市,藤县古龙镇,其他,八角,八角,
1183,广西壮族自治区,北海市,银海区福成镇宁海村,果,哈密瓜,北甜一号哈密瓜,
1184,广西壮族自治区,玉林市,玉州区仁东镇大鹏村,蔬,香蒜,仁东香蒜,
1185,广西壮族自治区,贺州市,昭平县走马乡福行村,茶,茶叶,将军红茶叶,
1186,广西壮族自治区,河池市,天峨县八腊瑶族乡五福村,果,珍珠李,龙滩珍珠李,
1187,广西壮族自治区,百色市,田阳县田州镇东江村,果,芒果,桂佳芒果,
1188,广西壮族自治区,来宾市,忻城县马泗乡马泗村,蔬,果蔬,马泗果蔬,
1189,广西壮族自治区,玉林市,容县容州镇木井村,药,铁皮石斛,铁皮石斛,
1190,广西壮族自治区,南宁市,隆安县那桐镇定江村,果,香蕉,绿水江香蕉,
1191,广西壮族自治区,桂林市,灌阳县灌阳镇大仁村,果,雪梨,灌阳雪梨,
1192,广西壮族自治区,河池市,南丹县六寨镇龙马村,茶,茶叶,六龙岩赤茶叶,
1193,广西壮族自治区,百色市,田阳县田州镇,蔬,番茄,壮乡红番茄,
1194,广西壮族自治区,贺州市,八步区贺街镇,蔬,淮山,贺街淮山,
1195,广西壮族自治区,柳州市,融安县大将镇,果,金桔,金桔,
1196,广西壮族自治区,梧州市,藤县和平镇,蔬,粉葛,粉葛,
1197,广西壮族自治区,桂林市,兴安县漠川乡,果,葡萄,川珠王葡萄,
1198,广西壮族自治区,来宾市,忻城县城关镇,粮,糯玉米,珍珠糯玉米,
1199,广西壮族自治区,来宾市,忻城县北更乡,花,金银花,八寨金银花,
1200,广西壮族自治区,南宁市,横县校椅镇石井村,花,茉莉花,南宁周顺来茉莉花,
1201,广西壮族自治区,百色市,田林县八渡瑶族乡博峨村,蔬,八渡笋,平作八渡笋,
1202,广西壮族自治区,桂林市,灌阳县灌阳镇长坪村,果,雪梨,灌阳雪梨,
1203,广西壮族自治区,桂林市,灵川县潭下镇合群村,果,沙糖桔,伊泉沙糖桔,
1204,广西壮族自治区,钦州市,浦北县小江镇公家村,果,百香果,浦百百香果,
1205,广西壮族自治区,百色市,西林县古障镇西舍村,茶,绿茶,京桂古道绿茶,
1206,广西壮族自治区,百色市,田阳县田州镇龙河村,蔬,番茄,伟农番茄,
1207,广西壮族自治区,贺州市,八步区贺街镇双瑞村,蔬,淮山,临贺淮山,
1208,广西壮族自治区,河池市,南丹县月里镇巴峨村,粮,大米,溪谷源记大米,
1209,广西壮族自治区,桂林市,恭城瑶族自治县莲花镇,果,月柿,恭城月柿,
1210,广西壮族自治区,贺州市,富川瑶族自治县福利镇,果,脐橙,富川脐橙,
1211,广西壮族自治区,百色市,凌云县加尤镇百陇村,茶,白毫茶,凌云白毫茶,
1212,广西壮族自治区,河池市,南丹县芒场镇巴平村,粮,巴平米,南丹巴平米,
1213,广西壮族自治区,百色市,田东县林逢镇东养村,果,芒果,百色芒果,
1214,广西壮族自治区,桂林市,灌阳县新圩镇合睦村,果,黑李,黑李,
1215,广西壮族自治区,钦州市,灵山县平南镇桃禾村,茶,茶叶,茶叶,
1216,广西壮族自治区,玉林市,容县灵山镇旺维村,果,蜜桔,清香蜜桔,
1217,广西壮族自治区,百色市,西林县足别瑶族苗族乡央龙村,茶,茶,足龙茶,
1218,广西壮族自治区,钦州市,钦南区那丽镇殿艮村,蔬,辣椒、黄瓜,辣椒、黄瓜,
1219,广西壮族自治区,百色市,那坡县百南乡上隆村,果,西贡蕉,西贡蕉,
1220,广西壮族自治区,贺州市,富川县古城镇高路村,粮,大米,富香壹佰有机大米,
1221,海南省,万宁市,礼纪镇三星村,蔬,豇豆,豇豆,https://baike.baidu.com/item/%E4%B8%89%E6%98%9F%E6%9D%91/55622747
1222,海南省,万宁市,龙滚镇,果,菠萝,龙滚菠萝,https://baike.baidu.com/item/%E9%BE%99%E6%BB%9A%E9%95%87/8634374|https://baike.baidu.com/item/%E4%B8%87%E5%AE%81%E9%BE%99%E6%BB%9A%E8%8F%A0%E8%90%9D/56794211
1223,海南省,屯昌县,西昌镇群星村,畜,山鸡,天涯一号山鸡,https://baike.baidu.com/item/%E8%A5%BF%E6%98%8C%E9%95%87/4046353#5-2
1224,海南省,屯昌县,枫木镇,蔬,苦瓜,枫绿苦瓜,https://baike.baidu.com/item/%E6%9E%AB%E6%9C%A8%E9%95%87/4044777
1225,海南省,澄迈县,桥头镇沙土村,粮,地瓜,地瓜,https://baike.baidu.com/item/%E6%B2%99%E5%9C%9F%E6%9D%91/56746637
1226,海南省,昌江县,十月田镇姜园村,蔬,圣女果,圣女果,https://baike.baidu.com/item/%E5%A7%9C%E5%9B%AD%E6%9D%91/18183686
1227,海南省,陵水县,光坡镇武山村,蔬,圣女果,陵水圣女果,https://baike.baidu.com/item/%E6%AD%A6%E5%B1%B1%E6%9D%91/55910388|https://baike.baidu.com/item/%E9%99%B5%E6%B0%B4%E5%9C%A3%E5%A5%B3%E6%9E%9C/19739537
1228,海南省,乐东县,佛罗镇福塘村,果,哈密瓜,大棚哈密瓜,https://baike.baidu.com/item/%E7%A6%8F%E5%A1%98%E6%9D%91/55622734
1229,海南省,琼中县,和平镇长兴村,果,槟榔,槟榔,https://baike.baidu.com/item/%E9%95%BF%E5%85%B4%E6%9D%91/55618971
1230,重庆市,万州区,万州区太安镇凤凰村,粮,香米,茶乡香米,https://baike.baidu.com/item/%E9%87%8D%E5%BA%86%E5%B8%82%E4%B8%87%E5%B7%9E%E5%8C%BA%E5%A4%AA%E5%AE%89%E9%95%87%E5%87%A4%E5%87%B0%E7%A4%BE%E5%8C%BA/20129635?fr=aladdin
1231,重庆市,万州区,万州区甘宁镇永胜村,果,橙,玫瑰香橙,
1232,重庆市,万州区,万州区孙家镇兰草村,茶,茶,三峡佛印茶,https://baike.baidu.com/item/%E5%85%B0%E8%8D%89%E6%9D%91/5356892
1233,重庆市,涪陵区,涪陵区珍溪镇西桥村,蔬,榨菜,榨菜,https://baike.baidu.com/item/%E8%A5%BF%E6%A1%A5%E6%9D%91/55560368
1234,重庆市,南岸区,南岸区广阳镇回龙桥村,果,枇杷,广迥枇杷,
1235,重庆市,北碚区,北碚区静观镇,花,腊梅,素心腊梅,https://baike.baidu.com/item/%E9%9D%99%E8%A7%82%E9%95%87/443243|https://baike.baidu.com/item/%E7%B4%A0%E5%BF%83%E8%9C%A1%E6%A2%85/9427304
1236,重庆市,綦江区,綦江区隆盛镇中桥村,蔬,蔬菜,正浩蔬菜,https://baike.baidu.com/item/%E4%B8%AD%E6%A1%A5%E6%9D%91/59877531'
1237,重庆市,綦江区,綦江区石壕镇万隆村,粮,玉米,花坝糯玉米,https://baike.baidu.com/item/%E4%B8%87%E9%9A%86%E6%9D%91/22917070
1238,重庆市,綦江区,綦江区赶水镇石房村,蔬,萝卜,萝卜,https://baike.baidu.com/item/%E7%9F%B3%E6%88%BF%E6%9D%91/22218394
1239,重庆市,綦江区,綦江区赶水镇,蔬,萝卜,赶水草蔸萝卜,https://baike.baidu.com/item/%E8%B5%B6%E6%B0%B4%E9%95%87/9148107|https://baike.baidu.com/item/%E8%B5%B6%E6%B0%B4%E8%8D%89%E8%94%B8%E8%90%9D%E5%8D%9C/59942722
1240,重庆市,万盛经开区,万盛经开区青年镇,茶,剑名,滴翠剑名,https://baike.baidu.com/item/%E4%B8%87%E7%9B%9B%E7%BB%8F%E5%BC%80%E5%8C%BA%E9%9D%92%E5%B9%B4%E9%95%87%E4%BA%BA%E6%B0%91%E6%94%BF%E5%BA%9C/56778298|https://baike.baidu.com/item/%E6%BB%B4%E7%BF%A0%E5%89%91%E5%90%8D/58538513
1241,重庆市,万盛经开区,万盛经开区青年镇堡堂村,果,蜜柚,堡堂蜜柚,https://baike.baidu.com/item/%E5%A0%A1%E5%A0%82%E6%9D%91/5983629
1242,重庆市,渝北区,渝北区茨竹镇大面坡村,蔬,青椒,青椒,https://baike.baidu.com/item/%E5%A4%A7%E9%9D%A2%E5%9D%A1%E6%9D%91/59881042
1243,重庆市,渝北区,渝北区茨竹镇放牛坪村,果,梨,放牛坪香梨,
1244,重庆市,渝北区,渝北区大盛镇天险洞村,蔬,蘑菇,天险洞蘑菇,
1245,重庆市,渝北区,渝北区大湾镇太和村,渔,鱼,淡水鱼,
1246,重庆市,渝北区,渝北区统景镇印盒村,果,李,歪嘴李,
1247,重庆市,江津区,江津区吴滩镇现龙村,蔬,花椒,江津花椒,
1248,重庆市,江津区,江津区先锋镇,蔬,花椒,江津花椒,
1249,重庆市,合川区,合川区渭沱镇七星村,蔬,蔬菜,涪江绿蔬菜,
1250,重庆市,合川区,合川区太和镇米市村,蔬,苦瓜,鲜苦瓜等蔬菜,
1251,重庆市,合川区,合川区双凤镇黄池村,果,李,皇池李李子,
1252,重庆市,永川区,永川区南大街街道办事处黄瓜山村,果,梨,黄瓜山梨,
1253,重庆市,南川区,南川区头渡镇前星村,药,玄参,金佛山玄参,
1254,重庆市,南川区,南川区德隆乡茶树村,茶,大树茶,南川大树茶,
1255,重庆市,南川区,南川区德隆乡银杏村,畜,蜂蜜,金佛山蜂蜜,
1256,重庆市,南川区,南川区庆元乡飞龙村,畜,鸡,南川鸡,
1257,重庆市,璧山区,璧山区大兴镇连生村,果,葡萄,璧山葡萄,
1258,重庆市,璧山区,璧山区七塘镇跃进村,蔬,蔬菜,璧北蔬菜,
1259,重庆市,潼南区,潼南区桂林街道办事处,蔬,蔬菜,蔬菜,
1260,重庆市,荣昌区,荣昌区盘龙镇长岭村,蔬,生姜,生姜,
1261,重庆市,开州区,开州区长沙镇锦橙社区,果,柑橘,春橙72-1柑橘,
1262,重庆市,开州区,开州区长沙镇兴农村,果,春橙,开县春橙,
1263,重庆市,梁平区,梁平区合兴镇,果,柚子,梁平柚子,
1264,重庆市,梁平区,梁平区礼让镇川西村,渔,黄桑鱼,康乐黄桑鱼,
1265,重庆市,梁平区,梁平区云龙镇三清村,蔬,萝卜,殷佳坝萝卜,
1266,重庆市,梁平区,梁平区屏锦镇腰塘村,畜,鸡蛋,雨雷牌鸡蛋,
1267,重庆市,彭水县,彭水县郁山镇,粮,苕粉,郁山晶丝苕粉,
1268,重庆市,彭水县,彭水县苗族土家族自治县新田镇,粮,红薯,红薯,
1269,重庆市,彭水县,彭水县岩东乡,果,李,渝佳晚熟清脆李,
1270,重庆市,彭水县,彭水县鞍子镇,粮,大米,苗妹香香大米,
1271,重庆市,武隆区,武隆区双河镇,蔬,蔬菜,武隆高山蔬菜,
1272,重庆市,城口县,城口县河鱼乡平溪村,畜,鸡,城口山地鸡,
1273,重庆市,城口县,城口县坪坝镇光明村,果,猕猴桃,红心猕猴桃,
1274,重庆市,云阳县,云阳县农坝镇云峰村,药,天麻,云阳乌天麻,
1275,重庆市,云阳县,云阳县盘龙街道活龙社区,果,脐橙,纽荷尔脐橙,
1276,重庆市,云阳县,云阳县养鹿镇,果,晚橙,云阳晚橙,
1277,重庆市,巫溪县,巫溪县城厢镇酒泉村,果,李,酒洲香脆李,
1278,重庆市,巫溪县,巫溪县兰英乡西安村,药,独活,巫溪独活,
1279,重庆市,巫溪县,巫溪县塘坊镇梓树村,粮,马铃薯,脱毒马铃薯,
1280,重庆市,石柱县,石柱县龙沙镇永丰村,蔬,辣椒,辣椒,
1281,重庆市,石柱县,石柱县枫木乡,药,黄连,黄连,
1282,重庆市,石柱县,石柱县冷水镇八龙村,蔬,莼菜,莼菜,
1283,四川省,成都市,龙泉驿区山泉镇,果,水蜜桃,春泉水蜜桃,https://baike.baidu.com/item/%E5%B1%B1%E6%B3%89%E9%95%87/24504|https://baike.baidu.com/item/%E9%BE%99%E6%B3%89%E9%A9%BF%E6%B0%B4%E8%9C%9C%E6%A1%83/158812
1284,四川省,成都市,青白江区福洪镇杏花村,果,杏,福洪杏,https://baike.baidu.com/item/%E6%9D%8F%E8%8A%B1%E6%9D%91/17514070|https://baike.baidu.com/item/%E7%A6%8F%E6%B4%AA%E6%9D%8F/6566253
1285,四川省,成都市,郫都区唐元镇锦宁村,蔬,韭黄,唐元韭黄,https://baike.baidu.com/item/%E9%94%A6%E5%AE%81%E6%9D%91/5927442|https://baike.baidu.com/item/%E5%94%90%E5%85%83%E9%9F%AD%E9%BB%84/7677883
1286,四川省,成都市,郫都区友爱镇农科村,花,花卉、旅游,花卉苗木、乡村旅游,https://baike.baidu.com/item/%E5%86%9C%E7%A7%91%E6%9D%91/17896121
1287,四川省,成都市,简阳市贾家镇,果,桃,农阳桃,https://baike.baidu.com/item/%E8%B4%BE%E5%AE%B6%E9%95%87/7116450
1288,四川省,成都市,金堂县官仓镇,蔬,蔬菜,官仓蔬菜,https://baike.baidu.com/item/%E5%AE%98%E4%BB%93%E8%A1%97%E9%81%93/24065506
1289,四川省,成都市,蒲江县成佳镇同心村,茶,雀舌,蒲江雀舌,https://baike.baidu.com/item/%E5%90%8C%E5%BF%83%E6%9D%91/59883251|https://baike.baidu.com/item/%E8%92%B2%E6%B1%9F%E9%9B%80%E8%88%8C/1829196
1290,四川省,自贡市,贡井区白庙镇,果,血橙,李必祥血橙,https://baike.baidu.com/item/%E7%99%BD%E5%BA%99%E9%95%87/10456
1291,四川省,自贡市,贡井区建设镇,果,早香柚,贡井龙都早香柚,https://baike.baidu.com/item/%E5%BB%BA%E8%AE%BE%E9%95%87/9244932|https://baike.baidu.com/item/%E8%B4%A1%E4%BA%95%E9%BE%99%E9%83%BD%E6%97%A9%E9%A6%99%E6%9F%9A/23622285
1292,四川省,自贡市,贡井区龙潭镇,蔬,蔬菜,川龙潭蔬菜,https://baike.baidu.com/item/%E9%BE%99%E6%BD%AD%E9%95%87/9555811
1293,四川省,自贡市,荣县古文镇,蔬,蔬菜,忆天香蔬菜,https://baike.baidu.com/item/%E5%8F%A4%E6%96%87%E9%95%87/6163904
1294,四川省,自贡市,荣县双古镇,茶,绿茶,龙都绿茶,
1295,四川省,攀枝花市,仁和区大田镇片那立村,果,石榴,攀西大田石榴,
1296,四川省,攀枝花市,米易县丙谷镇,蔬,早春蔬菜,米易早春蔬菜,
1297,四川省,泸州市,纳溪区护国镇,茶,特早茶,纳溪特早茶,
1298,四川省,泸州市,泸县太伏镇,果,龙眼,蜀冠龙眼,
1299,四川省,泸州市,合江县合江镇龙潭村,果,荔枝,荔枝,
1300,四川省,泸州市,合江县虎头乡,果,荔枝,真龙荔枝,
1301,四川省,泸州市,合江县密溪乡,果,真龙柚,合江真龙柚,
1302,四川省,德阳市,广汉市兴隆镇,蔬,蔬菜,欣竺灵蔬菜,
1303,四川省,德阳市,罗江区鄢家镇,果,蜜柚,西蜀云峰蜜柚,
1304,四川省,德阳市,中江县集凤镇,药,丹参,中江丹参,
1305,四川省,绵阳市,游仙区凤凰乡木龙村,蔬,胡萝卜,木龙观胡萝卜,
1306,四川省,绵阳市,江油市西屏乡桃园村,畜,獭兔,蒲军獭兔,
1307,四川省,绵阳市,江油市九岭镇,蔬,蔬菜,九禾蔬菜,
1308,四川省,绵阳市,三台县永新镇崭山村,果,米枣,崭山米枣,
1309,四川省,绵阳市,三台县花园镇,药,麦冬,涪城麦冬,
1310,四川省,绵阳市,梓潼县许州镇,果,蜜柚,文昌添宝蜜柚,
1311,四川省,广元市,昭化区紫云乡紫云村,果,猕猴桃,紫云猕猴桃,
1312,四川省,广元市,朝天区平溪乡,蔬,蔬菜,曾家山蔬菜,
1313,四川省,广元市,旺苍县木门镇三合村,茶,黄茶,广元黄茶,
1314,四川省,广元市,青川县青溪镇阴平村,其他,旅游,休闲农业,
1315,四川省,广元市,苍溪县歧坪镇盐井村,果,猕猴桃,猕猴桃,
1316,四川省,遂宁市,安居区安居镇塘河村,果,沙田柚,沙田柚,
1317,四川省,内江市,市中区永安镇太平寺村,渔,鱼,江龙鱼,
1318,四川省,内江市,东兴区田家镇,蔬,大蒜,紫皮大蒜,
1319,四川省,内江市,威远县界牌镇南强村,果,无花果,向家岭无花果,
1320,四川省,内江市,威远县向义镇,蔬,蔬菜,向义蔬菜,
1321,四川省,内江市,资中县公民镇高石坝子村,畜,生猪,生猪,
1322,四川省,内江市,隆昌县响石镇群乐村,渔,水产,古宇湖水产养殖,
1323,四川省,乐山市,井研县纯复乡,渔,水产,纯丰水产,
1324,四川省,乐山市,沐川县炭库乡石碑村,茶,茶叶,茶叶,
1325,四川省,乐山市,沐川县富和乡,果,猕猴桃,旭峰猕猴桃,
1326,四川省,乐山市,沐川县利店镇,茶,茶叶,沐蕊茶叶,
1327,四川省,南充市,高坪区永安镇青林村,果,柑桔,柑桔,
1328,四川省,南充市,阆中市方山镇雪洞村,蔬,生姜,雪洞生姜,
1329,四川省,南充市,南部县定水镇庙子山村,果,葡萄,牧加梁葡萄,
1330,四川省,南充市,西充县古楼镇,果,香桃,充国香桃,
1331,四川省,眉山市,彭山区观音镇果园村,果,葡萄,紫红园葡萄,
1332,四川省,眉山市,仁寿县文宫镇石家村,果,枇杷,枇杷,
1333,四川省,眉山市,仁寿县新店乡,果,柑橘,九道拐柑橘,
1334,四川省,眉山市,洪雅县中山乡前锋村,茶,茶叶,雅雨露茶叶,
1335,四川省,眉山市,丹棱县双桥镇梅湾村,果,橘橙,丹棱橘橙,
1336,四川省,眉山市,青神县白果乡,果,椪柑,青神椪柑,
1337,四川省,宜宾市,南溪区南溪镇莲花村,畜,白鹅,四川白鹅,
1338,四川省,宜宾市,高县大窝镇大屋村,茶,绿茶,早白尖绿茶,
1339,四川省,宜宾市,高县羊田乡,茶,茶叶,华早茶叶,
1340,四川省,宜宾市,珙县底洞镇楠桥村,畜,蚕桑,蚕桑,
1341,四川省,广安市,华蓥市禄市镇,果,蜜梨,广安蜜梨,
1342,四川省,广安市,邻水县石滓乡大步口村,果,脐橙,潾山脐橙,
1343,四川省,达州市,达川区米城乡尖山庙村,粮,大米,米城大米,
1344,四川省,达州市,万源市青花镇,茶,雀舌,巴山雀舌,
1345,四川省,达州市,宣汉县庙安乡,果,脆红李,庙安脆红李,
1346,四川省,达州市,大竹县高明乡同心村,蔬,食用菌,竹香姑食用菌,
1347,四川省,达州市,大竹县石河镇,其他,苎麻,大竹苎麻,
1348,四川省,雅安市,雨城区合江镇,茶,藏茶,雅安藏茶,
1349,四川省,雅安市,名山区茅河乡香水村,茶,茶叶、茶苗,茶叶、茶苗,
1350,四川省,雅安市,汉源县双溪乡镇,果,白凤桃,白凤桃,
1351,四川省,巴中市,恩阳区关公镇西南村,果,葡萄,刘家坡葡萄,
1352,四川省,巴中市,恩阳区渔溪镇五岭村,果,猕猴桃,渔久猕猴桃,
1353,四川省,巴中市,南江县杨坝镇罐坝村,畜,黄羊,南江黄羊,
1354,四川省,资阳市,安岳县城北乡柳溪村,果,柠檬,柠檬,
1355,四川省,资阳市,安岳县龙台镇石笋村,果,柠檬,安岳柠檬,
1356,四川省,资阳市,安岳县岳阳镇,果,柠檬,安岳柠檬,
1357,四川省,阿坝州,汶川县雁门乡芤山村,果,甜樱桃,汶川甜樱桃,
1358,四川省,阿坝州,茂县南新镇罗山村,果,脆红李,羌寨苑脆红李,
1359,四川省,阿坝州,松潘县山巴乡上磨村,其他,旅游,休闲农业,
1360,四川省,阿坝州,红原县江茸乡茸日玛村,畜,绵羊,阳噶藏绵羊,
1361,四川省,甘孜州,泸定县新兴乡堡子村,蔬,大白菜,大白菜,
1362,四川省,甘孜州,泸定县烹坝乡黄草坪村,果,苹果,雪域野农苹果,
1363,四川省,甘孜州,九龙县乌拉溪镇偏桥村,蔬,花椒,绿之源九龙花椒,
1364,四川省,凉山州,盐源县卫城镇,果,苹果,糖心红富士,
1365,四川省,凉山州,会理县鹿厂镇铜矿村,果,石榴,石榴,
1366,四川省,凉山州,宁南县新村乡碧窝村,畜,蚕茧,南丝路蚕茧,
1367,四川省,凉山州,金阳县芦稿镇油房村,蔬,青花椒,金阳青花椒,
1368,四川省,凉山州,雷波县五官乡青杠村,果,脐橙,雷波脐橙,
1369,贵州省,贵阳市,白云区牛场布依族乡蓬莱村,其他,旅游,休闲农业,https://baike.baidu.com/item/%E8%93%AC%E8%8E%B1%E6%9D%91/59844108
1370,贵州省,贵阳市,乌当区百宜镇罗广村,粮,红香米,罗广红香米,
1371,贵州省,贵阳市,清镇市红枫湖镇大冲村,蔬,番茄,黔山番茄,https://baike.baidu.com/item/%E5%A4%A7%E5%86%B2%E6%9D%91/24280054
1372,贵州省,贵阳市,清镇市红枫湖镇右七村,果,葡萄,红枫葡萄,https://baike.baidu.com/item/%E5%8F%B3%E4%B8%83%E6%9D%91/14900079|https://baike.baidu.com/item/%E7%BA%A2%E6%9E%AB%E6%B9%96%E8%91%A1%E8%90%84/22072868
1373,贵州省,贵阳市,息烽县小寨坝镇红岩村,果,葡萄,红岩葡萄,https://baike.baidu.com/item/%E7%BA%A2%E5%B2%A9%E6%9D%91/55023250|https://baike.baidu.com/item/%E7%BA%A2%E5%B2%A9%E8%91%A1%E8%90%84/20303369
1374,贵州省,贵阳市,修文县谷堡乡平滩村,果,猕猴桃,修文猕猴桃,https://baike.baidu.com/item/%E5%B9%B3%E6%BB%A9%E6%9D%91/55907045|https://baike.baidu.com/item/%E4%BF%AE%E6%96%87%E7%8C%95%E7%8C%B4%E6%A1%83/16842177
1375,贵州省,贵安新区,高峰镇王家院村,果,葡萄,水晶葡萄,
1376,贵州省,贵安新区,马场镇林卡村,蔬,辣椒,林卡辣椒,https://baike.baidu.com/item/%E6%9E%97%E5%8D%A1%E6%9D%91/10473520|https://baike.baidu.com/item/%E8%B4%B5%E5%B7%9E%E6%9E%97%E5%8D%A1%E9%A6%99%E8%BE%A3%E5%88%B6%E5%93%81%E6%9C%89%E9%99%90%E5%85%AC%E5%8F%B8/51780787
1377,贵州省,六盘水市,水城县米箩乡倮么村,果,猕猴桃,黔宏红心猕猴桃,https://baike.baidu.com/item/%E5%80%AE%E4%B9%88%E6%9D%91/14830215|https://baike.baidu.com/item/%E6%B0%B4%E5%9F%8E%E7%BA%A2%E5%BF%83%E7%8C%95%E7%8C%B4%E6%A1%83/14071426?fr=aladdin
1378,贵州省,六盘水市,盘州市普古乡舍烹村,果,刺梨,刺梨,https://baike.baidu.com/item/%E8%88%8D%E7%83%B9%E6%9D%91/15899536|https://baike.baidu.com/item/%E7%9B%98%E5%B7%9E%E5%88%BA%E6%A2%A8/24497907
1379,贵州省,遵义市,新蒲新区虾子镇,蔬,辣椒,辣椒,https://baike.baidu.com/item/%E8%99%BE%E5%AD%90%E9%95%87/4062336
1380,贵州省,遵义市,赤水市长期镇五七村,药,金钗石斛,金钗石斛,
1381,贵州省,遵义市,桐梓县大河镇七二村,其他,旅游,休闲农业,https://baike.baidu.com/item/%E4%B8%83%E4%BA%8C%E6%9D%91/24238707
1382,贵州省,遵义市,绥阳县小关乡银花村,花,金银花,小关金银花,https://baike.baidu.com/item/%E9%93%B6%E8%8A%B1%E6%9D%91/59844111|https://baike.baidu.com/item/%E7%BB%A5%E9%98%B3%E9%87%91%E9%93%B6%E8%8A%B1/17079503?fr=aladdin
1383,贵州省,遵义市,凤冈县永安镇田坝村,茶,茶叶,茶叶,
1384,贵州省,遵义市,湄潭县湄江街道办事处核桃坝村,茶,茶叶,茶叶,
1385,贵州省,遵义市,湄潭县湄江街道办事处金花村,茶,红茶绿茶,遵义红绿茶,
1386,贵州省,遵义市,湄潭县永兴镇茅坝村,粮,米,茅贡米,
1387,贵州省,安顺市,西秀区旧州镇罗官村,茶,茶叶,正维茶叶,
1388,贵州省,安顺市,平坝区天龙镇二官村,蔬,蔬菜,蔬菜,
1389,贵州省,安顺市,普定县化处镇化新村,蔬,韭黄,白旗韭黄,
1390,贵州省,安顺市,普定县猫洞镇新民村,茶,绿茶,罩子山绿茶,
1391,贵州省,安顺市,关岭布依族苗族自治县板贵乡坝山村,果,火龙果,板贵火龙果,
1392,贵州省,安顺市,关岭布依族苗族自治县坡贡镇凡化村,蔬,小黄姜,坡贡小黄姜,
1393,贵州省,毕节市,黔西县洪水镇新桥村,蔬,食用菌,腾达食用菌,
1394,贵州省,毕节市,金沙县清池镇普安村,药,天麻,大方天麻,
1395,贵州省,毕节市,金沙县清池镇园坪村,茶,绿茶,清水塘绿茶,
1396,贵州省,毕节市,威宁彝族回族苗族自治县麻乍镇双胞塘村,蔬,辣椒,辣椒,
1397,贵州省,铜仁市,江口县闵孝镇,果,葡萄,梵乡提红葡萄,
1398,贵州省,铜仁市,石阡县聚凤仡佬族侗族乡指甲坪村,茶,苔茶,石阡苔茶,
1399,贵州省,铜仁市,石阡县五德镇团结村,果,水蜜桃,源优态水蜜桃,
1400,贵州省,铜仁市,印江土家族苗族自治县缠溪镇湄坨村,茶,茶,梵净山茶,
1401,贵州省,黔西南州,兴义市泥凼镇老寨村,茶,苦丁茶,苦丁茶,
1402,贵州省,黔西南州,兴义市则戎乡冷洞村,花,金银花,万峰林金银花,
1403,贵州省,黔西南州,安龙县德卧镇白水河村,花,金银花,安龙金银花,
1404,贵州省,黔东南州,凯里市大风洞乡杉树林村,果,葡萄,黔峰原水晶葡萄,
1405,贵州省,黔东南州,黄平县旧州镇东门村,蔬,蔬菜,飞云崖蔬菜,
1406,贵州省,黔东南州,施秉县牛大场镇牛大场村,药,太子参,太子参,
1407,贵州省,黔东南州,岑巩县注溪乡六部屯村,粮,杂稻制种,杂稻制种,
1408,贵州省,黔东南州,岑巩县注溪镇,果,思州柚,思州柚,
1409,贵州省,黔东南州,锦屏县茅坪镇下寨村,果,香桔,茅坪香桔,
1410,贵州省,黔东南州,丹寨县龙泉镇卡拉村,其他,鸟笼,鸟笼,
1411,贵州省,黔南州,都匀市毛尖镇坪阳村,茶,都匀毛尖,都匀毛尖,
1412,贵州省,黔南州,福泉市金山街道双谷村,果,福梨,金谷福梨,
1413,贵州省,黔南州,荔波县玉屏镇拉岜村,果,蜜柚,樟江蜜柚,
1414,贵州省,黔南州,贵定县云雾镇,茶,贡茶,贵定云雾贡茶,
1415,贵州省,黔南州,独山县影山镇翁奇村,茶,茶叶,奎文阁茶叶,
1416,贵州省,黔南州,长顺县鼓扬镇鼓扬村,畜,蛋鸡,长顺绿壳蛋鸡,
1417,贵州省,黔南州,龙里县谷脚镇茶香村,果,刺梨,龙里刺梨,
1418,贵州省,黔南州,三都水族自治县普安镇前进村,果,葡萄,交梨山野葡萄,
1419,云南省,昆明市,呈贡区斗南镇斗南村,花,花卉,花卉产业,https://baike.baidu.com/item/%E6%96%97%E5%8D%97%E6%9D%91/10476100
1420,云南省,曲靖市,麒麟区茨营乡茨营村委会,蔬,蔬菜,茨营河蔬菜,https://baike.baidu.com/item/%E8%8C%A8%E8%90%A5%E6%9D%91/799732
1421,云南省,曲靖市,麒麟区珠街街道中所村,果,葡萄,红美珠葡萄,https://baike.baidu.com/item/%E4%B8%AD%E6%89%80%E6%9D%91/18349991
1422,云南省,曲靖市,沾益区大坡乡大坡村,花,万寿菊,万寿菊,https://baike.baidu.com/item/%E5%A4%A7%E5%9D%A1%E6%9D%91/9332117
1423,云南省,曲靖市,宣威市宝山镇安益村,粮,马铃薯,紫云宝马铃薯,https://baike.baidu.com/item/%E5%AE%89%E7%9B%8A%E6%9D%91/59853690
1424,云南省,曲靖市,师宗县彩云镇足法村,蔬,辣椒,足法辣椒,https://baike.baidu.com/item/%E8%B6%B3%E6%B3%95%E6%9D%91/5886311
1425,云南省,曲靖市,师宗县高良乡科白村,粮,薏仁,高良薏仁,https://baike.baidu.com/item/%E7%A7%91%E7%99%BD%E6%9D%91/1670236|https://baike.baidu.com/item/%E9%AB%98%E8%89%AF%E8%8B%A1%E4%BB%81%E7%B1%B3/24165446
1426,云南省,曲靖市,罗平县板桥镇,蔬,小黄姜,罗平小黄姜,https://baike.baidu.com/item/%E6%9D%BF%E6%A1%A5%E9%95%87/4245760|https://baike.baidu.com/item/%E7%BD%97%E5%B9%B3%E5%B0%8F%E9%BB%84%E5%A7%9C/3818943
1427,云南省,曲靖市,富源县大河镇,畜,乌猪,富源大河乌猪,https://baike.baidu.com/item/%E5%A4%A7%E6%B2%B3%E9%95%87/9482686|https://baike.baidu.com/item/%E5%AF%8C%E6%BA%90%E5%A4%A7%E6%B2%B3%E4%B9%8C%E7%8C%AA/23613597
1428,云南省,玉溪市,华宁县华溪镇,果,柑桔,华宁柑桔,https://baike.baidu.com/item/%E5%8D%8E%E6%BA%AA%E9%95%87/2126245|https://baike.baidu.com/item/%E5%8D%8E%E5%AE%81%E6%9F%91%E6%A1%94/8439538
1429,云南省,玉溪市,新平彝族傣族自治县漠沙镇,蔬,苦瓜,漠沙苦瓜,
1430,云南省,保山市,隆阳区潞江镇登高村,蔬,冬早蔬菜,登高坝冬早蔬菜,
1431,云南省,保山市,隆阳区潞江镇新寨村,其他,咖啡,保山小粒咖啡,
1432,云南省,保山市,腾冲市马站乡兴华社区,茶,乌龙茶,极边乌龙茶,
1433,云南省,保山市,龙陵县平达镇小河村,茶,茶叶,滇珍紫香茶叶,
1434,云南省,昭通市,昭阳区洒渔镇,果,苹果,昭福苹果,
1435,云南省,昭通市,昭阳区苏家院镇,果,苹果,昭通苹果,
1436,云南省,昭通市,鲁甸县龙头山镇,蔬,青花椒,三川半青花椒,
1437,云南省,昭通市,盐津县敦厚村,畜,乌骨鸡,盐津乌骨鸡,
1438,云南省,丽江市,永胜县六德乡营山村,畜,乌骨鸡,他留乌骨鸡,
1439,云南省,丽江市,华坪县荣将镇龙头村,果,芒果,芒香源芒果,
1440,云南省,普洱市,澜沧拉祜族自治县惠民镇,茶,茶叶,景迈香茶叶,
1441,云南省,临沧市,凤庆县凤山镇安石村,茶,红茶,中国滇红第一村茶叶,
1442,云南省,临沧市,沧源佤族自治县勐董镇芒摆村,茶,有机茶,碧丽源有机茶,
1443,云南省,楚雄州,姚安县前场镇新街村,蔬,大蒜,大蒜,
1444,云南省,楚雄州,大姚县三台乡,果,核桃,大姚核桃,
1445,云南省,红河州,蒙自市新安所镇,果,石榴,蒙自石榴,
1446,云南省,红河州,弥勒市东风农场管理局,果,葡萄,弥勒葡萄,
1447,云南省,红河州,弥勒市新哨镇里方村,蔬,韭黄,民丰韭黄,
1448,云南省,红河州,建水县甸尾乡铁所村,粮,马铃薯,美秀福新马铃薯,
1449,云南省,红河州,建水县面甸镇闫把寺村,蔬,洋葱,面甸洋葱,
1450,云南省,红河州,石屏县龙朋镇甸中村,蔬,甘蓝,结球甘蓝,
1451,云南省,文山州,文山市坝心乡他披村,果,梨,文山他披梨,
1452,云南省,文山州,砚山县稼依镇小稼依村,蔬,辣椒,咪彩辣椒,
1453,云南省,文山州,砚山县维摩乡倮可者村,蔬,辣椒,辣椒,
1454,云南省,文山州,丘北县树皮乡树皮村,蔬,辣椒,丘北辣椒,
1455,云南省,西双版纳州,景洪市大渡岗乡,茶,普洱茶,大渡岗普洱茶,
1456,云南省,西双版纳州,勐海县布朗山乡班章村,茶,有机茶,复原昌号有机茶,
1457,云南省,西双版纳州,勐海县勐遮镇曼根村,粮,稻米,曼根傣贡稻米,
1458,云南省,大理州,宾川县宾居镇,果,柑桔,宾川柑桔,
1459,云南省,大理州,宾川县金牛镇,果,葡萄,宾川红提葡萄,
1460,云南省,大理州,云龙县宝丰乡大栗树村,茶,绿茶,云龙绿茶,
1461,云南省,大理州,漾濞彝族自治县苍山西镇光明村,果,核桃,漾濞大波核桃,
1462,云南省,大理州,巍山彝族回族自治县马鞍山乡三胜村,果,红雪梨,巍山红雪梨,
1463,云南省,德宏州,芒市遮放镇,粮,贡米,遮放贡米,
1464,云南省,德宏州,瑞丽市勐秀镇勐典村,果,柠檬,红瑞柠檬,
1465,云南省,德宏州,梁河县大厂乡回龙寨村,茶,回龙茶,梁河回龙茶,
1466,西藏自治区,拉萨市,蔡公堂乡白定村,蔬,果蔬,果蔬,
1467,西藏自治区,拉萨市,堆龙德庆区古荣乡巴热村,粮,糌粑,巴热糌粑,https://baike.baidu.com/item/%E5%B7%B4%E7%83%AD%E6%9D%91/59878058
1468,西藏自治区,拉萨市,堆龙德庆区古荣乡嘎冲村,畜,藏鸡,堆龙藏鸡,https://baike.baidu.com/item/%E5%98%8E%E5%86%B2%E6%9D%91/13875928
1469,西藏自治区,拉萨市,堆龙德庆区乃琼镇岗德林村,蔬,蔬菜、花卉,蔬菜、花卉,
1470,西藏自治区,拉萨市,尼木县吞巴乡吞达村,其他,藏香,吞弥圣香藏香,https://baike.baidu.com/item/%E5%90%9E%E8%BE%BE%E6%9D%91/7329942|https://baike.baidu.com/item/%E5%90%9E%E5%B7%B4%E8%97%8F%E9%A6%99/15885744
1471,西藏自治区,拉萨市,达孜县雪乡扎西岗村,其他,面具,布塑面具,skip\
1472,西藏自治区,日喀则市,南木林县艾玛乡山巴村,粮,土豆,艾玛土豆,https://baike.baidu.com/item/%E5%B1%B1%E5%B7%B4%E6%9D%91/55615789https://baike.baidu.com/item/%E8%89%BE%E7%8E%9B%E5%9C%9F%E8%B1%86/6379614
1473,西藏自治区,日喀则市,江孜县江热乡白伦村,蔬,大蒜,江孜大蒜,
1474,西藏自治区,日喀则市,白朗县嘎东镇贵热村,粮,糌粑,罗旦糌粑,https://baike.baidu.com/item/%E8%B4%B5%E7%83%AD%E6%9D%91/55615813
1475,西藏自治区,日喀则市,仲巴县霍尔巴乡玉来村,畜,绵羊,霍尔巴绵羊,https://baike.baidu.com/item/%E7%8E%89%E6%9D%A5%E6%9D%91/24329008|https://baike.baidu.com/item/%E9%9C%8D%E5%B0%94%E5%B7%B4%E7%BB%B5%E7%BE%8A/59314325
1476,西藏自治区,日喀则市,岗巴县直克乡乃村,畜,羊,岗巴羊，,https://baike.baidu.com/item/%E4%B9%83%E6%9D%91/59878075|https://baike.baidu.com/item/%E5%B2%97%E5%B7%B4%E7%BE%8A/16842892
1477,西藏自治区,昌都市,柴维乡翁达岗村,其他,佛像,佛像制作,https://baike.baidu.com/item/%E7%BF%81%E8%BE%BE%E5%B2%97%E6%9D%91/24316020|https://baike.baidu.com/item/%E6%98%8C%E9%83%BD%E5%98%8E%E7%8E%9B%E9%93%B6%E5%99%A8%E5%B7%A5%E8%89%BA/1036085?fr=aladdin
1478,西藏自治区,昌都市,贡觉县阿旺乡,畜,绵羊,阿旺绵羊,https://baike.baidu.com/item/%E9%98%BF%E6%97%BA%E4%B9%A1/6539851
1479,西藏自治区,昌都市,左贡县旺达镇木龙村,其他,藏香,古琼藏香,https://baike.baidu.com/item/%E6%9C%A8%E9%BE%99%E6%9D%91/23215556
1480,西藏自治区,昌都市,芒康县纳西民族乡纳西村,果,葡萄,葡萄,
1481,西藏自治区,林芝市,布久乡甲日卡村,果,苹果,苹果,
1482,西藏自治区,林芝市,工布江达县错高镇错高村,畜,藏香猪,藏香猪,
1483,西藏自治区,林芝市,察隅县下察隅镇,粮,香米,察隅香米,
1484,西藏自治区,林芝市,朗县洞嘎镇滚村,蔬,辣椒,郎敦红辣椒,
1485,西藏自治区,山南市,扎囊县扎其乡申藏村,其他,木雕,木雕工艺品,
1486,西藏自治区,山南市,琼结县加麻乡白松村,畜,半细绵羊,半细绵羊,
1487,西藏自治区,山南市,加查县冷达乡嘎玛吉塘村,果,蓝莓,蓝莓,
1488,西藏自治区,山南市,隆子县隆子镇扎果村,畜,奶牛,聂雄奶牛,
1489,西藏自治区,那曲地区,那曲县罗玛镇4村,畜,畜产品,畜产品,
1490,西藏自治区,阿里地区,日土县热帮乡龙门卡村,畜,绒山羊,绒山羊,
1491,陕西省,西安市,灞桥区狄寨街道办事处,果,葡萄,灞桥葡萄,
1492,陕西省,西安市,阎良区关山镇,果,甜瓜,馥康甜瓜,
1493,陕西省,西安市,临潼区骊山街办胡王村,果,石榴,石榴,
1494,陕西省,西安市,长安区王莽街道办事处,果,桃,王莽鲜桃,
1495,陕西省,西安市,鄠邑区草堂镇叶寨村,果,葡萄,户县葡萄,
1496,陕西省,西安市,鄠邑区蒋村镇同兴村,蔬,瓜菜,大棚瓜菜,
1497,陕西省,西安市,蓝田县华胥镇阿氏村,果,杏,娲氏大杏,
1498,陕西省,西安市,周至县楼观镇,果,猕猴桃,周至猕猴桃,
1499,陕西省,西安市,周至县楼观镇周一村,果,猕猴桃,周一村猕猴桃,
1500,陕西省,西安市,周至县马召镇,果,猕猴桃,周至猕猴桃,
1501,陕西省,西安市,周至县马召镇西富饶村,果,猕猴桃,猕猴桃,
1502,陕西省,西安市,周至县司竹镇骆驼营村,果,猕猴桃,周山至水猕猴桃,
1503,陕西省,铜川市,新区正阳路办事处陈坪村,果,樱桃,维美大樱桃,
1504,陕西省,铜川市,耀州区石柱镇马咀村,蔬,果蔬,锦阳湖果蔬,
1505,陕西省,铜川市,王益区黄堡镇孟家塬村,果,桃、柿子,桃、柿子,
1506,陕西省,铜川市,王益区王益街道办塬畔村,果,樱桃、草莓,大樱桃、草莓,
1507,陕西省,铜川市,印台区陈炉镇,其他,陶瓷,陈炉陶瓷,
1508,陕西省,铜川市,印台区广阳镇,果,苹果,铜川苹果,
1509,陕西省,宝鸡市,金台区马家原村,果,葡萄,马家原葡萄,
1510,陕西省,宝鸡市,陈仓区慕仪镇,蔬,蔬菜,四季佳禾蔬菜,
1511,陕西省,宝鸡市,凤翔县范家寨镇,果,苹果,雍州苹果,
1512,陕西省,宝鸡市,岐山县蔡家坡镇唐家岭村,果,猕猴桃,岐安唐猕猴桃,
1513,陕西省,宝鸡市,扶风县天度镇永平村,果,苹果,乔山红苹果,
1514,陕西省,宝鸡市,眉县金渠镇第二坡村,果,猕猴桃,猕猴桃,
1515,陕西省,宝鸡市,眉县金渠镇,果,猕猴桃,金桥猕猴桃,
1516,陕西省,宝鸡市,千阳县南寨镇三合村,果,苹果,西秦竞秀苹果,
1517,陕西省,宝鸡市,凤县平木镇,蔬,蔬菜,秦岭部落蔬菜,
1518,陕西省,宝鸡市,太白县咀头镇塘口村,蔬,蔬菜,太白山蔬菜,
1519,陕西省,杨凌示范区,大寨乡官村,果,西甜瓜,西甜瓜蔬菜,
1520,陕西省,杨凌示范区,揉谷镇新集村,果,葡萄,葡鑫葡萄,
1521,陕西省,杨凌示范区,杨陵街道办事处崔东沟村,果,猕猴桃,东沟圣果猕猴桃,
1522,陕西省,咸阳市,渭城区周陵社区严家沟村,果,葡萄,葡萄,
1523,陕西省,咸阳市,兴平市西吴街道办来祁寨村,果,油桃,汉茂油桃,
1524,陕西省,咸阳市,三原县鲁桥镇,蔬,蔬菜,鲁桥蔬菜,
1525,陕西省,咸阳市,泾阳县云阳镇花马村,蔬,蔬菜,蔬菜,
1526,陕西省,咸阳市,泾阳县云阳镇,蔬,蔬菜,泾云蔬菜,
1527,陕西省,咸阳市,乾县漠西社区夹道村,蔬,大葱,大葱,
1528,陕西省,咸阳市,礼泉县西张堡镇白村,果,苹果,苹果,
1529,陕西省,咸阳市,礼泉县烟霞镇袁家村,其他,旅游,休闲农业,
1530,陕西省,咸阳市,礼泉县昭陵社区前山村,果,石榴,石榴,
1531,陕西省,咸阳市,旬邑县张洪镇,果,苹果,旬宝苹果,
1532,陕西省,咸阳市,武功县贞元镇南可村,其他,手织布,南可手织布,
1533,陕西省,渭南市,临渭区官道镇武赵村,果,冬枣,渭乐天冬枣,
1534,陕西省,渭南市,临渭区下吉镇见庄村,果,葡萄,秦浓红提葡萄,
1535,陕西省,渭南市,临渭区向阳办赤水村,果,樱桃,大樱桃,
1536,陕西省,渭南市,临渭区官路镇,蔬,果蔬,绿泰果蔬,
1537,陕西省,渭南市,韩城市王峰镇李家山村,蔬,花椒,冶户川花椒,
1538,陕西省,渭南市,韩城市西庄镇道口梁村,蔬,花椒,满山红花椒,
1539,陕西省,渭南市,韩城市昝村镇史带村,蔬,蔬菜,临河蔬菜,
1540,陕西省,渭南市,韩城市桑树坪镇王峰村,蔬,花椒,韩城大红袍花椒,
1541,陕西省,渭南市,华阴市华西镇北洛村,果,红提,红提,
1542,陕西省,渭南市,大荔县埝桥镇黄营村,蔬,果蔬,果蔬,
1543,陕西省,渭南市,大荔县羌白镇白村,果,冬枣,大荔冬枣,
1544,陕西省,渭南市,澄城县王庄镇水洼村,果,苹果,秦平苹果,
1545,陕西省,渭南市,澄城县庄头镇郭家庄村,果,樱桃,真仕佳红樱桃,
1546,陕西省,渭南市,澄城县庄头镇,果,樱桃,真仕佳大樱桃,
1547,陕西省,渭南市,蒲城县龙池镇,果,西甜瓜,富秦文俊西甜瓜,
1548,陕西省,渭南市,富平县曹村镇马坡村,果,柿饼,柿饼,
1549,陕西省,渭南市,富平县张桥镇,果,甜瓜,富郁香甜瓜,
1550,陕西省,延安市,宝塔区临镇镇任家塬村,果,苹果,宝塔山地苹果,
1551,陕西省,延安市,安塞区建华镇桥坪村,蔬,茄子,大棚茄子,
1552,陕西省,延安市,安塞区沿河湾镇,蔬,瓜菜,沿河湾大棚瓜菜,
1553,陕西省,延安市,洛川县凤栖镇谷咀村,其他,旅游,休闲农业,
1554,陕西省,延安市,洛川县旧县镇,果,苹果,洛川苹果,
1555,陕西省,延安市,洛川县永乡镇,果,苹果,甘甜心苹果,
1556,陕西省,延安市,延川县文安驿镇梁家河村,果,苹果,苹果,
1557,陕西省,延安市,延川县延水关镇东村,果,红枣,延川红枣,
1558,陕西省,延安市,宜川县丹洲镇圪崂村,果,苹果,苹果,
1559,陕西省,汉中市,汉台区河东店镇花果村,果,蜜桔,褒河蜜桔,
1560,陕西省,汉中市,汉台区铺镇镇狮子村,蔬,蔬菜,天之源蔬菜,
1561,陕西省,汉中市,汉台区铺镇,蔬,蔬菜,蔬菜,
1562,陕西省,汉中市,南郑县牟家坝镇云峰寺村,茶,绿茶,绿茶,
1563,陕西省,汉中市,城固县桔园镇郭家山村,果,柑桔,柑桔,
1564,陕西省,汉中市,城固县三合镇陈丁村,蔬,蔬菜,蔬菜,
1565,陕西省,汉中市,城固县桔园镇,果,柑桔,泛亚柑桔,
1566,陕西省,汉中市,西乡县峡口镇江榜村,茶,仙毫,汉中仙毫,
1567,陕西省,汉中市,勉县勉阳镇黄家沟村,果,硒果,天荡山硒果,
1568,陕西省,汉中市,勉县漆树坝镇漆树坝村,茶,仙毫,汉中仙毫,
1569,陕西省,榆林市,榆阳区鱼河镇南沙村,蔬,果蔬,时令果蔬,
1570,陕西省,榆林市,榆阳区鱼河镇寺伙沟村,蔬,蔬菜,蔬菜,
1571,陕西省,榆林市,榆阳区鱼河镇,果,时令水果,时令水果,
1572,陕西省,榆林市,神木县贺家川镇温家川村,蔬,果蔬,果蔬,
1573,陕西省,榆林市,靖边县东坑镇黄家峁村,蔬,蔬菜,鸿丰蔬菜,
1574,陕西省,榆林市,靖边县东坑镇,蔬,胡萝卜,鸿丰胡萝卜,
1575,陕西省,榆林市,定边县白泥井镇,蔬,蔬菜,白泥井蔬菜,
1576,陕西省,榆林市,子洲县周家硷镇后湾村,其他,粉条,纯洋芋粉条,
1577,陕西省,安康市,汉阴县城关镇大兴村,其他,旅游,休闲农业,
1578,陕西省,安康市,汉阴县涧池镇紫云村,蔬,蔬菜,紫硒蔬菜,
1579,陕西省,安康市,石泉县池河镇明星村,畜,生猪,生猪,
1580,陕西省,安康市,紫阳县焕古镇焕古村,茶,富硒茶,紫阳富硒茶,
1581,陕西省,安康市,平利县长安镇高峰村,茶,绿茶,女娲绿茶,
1582,陕西省,安康市,平利县长安镇,茶,绿茶,女娲峰绿茶,
1583,陕西省,安康市,旬阳县吕河镇冬青村,果,狮头柑,冬青村狮头柑,
1584,陕西省,商洛市,商州区牧护关镇闵家河村,粮,马铃薯,秦盛马铃薯,
1585,陕西省,商洛市,洛南县城关街道办事处尖角村,蔬,蔬菜,尖角蔬菜,
1586,陕西省,商洛市,洛南县石门镇,果,核桃,洛南核桃,
1587,陕西省,商洛市,丹凤县棣花镇万湾村,蔬,蔬菜,万湾李蔬菜,
1588,陕西省,商洛市,商南县富水镇王家庄村,蔬,蔬菜,蔬菜,
1589,陕西省,商洛市,商南县试马镇,茶,茶,秦园春茶,
1590,陕西省,商洛市,山阳县漫川关镇万福村,茶,绿茶,江祝绿茶,
1591,陕西省,商洛市,镇安县达仁镇象园村,茶,象园茶,镇安象园茶,
1592,甘肃省,兰州市,七里河区西果园镇,花,百合,兰州百合,
1593,甘肃省,兰州市,永登县柳树镇韩家井村,果,红提葡萄,红提葡萄,
1594,甘肃省,金昌市,金川区宁远堡镇新华村,蔬,茄子,茄子,
1595,甘肃省,金昌市,城关镇大坝村,蔬,青笋,今农青笋,
1596,甘肃省,金昌市,永昌县城关镇金川东村,蔬,胡萝卜,永昌胡萝卜,
1597,甘肃省,金昌市,永昌县水源镇方沟村,蔬,设施农业,设施农业,
1598,甘肃省,白银市,靖远县糜滩乡下滩村,蔬,辣椒,辣椒,
1599,甘肃省,白银市,会宁县头寨子镇牛河村,果,苹果,甘富苹果,
1600,甘肃省,白银市,景泰县草窝滩镇西和村,药,枸杞,黄河石林枸杞,
1601,甘肃省,白银市,景泰县五佛兴水村,果,红枣,红枣,
1602,甘肃省,天水市,秦州区玉泉镇烟铺村,果,樱桃,大樱桃,
1603,甘肃省,天水市,麦积区伯阳镇曹石村,果,苹果,曹石苹果,
1604,甘肃省,天水市,麦积区伯阳镇,果,苹果,花牛苹果,
1605,甘肃省,天水市,秦安县刘坪镇何湾村,果,蜜桃,秦安蜜桃,
1606,甘肃省,天水市,武山县马力镇北顺村,蔬,黄瓜,北顺黄瓜,
1607,甘肃省,武威市,凉州区大柳镇大柳村,果,西瓜,西瓜,
1608,甘肃省,武威市,凉州区发放镇,蔬,蔬菜,发放蔬菜,
1609,甘肃省,武威市,民勤县蔡旗镇沙滩村,蔬,小乳瓜,小乳瓜,
1610,甘肃省,武威市,古浪县黄花滩镇黄花滩村,畜,羔羊肉,土门羔羊肉,
1611,甘肃省,张掖市,甘州区梁家墩镇五号村,蔬,蔬菜,梁家墩蔬菜,
1612,甘肃省,张掖市,甘州区明永乡沿河村,蔬,高原夏菜,绿涵高原夏菜,
1613,甘肃省,张掖市,甘州区上秦镇徐赵寨村,蔬,娃娃菜,陇上春绿娃娃菜,
1614,甘肃省,张掖市,甘州区乌江镇天乐村,蔬,蔬菜制种,祁沅春蔬菜制种,
1615,甘肃省,平凉市,崆峒区白庙回族乡柴寺村,畜,红牛,柴寺红牛,
1616,甘肃省,平凉市,泾川县红河乡柳王村,蔬,番茄,番茄,
1617,甘肃省,平凉市,崇信县锦屏镇九功村,蔬,黄瓜,黄瓜,
1618,甘肃省,平凉市,华亭县马峡镇蒋庄村,药,独活,华亭独活,
1619,甘肃省,平凉市,静宁县李店镇常坪村,果,苹果,静宁苹果,
1620,甘肃省,酒泉市,玉门市赤金镇,蔬,韭菜,沁馨韭菜,
1621,甘肃省,酒泉市,敦煌市阳关镇,果,无核白葡萄,无核白葡萄,
1622,甘肃省,庆阳市,西峰区肖金镇米王村,蔬,蔬菜、瓜果,蔬菜、瓜果,
1623,甘肃省,庆阳市,西峰县温泉镇,果,苹果,陇宝苹果,
1624,甘肃省,庆阳市,庆城县赤城镇,果,苹果,庆阳苹果,
1625,甘肃省,庆阳市,合水县何家畔镇,果,苹果,庆阳苹果,
1626,甘肃省,定西市,安定区鲁家沟镇花岔村,粮,马铃薯,鲁家沟马铃薯,
1627,甘肃省,定西市,陇西县首阳镇首阳村,药,中药材,中药材,
1628,甘肃省,定西市,陇西县云田镇安家咀村,蔬,菌菜,陇原裕新菌菜,
1629,甘肃省,定西市,临洮县洮阳镇兴荣村,蔬,胡萝卜,胡萝卜,
1630,甘肃省,陇南市,武都区郭河乡,蔬,花椒,陇南花椒,
1631,甘肃省,陇南市,康县阳坝镇宋沟村,茶,翠竹,茗芝翠竹,
1632,甘肃省,陇南市,礼县永兴镇捷地村,果,苹果,礼县苹果,
1633,甘肃省,陇南市,徽县嘉陵镇田河村,果,银杏,徽县银杏,
1634,甘肃省,临夏州,临夏县先锋乡丁韩村,蔬,蔬菜,蔬菜,
1635,甘肃省,临夏州,永靖县关山乡南堡村,花,百合,兰州百合,
1636,甘肃省,临夏州,永靖县杨塔乡徐湾村,粮,马铃薯,马铃薯,
1637,甘肃省,甘南州,玛曲县阿万仓镇贡赛村,畜,牦牛,牦牛,
1638,甘肃省,甘南州,玛曲县欧拉镇安茂村,畜,藏羊,欧拉藏羊,
1639,甘肃省,甘南州,夏河县甘加乡仁青村,畜,藏羊,甘加藏羊,
1640,青海省,西宁市,城北区大堡子镇陶北村,其他,旅游,休闲农业,
1641,青海省,海东市,化隆县德恒隆乡石乃海村,畜,土鸡,卡日岗土鸡,
1642,青海省,海东市,乐都区共和乡大庄村,蔬,大蒜,紫皮大蒜,
1643,青海省,海西州,都兰县宗加镇,药,枸杞,枸杞,
1644,青海省,西宁市,湟源县申中乡立达村,蔬,胡萝卜,三红胡萝卜,
1645,青海省,西宁市,湟源县申中乡前沟村,果,树莓,河湟瑶池红树莓,
1646,青海省,海东市,互助县塘川镇,蔬,蔬菜,金塘川蔬菜,
1647,青海省,海东市,乐都区高店镇,蔬,大蒜,乐都紫皮大蒜,
1648,青海省,海东市,乐都区寿乐镇王佛寺村,蔬,辣椒,乐都长辣椒,
1649,青海省,海东市,循化县查汗都斯乡新村,蔬,辣椒,仙红线辣椒,
1650,青海省,海东市,化隆县牙什尕镇牙什尕村,渔,虹鳟鱼,宝河源虹鳟鱼,
1651,青海省,海西州,都兰县宗加镇诺木洪村,药,枸杞,杞海枸杞,
1652,青海省,海北州,祁连县默勒镇扎沙村,畜,藏羊,祁连藏羊,
1653,青海省,西宁市,大通县新庄镇新庄村,蔬,黄瓜,黄瓜,
1654,青海省,西宁市,湟中县鲁沙尔镇下重台村,蔬,蔬菜,蔬菜,
1655,青海省,西宁市,湟中县拦隆口镇下鲁尔村,蔬,蒜苗,蒜苗,
1656,青海省,海东市,互助县台子乡多士代村,畜,生猪,生猪,
1657,青海省,海东市,互助县松多乡马营村位,畜,土鸡,土鸡,
1658,青海省,海东市,乐都区高庙镇旱地湾村,蔬,韭菜,韭菜,
1659,青海省,海东市,乐都区雨润镇深沟村,蔬,大蒜,紫皮大蒜,
1660,青海省,海南州,贵德县河东乡王屯村,畜,牛羊,牛羊育肥,
1661,青海省,海西州,都兰县香日德镇乐盛村,粮,马铃薯,马铃薯,
1662,青海省,海西州,格尔木市大格勒乡,药,枸杞,枸杞,
1663,青海省,海北州,门源县北山乡沙沟脑村,油,油菜籽,油菜籽,
1664,青海省,海北州,祁连县野牛沟镇边麻村,畜,牦牛,牦牛,
1665,青海省,西宁市,大通县塔尔镇上旧庄村,蔬,番茄,老爷山番茄,
1666,青海省,西宁市,湟源县城关镇涌兴村,蔬,大葱,大葱,
1667,青海省,西宁市,湟中县田家寨镇李家台村,畜,奶牛,奶牛,
1668,青海省,西宁市,湟中县李家山镇董家湾村,蔬,蔬菜,蔬菜,
1669,青海省,海东市,互助县塘川镇董家村,畜,八眉猪,互宝八眉猪,
1670,青海省,海西州,德令哈市柯鲁柯镇晨光村,蔬,蔬菜,晨堉蔬菜,
1671,青海省,海西州,德令哈市怀头他拉镇,畜,绒山羊,怀头他拉绒山羊,
1672,青海省,海西州,都兰县香日德镇小夏滩村,药,枸杞,柴达木枸杞,
1673,青海省,海南州,贵德县河西镇园艺村,果,长把梨,贵德长把梨,
1674,青海省,果洛州,玛多县玛查理镇玛拉驿村,畜,藏羊,玛多藏羊,
1675,青海省,西宁市,湟中县拦隆口镇上寺村,蔬,黄瓜,梓琪黄瓜,
1676,青海省,西宁市,湟中县李家山镇下西河村,蔬,丝瓜,谷丰民园丝瓜,
1677,青海省,海东市,民和县峡山镇峡门村,畜,蛋鸡,峡门蛋鸡,
1678,青海省,海东市,乐都区雨润镇刘家村,蔬,大蒜,乐都紫皮大蒜,
1679,青海省,海东市,化隆县雄先乡乙麻昂村,渔,鳟鱼,三江鱼鳟鱼,
1680,青海省,海南州,贵德县尕让乡黄河滩村,蔬,蔬菜,黄河清蔬菜,
1681,青海省,黄南州,泽库县和日镇东格日村,其他,旅游,东歌草原生态旅游,
1682,青海省,西宁市,大通县朔北乡代同庄村,蔬,甘蓝,老爷山甘蓝,
1683,青海省,西宁市,湟源县日月乡山根村,蔬,蒜苗,山根马蘭青蒜苗,
1684,青海省,海东市,互助县台子乡哇麻村,畜,土鸡,葱花土鸡,
1685,青海省,海东市,乐都区中坝乡何家山村,畜,藏香猪,乐都藏香猪,
1686,青海省,海东市,乐都区李家乡西马营村,粮,洋芋,乐都洋芋,
1687,青海省,海南州,贵德县尕让乡二连村,其他,旅游,休闲农业,
1688,青海省,果洛州,玛多县花石峡镇日谢村,畜,藏羊,玛多藏羊,
1689,宁夏回族自治区,银川市,兴庆区掌政镇茂盛村,蔬,番茄,番茄,
1690,宁夏回族自治区,银川市,兴庆区掌政镇镇河村,蔬,番茄,番茄,
1691,宁夏回族自治区,银川市,灵武市东塔镇,果,长红枣,灵武长红枣,
1692,宁夏回族自治区,银川市,灵武市郝家桥镇上滩村,蔬,韭菜,上滩鑫韭菜,
1693,宁夏回族自治区,银川市,贺兰县习岗镇新平村,蔬,瓜菜,设施瓜菜,
1694,宁夏回族自治区,石嘴山市,惠农区庙台乡李岗村,果,西瓜,李岗西瓜,
1695,宁夏回族自治区,石嘴山市,平罗县高仁乡六顷地村,果,沙漠西瓜,乐海山沙漠西瓜,
1696,宁夏回族自治区,石嘴山市,平罗县头闸镇西永惠村,蔬,蔬菜制种,蔬菜制种,
1697,宁夏回族自治区,石嘴山市,平罗县通伏乡,粮,大米,优质大米,
1698,宁夏回族自治区,吴忠市,利通区高闸镇,果,西瓜,马兴西瓜,
1699,宁夏回族自治区,吴忠市,利通区郭家桥乡,果,葡萄,回乡刘湾葡萄,
1700,宁夏回族自治区,吴忠市,青铜峡市小坝镇先锋村,果,葡萄,先锋葡萄,
1701,宁夏回族自治区,吴忠市,青铜峡市叶盛镇地三村,粮,大米,地三大米,
1702,宁夏回族自治区,吴忠市,盐池县青山乡古峰庄村,畜,滩羊,滩羊,
1703,宁夏回族自治区,吴忠市,盐池县花马池镇李记沟村,畜,滩羊,盐池滩羊,
1704,宁夏回族自治区,吴忠市,盐池县惠安堡镇隰宁堡村,蔬,黄花菜,惠萱王黄花菜,
1705,宁夏回族自治区,吴忠市,盐池县冯记沟乡平台村,畜,滩羊肉,盐池滩羊肉,
1706,宁夏回族自治区,吴忠市,盐池县麻黄山乡包源村,粮,荞麦、糜子、谷子,盐池荞麦、糜子、谷子,
1707,宁夏回族自治区,吴忠市,同心县王团镇吊堡子村,药,枸杞,枸杞,
1708,宁夏回族自治区,固原市,原州区头营镇石羊村,畜,牛肉,万武牛肉,
1709,宁夏回族自治区,固原市,原州区彭堡镇姚磨村,蔬,娃娃菜,六盘清水河娃娃菜,
1710,宁夏回族自治区,固原市,原州区张易镇,粮,马铃薯,马铃薯,
1711,宁夏回族自治区,固原市,西吉县吉强镇万崖村,蔬,芹菜,西吉芹菜,
1712,宁夏回族自治区,固原市,西吉县吉强镇杨坊村,蔬,芹菜,西吉芹菜,
1713,宁夏回族自治区,固原市,西吉县将台堡镇明荣村,蔬,芹菜,西吉芹菜,
1714,宁夏回族自治区,固原市,西吉县火石寨乡沙岗村,粮,马铃薯,马铃薯,
1715,宁夏回族自治区,固原市,隆德县联财镇联财村,蔬,辣椒,六盘磬辣椒,
1716,宁夏回族自治区,固原市,隆德县联财镇赵楼村,药,中药材,隆珍杰中药材,
1717,宁夏回族自治区,固原市,泾源县大湾乡何堡村,畜,肉牛,肉牛,
1718,宁夏回族自治区,固原市,泾源县泾河源镇龙潭村,畜,肉牛,肉牛,
1719,宁夏回族自治区,固原市,泾源县泾河源镇冶家村,其他,农家乐,农家乐,
1720,宁夏回族自治区,固原市,泾源县兴盛乡上金村,畜,肉牛,肉牛,
1721,宁夏回族自治区,固原市,彭阳县古城镇任河村,畜,牛肉,雪花牛肉,
1722,宁夏回族自治区,固原市,彭阳县红河乡友联村,蔬,辣椒,辣椒,
1723,宁夏回族自治区,中卫市,沙坡头区兴仁镇兴仁村,果,硒砂瓜,香山硒砂瓜,
1724,宁夏回族自治区,中卫市,沙坡头区东园镇韩闸村,蔬,韭菜,韩闸拱棚韭菜,
1725,宁夏回族自治区,中卫市,沙坡头区香山乡,果,硒砂瓜,香山硒砂瓜,
1726,宁夏回族自治区,中卫市,中宁县舟塔乡,药,枸杞,枸杞,
1727,宁夏回族自治区,中卫市,中宁县舟塔乡舟塔村,药,枸杞,中宁枸杞,
1728,宁夏回族自治区,中卫市,海原县高崖乡草场村,果,西甜瓜,西甜瓜,
1729,宁夏回族自治区,中卫市,海原县关桥乡冯湾村,果,西甜瓜,海原西甜瓜,
1730,宁夏回族自治区,中卫市,海原县关庄乡关庄村,粮,马铃薯,海原马铃薯,
1731,宁夏回族自治区,中卫市,海原县西安乡园河村,药,小茴香,天都山小茴香,
1732,新疆维吾尔自治区,乌鲁木齐市,乌鲁木齐县水西沟镇东湾村,果,草莓,草莓,
1733,新疆维吾尔自治区,乌鲁木齐市,乌鲁木齐县水西沟镇平西梁村,其他,旅游,休闲农业,
1734,新疆维吾尔自治区,吐鲁番市,高昌区亚尔镇亚尔果勒村,果,葡萄,葡萄,
1735,新疆维吾尔自治区,吐鲁番市,鄯善县辟展乡卡格托尔村,果,葡萄,葡萄,
1736,新疆维吾尔自治区,吐鲁番市,托克逊县郭勒布依乡硝尔村,蔬,韭菜,韭菜,
1737,新疆维吾尔自治区,吐鲁番市,高昌区亚尔镇老城东门村,果,葡萄,葡萄,
1738,新疆维吾尔自治区,哈密市,巴里坤县奎苏镇,粮,马铃薯,马铃薯,
1739,新疆维吾尔自治区,哈密市,巴里坤县三塘湖镇,果,哈密瓜,哈密瓜,
1740,新疆维吾尔自治区,哈密市,伊吾县淖毛湖镇,果,哈密瓜,哈密瓜,
1741,新疆维吾尔自治区,哈密市,伊吾县盐池镇,畜,羊肉,途阔羊肉,
1742,新疆维吾尔自治区,阿克苏地区,阿克苏市库木巴什镇托万克喀日纳斯村,果,核桃,核桃,
1743,新疆维吾尔自治区,阿克苏地区,阿克苏市托普鲁克乡尤喀克喀拉喀勒村,果,红枣,红枣,
1744,新疆维吾尔自治区,阿克苏地区,沙雅县塔里木乡仓塔木村,果,甜瓜,甜瓜,
1745,新疆维吾尔自治区,阿克苏地区,沙雅县盖孜库木乡,畜,有机绒山羊,有机绒山羊,
1746,新疆维吾尔自治区,阿克苏地区,沙雅县海楼镇,果,红枣,红枣,
1747,新疆维吾尔自治区,阿克苏地区,乌什县乌什镇南关村,蔬,蔬菜,蔬菜,
1748,新疆维吾尔自治区,喀什地区,喀什市色满乡阿塔古村,果,树莓,博瑞树莓,
1749,新疆维吾尔自治区,喀什地区,泽普县古勒巴格乡阿热买里村,果,核桃,核桃,
1750,新疆维吾尔自治区,喀什地区,泽普县园艺场恰卡尔村,果,苹果,苹果,
1751,新疆维吾尔自治区,喀什地区,莎车县荒地镇布瓦库木村,果,甜瓜,甜瓜,
1752,新疆维吾尔自治区,喀什地区,莎车县米夏乡夏玛勒巴格村,果,樱桃,樱桃,
1753,新疆维吾尔自治区,喀什地区,叶城县萨依巴格乡霍伊拉坎特村,果,核桃,核桃,
1754,新疆维吾尔自治区,喀什地区,巴楚县琼库恰克乡赛克散库足克村,果,西瓜,西瓜,
1755,新疆维吾尔自治区,和田地区,皮山县皮亚勒玛乡兰干库勒村,果,石榴,皮亚曼石榴,
1756,新疆维吾尔自治区,和田地区,皮山县皮亚勒玛乡乌堂村,果,石榴,皮亚勒玛甜石榴,
1757,新疆维吾尔自治区,昌吉州,昌吉市佃坝乡土梁村,蔬,蔬菜,蔬菜,
1758,新疆维吾尔自治区,昌吉州,吉木萨尔县北庭镇古城村,蔬,辣椒,辣椒,
1759,新疆维吾尔自治区,昌吉州,木垒县东城镇沈家沟村,粮,鹰嘴豆,鹰嘴豆,
1760,新疆维吾尔自治区,巴州,库尔勒市阿瓦提乡其盖克其克村,果,香梨,香梨,
1761,新疆维吾尔自治区,巴州,且末县库拉木勒克乡江尕勒萨依村,蔬,大蒜,江尕勒萨依大蒜,
1762,新疆维吾尔自治区,巴州,若羌县瓦石峡乡,果,红枣,楼兰红枣,
1763,新疆维吾尔自治区,巴州,和硕县苏哈特乡苏哈特村,蔬,特色蔬菜,特色蔬菜,
1764,新疆维吾尔自治区,巴州,博湖县本布图镇再格森诺尔村,蔬,蔬菜,蔬菜,
1765,新疆维吾尔自治区,克州,阿克陶县皮拉勒乡墩都拉村,果,甜瓜,帕米尔水晶绿甜瓜,
1766,新疆维吾尔自治区,克州,阿克陶县巴仁乡,果,杏子,杏子,
1767,新疆维吾尔自治区,伊犁州,伊宁市达达木图乡,蔬,蔬菜,蔬菜,
1768,新疆维吾尔自治区,伊犁州,伊宁市多浪农场农三队,果,葡萄,伊多红葡萄,
1769,新疆维吾尔自治区,伊犁州,霍尔果斯市莫乎尔乡,果,葡萄,葡萄,
1770,新疆维吾尔自治区,伊犁州,特克斯县乔拉克铁热克镇阿克铁热克村,果,苹果,苹果,
1771,新疆维吾尔自治区,塔城地区,沙湾县安集海镇葡萄园子村,蔬,辣椒,辣椒,
1772,新疆维吾尔自治区,塔城地区,裕民县察汗托海牧场喀拉克米尔村,药,红花,无刺红花,
1773,新疆维吾尔自治区,塔城地区,裕民县江格斯乡吉兰德村,畜,羊,巴士拜羊,
1774,新疆维吾尔自治区,阿勒泰地区,富蕴县可可托海镇塔拉特村,果,黑加仑,黑加仑,
1775,新疆维吾尔自治区,阿勒泰地区,富蕴县可可托海镇,果,黑加仑,黑加仑,
1776,新疆生产建设兵团,第一师,阿拉尔市3团,果,核桃,大漠绿岛核桃,
1777,新疆生产建设兵团,第一师,阿拉尔市13团,果,红枣,伊人三枣,
1778,新疆生产建设兵团,第一师,阿拉尔市11团,果,红枣,昆岗红枣,
1779,新疆生产建设兵团,第一师,阿拉尔市5团,果,苹果,天山玉苹果,
1780,新疆生产建设兵团,第二师,铁门关市33团,畜,马鹿茸,塔里木垦区马鹿茸,
1781,新疆生产建设兵团,第二师,铁门关市27团,花,啤酒花,天湖啤酒花,
1782,新疆生产建设兵团,第二师,铁门关市25团,蔬,番茄,博斯腾番茄,
1783,新疆生产建设兵团,第二师,铁门关市21团,蔬,辣椒,开来红辣椒,
1784,新疆生产建设兵团,第二师,铁门关市31团,茶,罗布麻茶,塔禾罗布麻茶,
1785,新疆生产建设兵团,第四师,可克达拉市61团,果,树上干杏,天伊树上干杏,
1786,新疆生产建设兵团,第四师,可克达拉市69团,其他,天然香料,香极地天然香料,
1787,新疆生产建设兵团,第四师,可克达拉市70团,果,葡萄酒,伊珠葡萄酒,
1788,新疆生产建设兵团,第五师,双河市83团园艺2连,果,红提,博乐红提,
1789,新疆生产建设兵团,第五师,双河市84团,花,菊花,怪石峪菊花,
1790,新疆生产建设兵团,第六师,五家渠市军户农场2连,果,葡萄,新疆虹葡萄,
1791,新疆生产建设兵团,第八师,石河子市121团13连,果,甜瓜,甜瓜,
1792,新疆生产建设兵团,第八师,石河子市134团24连,果,樱桃,大樱桃,
1793,新疆生产建设兵团,第八师,石河子市141团15连,蔬,蔬菜,设施蔬菜,
1794,新疆生产建设兵团,第八师,石河子市145团北泉镇六分场6连,果,葡萄,北泉弗雷葡萄,
1795,新疆生产建设兵团,第八师,石河子市121团炮台镇2连,蔬,山药,园禾佳山药,
1796,新疆生产建设兵团,第八师,石河子市142团良种连,畜,生猪,新安生猪,
1797,新疆生产建设兵团,第九师,团结农场4连,蔬,西红柿、辣椒,逸飨西红柿、辣椒,
1798,新疆生产建设兵团,第十三师,红星一场,果,葡萄,天山娇葡萄,
1799,新疆生产建设兵团,第十四师,昆玉市一牧场,畜,有机羊肉,有机羊肉,
1800,新疆生产建设兵团,第一师,阿拉尔市10团,果,红枣,大漠红枣,
1801,新疆生产建设兵团,第四师,可克达拉市78团,果,苹果,伊帅苹果,
1802,新疆生产建设兵团,第八师,石河子市152团,果,酿酒葡萄,酿酒葡萄,
1803,新疆生产建设兵团,第十三师,淖毛湖农场1连,果,哈密瓜,天山娇哈密瓜,
1804,新疆生产建设兵团,第十四师,昆玉市224团,果,红枣,昆仑山和田玉枣,
1805,新疆生产建设兵团,第十二师,222团,果,酿酒葡萄,冰湖映月酿酒葡萄,
1806,新疆生产建设兵团,第七师,124团,蔬,番茄,番茄,
1807,新疆生产建设兵团,第二师,铁门关市34团,果,红枣,红枣,
1808,新疆生产建设兵团,第六师,五家渠市103团8连,果,甜瓜,甜瓜,
1809,新疆生产建设兵团,第四师,可克达拉市68团,粮,大米,伊香大米,
1810,北京市,房山区,房山区琉璃河镇周庄村,花,菊花,慧田菊花,
1811,北京市,顺义区,顺义区木林镇贾山村,蔬,西红柿,水云天西红柿,
1812,北京市,顺义区,顺义区大孙各庄镇前陆马村,蔬,番茄,绿奥番茄,
1813,北京市,大兴区,大兴区礼贤镇东黄垡村,蔬,黄瓜,立征春雨黄瓜,
1814,北京市,大兴区,大兴区青云店镇东辛屯村,其他,旅游,民俗旅游,
1815,北京市,大兴区,大兴区魏善庄镇,花,月季,月季,
1816,北京市,密云区,密云区巨各庄镇后焦家坞村,蔬,西红柿,密原味西红柿,
1817,北京市,平谷区,平谷区金海湖镇茅山后村,果,梨,茅山后佛见喜梨,
1818,天津市,西青区,西青区辛口镇水高庄村,蔬,西红柿,淀绿西红柿,
1819,天津市,武清区,武清区汊沽港镇大王堡村,果,桃,久保桃,
1820,天津市,武清区,武清区东马圈镇西马房村,果,打瓜,西马房打瓜,
1821,河北省,承德市,丰宁满族自治县鱼儿山镇土城沟村,蔬,蔬菜,有机蔬菜,
1822,河北省,承德市,兴隆县蓝旗营镇苇子峪村,果,板栗,兴隆板栗,
1823,河北省,承德市,滦平县金沟屯镇下营子村,药,药茶,山知话药茶,
1824,河北省,廊坊市,香河县刘宋镇庆功台村,蔬,莲藕,荷情荷礼藕荷,
1825,河北省,保定市,望都县赵庄乡小辛庄村,蔬,莲藕,荷花淀莲藕,
1826,河北省,邢台市,隆尧县固城镇小孟村,果,甜瓜,小孟甜瓜,
1827,河北省,石家庄市,灵寿县南寨乡马家庄村,果,葡萄,灵莹舍葡萄,
1828,河北省,邯郸市,邱县新马头镇东常屯村,果,油桃,玉海园油桃,
1829,河北省,邯郸市,鸡泽县鸡泽镇魏青村,蔬,辣椒,鸡泽辣椒,
1830,河北省,张家口市,怀安县左卫镇叶家辛窑村,蔬,蔬菜,温室蔬菜,
1831,河北省,张家口市,张北县二台镇金家村,粮,马铃薯,马铃薯,
1832,河北省,秦皇岛市,海港区驻操营镇大道岭村,其他,加工品,板栗加工品,
1833,河北省,衡水市,深州市穆村乡西马庄村,果,蜜桃,深州蜜桃,
1834,河北省,衡水市,饶阳县王同岳乡,果,葡萄,饶阳葡萄,
1835,河北省,保定市,安国市郑章镇,药,中药材,民丰达中药材,
1836,山西省,晋城市,沁水县柿庄镇应郭村,蔬,蘑菇,蟹味菇,
1837,山西省,长治市,长治县南宋乡东掌村,其他,旅游,休闲农业,
1838,山西省,吕梁市,孝义市梧桐镇南曹村,其他,豆制品,九州香豆制品,
1839,山西省,临汾市,洪洞县曲亭镇东张村,蔬,莲藕,洪洞莲藕,
1840,山西省,临汾市,曲沃县北董乡,蔬,大蒜,北董大蒜,
1841,内蒙古自治区,鄂尔多斯市,达拉特旗昭君镇沙圪堵村,粮,大米,二沟湾大米,
1842,内蒙古自治区,包头市,东河区沙尔沁镇东园村,蔬,西红柿,沁兴园西红柿,
1843,内蒙古自治区,兴安盟,科右前旗巴拉格歹乡中安村,粮,杂粮,杂粮杂豆,
1844,内蒙古自治区,呼伦贝尔市,鄂温克族自治旗锡尼河西苏木巴彦胡硕嘎查,其他,旅游,民俗旅游,
1845,内蒙古自治区,包头市,九原区哈业胡同镇永丰村,蔬,南瓜,卫东南瓜,
1846,内蒙古自治区,呼和浩特市,武川县耗赖山乡圪顶盖村,蔬,蘑菇,塞上蒙菇,
1847,内蒙古自治区,呼伦贝尔市,阿荣旗新发乡东光村,粮,水稻,水稻,
1848,内蒙古自治区,巴彦淖尔市,五原县隆兴昌镇联合村,蔬,西红柿,五原黄柿子,
1849,内蒙古自治区,赤峰市,松山区大庙镇吴家营子村,蔬,西红柿,春志西红柿,
1850,内蒙古自治区,乌兰察布市,化德县朝阳镇民乐村,蔬,白菜,化德大白菜,
1851,内蒙古自治区,赤峰市,阿鲁科尔沁旗天山镇前岗台村,粮,小米,那日牧小米,
1852,辽宁省,大连市,金普新区大魏家街道,果,樱桃,金州大樱桃,
1853,辽宁省,大连市,普兰店区星台街道葡萄沟村,果,桃,巍霸山棚桃,
1854,辽宁省,鞍山市,海城市接文镇王家村,果,南果梨,闯盛南果梨,
1855,辽宁省,丹东市,宽甸县长甸镇河口村,果,桃,燕红桃,
1856,辽宁省,锦州市,北镇市常兴店镇范屯村,果,葡萄,北镇葡萄,
1857,辽宁省,盘锦市,大洼区新兴镇腰岗子村,渔,蟹,稻田河蟹,
1858,辽宁省,葫芦岛市,绥中县小庄子镇永安村,蔬,土豆,瑞州小庄子土豆,
1859,吉林省,延边州,珲春市板石镇孟岭村,果,苹果,孟宝苹果,
1860,吉林省,白城市,镇赉县镇赉镇太平山村,蔬,大葱,鑫杏花村大葱,
1861,吉林省,长春市,九台区上河湾镇双顶村,果,苹果,金红苹果,
1862,吉林省,吉林市,永吉县西阳镇兴隆村,蔬,蔬菜,棚膜蔬菜,
1863,吉林省,四平市,双辽市东明镇前太平村,粮,大米,有机大米,
1864,吉林省,通化市,柳河县安口镇烧锅村,果,榛子,珍榛香大果榛子,
1865,吉林省,长春市,双阳区平湖街道办事处黑鱼村,果,葡萄,颁金葡萄,
1866,吉林省,延边州,敦化市秋梨沟镇,药,木耳,林芝玉木耳,
1867,黑龙江省,哈尔滨市,尚志市珍珠山乡,蔬,木耳,尚志黑木耳,
1868,黑龙江省,哈尔滨市,双城区韩甸镇白土村,粮,花生,农娃花生,
1869,黑龙江省,齐齐哈尔市,龙沙区大民镇大民村,蔬,蔬菜,黑月亮蔬菜,
1870,黑龙江省,大庆市,肇州县新福乡耀先村,果,甜瓜,庆州香瓜,
1871,黑龙江省,牡丹江市,海林市海林镇蔬菜村,蔬,蔬菜,威虎山蔬菜,
1872,黑龙江省,牡丹江市,西安区温春镇大莫村,蔬,蔬菜,龙莫绿蔬蔬菜,
1873,黑龙江省,七台河市,茄子河区宏伟镇岚棒山村,果,榛子,岚棒山大果榛子,
1874,黑龙江省,七台河市,勃利县青山乡奋斗村,果,葡萄,黑甜甜葡萄,
1875,黑龙江省,绥化市,庆安县庆安镇福安村,蔬,婆婆丁,元宝沟婆婆丁,
1876,江苏省,无锡市,宜兴市万石镇后洪村,蔬,水芹菜,陶都水芹菜,
1877,江苏省,徐州市,沛县张寨镇陈油坊村,果,葡萄,陈由方葡萄,
1878,江苏省,常州市,金坛区朱林镇黄金村,粮,稻米,有机稻米,
1879,江苏省,苏州市,常熟市董浜镇里睦村,蔬,蔬菜,蔬菜,
1880,江苏省,南通市,启东市王鲍镇庙桥村,蔬,山药,庙桥山药,
1881,江苏省,南通市,海安县南莫镇邓庄村,蔬,食用菌,食用菌,
1882,江苏省,连云港市,赣榆区黑林镇河西村,果,蓝莓,蓝莓,
1883,江苏省,盐城市,大丰区大中镇海防村,蔬,大蒜,裕华大蒜,
1884,江苏省,南京市,溧水区晶桥镇水晶村,渔,蟹,晶湖螃蟹,
1885,江苏省,镇江市,句容市茅山镇丁家边村,果,桑葚,桑葚,
1886,江苏省,徐州市,贾汪区耿集街道办事处,果,草莓,草莓,
1887,江苏省,常州市,溧阳市社渚镇,渔,虾,溧阳青虾,
1888,江苏省,连云港市,东海县石梁河镇,果,葡萄,石梁河葡萄,
1889,江苏省,泰州市,兴化市安丰镇,渔,蟹,兴化大闸蟹,
1890,江苏省,南京市,高淳区阳江镇,渔,蟹,固城湖螃蟹,
1891,江苏省,扬州市,广陵区头桥镇红平村,粮,稻米,有机稻米,
1892,江苏省,宿迁市,沭阳县庙头镇,花,花卉,花卉苗木,
1893,浙江省,湖州市,吴兴区东林镇泉庆村,渔,鱼,泉佳潭鲈鱼,
1894,浙江省,嘉兴市,桐乡市石门镇殷家漾村,果,梨,殷家漾蜜梨,
1895,浙江省,金华市,兰溪市女埠街道穆坞村,果,枇杷,穆坞枇杷,
1896,浙江省,宁波市,慈溪市横河镇,果,杨梅,慈溪杨梅,
1897,浙江省,宁波市,宁海县桑洲镇,茶,茶叶,望海茶茶叶,
1898,浙江省,金华市,磐安县新渥镇,药,中药材,磐五味中药材,
1899,浙江省,台州市,三门县蛇蟠乡,渔,蟹,三门青蟹,
1900,安徽省,合肥市,庐江县同大镇永安村,果,葡萄,同大圩葡萄,
1901,安徽省,安庆市,太湖县北中镇望天村,茶,绿茶,天华谷尖绿茶,
1902,安徽省,滁州市,来安县半塔镇罗庄村,果,葡萄,罗庄葡萄,
1903,安徽省,宣城市,郎溪县姚村乡妙泉村,茶,茶叶,瑞草魁茶叶,
1904,安徽省,池州市,东至县花园乡源口村,茶,绿茶,绿茶,
1905,安徽省,铜陵市,枞阳县官埠桥镇官山村,茶,白茶,仙羽舌白茶,
1906,安徽省,阜阳市,临泉县高塘镇贾王村,蔬,辣椒,辣椒,
1907,安徽省,芜湖市,无为县无城镇董桥村,其他,羽毛,羽毛加工,
1908,安徽省,宣城市,广德县卢村镇笄山村,其他,旅游,休闲农业,
1909,安徽省,黄山市,屯溪区奕棋镇徐村,蔬,蔬菜,设施蔬菜,
1910,安徽省,亳州市,蒙城县乐土镇双龙社区,蔬,西葫芦,谷婆婆西葫芦,
1911,安徽省,六安市,霍山县大化坪镇,茶,黄芽,霍山黄芽,
1912,福建省,宁德市,柘荣县东源乡铁场村,蔬,辣椒,辣椒,
1913,福建省,泉州市,永春县东关镇外碧村,畜,鸭,永春白番鸭,
1914,福建省,龙岩市,上杭县临城镇九洲村,果,蜜雪梨,九翠洲蜜雪梨,
1915,福建省,三明市,永安市西洋镇内炉村,果,芙蓉李,永安内炉芙蓉李,
1916,福建省,三明市,三元区莘口镇楼源村,蔬,蔬菜,蔬菜,
1917,福建省,南平市,建瓯市水源乡桃源村,果,锥栗,建瓯锥栗,
1918,福建省,南平市,建瓯市房道镇连地村,蔬,竹笋,连地白笋,
1919,江西省,赣州市,章贡区沙石镇火燃村,蔬,食用菌,茹蔬城食用菌,
1920,江西省,赣州市,瑞金市叶坪乡田坞村,蔬,辣椒,京瑞民兴辣椒,
1921,江西省,抚州市,黎川县华山镇洲湖村,茶,白茶,白茶,
1922,江西省,宜春市,铜鼓县大塅镇交山村,茶,白茶,有机白茶,
1923,江西省,萍乡市,莲花县良坊镇新田村,其他,甜叶菊,甜叶菊,
1924,江西省,南昌市,南昌县黄马乡,蔬,蔬菜,蔬菜,
1925,江西省,吉安市,永丰县佐龙乡,蔬,辣椒,辣椒,
1926,江西省,九江市,庐山市横塘镇,其他,羽绒,羽绒电商,
1927,江西省,上饶市,横峰县葛源镇,药,葛根,春桂葛根,
1928,江西省,景德镇市,乐平市乐港镇,蔬,蔬菜,乐港蔬菜,
1929,江西省,新余市,分宜县凤阳镇,果,西瓜,凤扬西瓜,
1930,山东省,烟台市,栖霞市蛇窝泊镇东院头村,果,苹果,日月爱霞苹果,
1931,山东省,临沂市,沂水县诸葛镇,果,苹果,沂水苹果,
1932,山东省,枣庄市,山亭区山城街道,蔬,花椒,山亭花椒,
1933,山东省,德州市,禹城市辛店镇沙河辛村,果,西瓜,沙河辛西瓜,
1934,山东省,济南市,济阳县仁风镇,果,西瓜,仁风西瓜,
1935,山东省,潍坊市,寿光市稻田镇桂河三村,蔬,芹菜,桂河芹菜,
1936,山东省,威海市,文登区高村镇沙柳村,蔬,西红柿,沙柳村西红柿,
1937,山东省,济南市,莱芜区高庄街道曹家庄村,蔬,芹菜,高庄芹菜,
1938,山东省,菏泽市,定陶区南王店镇,果,西瓜,南王店西瓜,
1939,山东省,滨州市,惠民县皂户李镇,花,苗木,苗木花卉,
1940,山东省,青岛市,平度市蓼兰镇,粮,花生,平度大花生,
1941,山东省,淄博市,高青县常家镇蓑衣樊村,粮,大米,高青大米,
1942,山东省,济宁市,邹城市中心店镇,果,草莓,中心店草莓,
1943,山东省,临沂市,平邑县地方镇,果,山楂,天宝山山楂,
1944,山东省,济南市,莱芜区牛泉镇庞家庄村,果,山楂干,大南山山楂干,
1945,山东省,菏泽市,成武县张楼镇乔庄行政村,蔬,黄瓜,青展黄瓜,
1946,山东省,潍坊市,高密市阚家镇松兴屯村,果,葡萄,美益兴葡萄,
1947,山东省,滨州市,博兴县锦秋街道湾头村,其他,工艺品,草柳编工艺品,
1948,山东省,德州市,乐陵市云红街道,果,枣,乐陵金丝小枣,
1949,山东省,东营市,垦利区胜坨镇小张村,粮,小麦,面包小麦,
1950,河南省,安阳市,汤阴县韩庄乡南张贾村,蔬,果蔬,有机果蔬,
1951,河南省,省直辖,济源市承留镇玉阳村,果,核桃,玉阳山核桃,
1952,河南省,濮阳市,濮阳县胡状乡炉里村,蔬,蔬菜,蔬菜,
1953,河南省,郑州市,巩义市小关镇南岭新村,果,核桃,核桃,
1954,河南省,平顶山市,舞钢市尚店镇王庄村,其他,旅游,乡村旅游,
1955,河南省,信阳市,潢川县踅孜镇淮南村,茶,茶叶,淮籣翠芽,
1956,河南省,濮阳市,南乐县张果屯乡烟之东村,果,草莓,淼富草莓,
1957,河南省,周口市,郸城县秋渠乡于寨村,蔬,芹菜,芹菜,
1958,河南省,南阳市,西峡县双龙镇,蔬,香菇,西峡香菇,
1959,湖北省,武汉市,蔡甸区侏儒山街金鸡村,蔬,藜蒿,蔡甸藜蒿,
1960,湖北省,武汉市,新洲区李集街张集村,蔬,香葱,李集香葱,
1961,湖北省,宜昌市,宜都市高坝洲镇,果,蜜柑,宜都蜜柑,
1962,湖北省,襄阳市,枣阳市新市镇,果,桃,新市鲜桃,
1963,湖北省,宜昌市,枝江县七星台镇,蔬,蒜薹,七星台蒜薹,
1964,湖北省,荆州市,松滋市万家乡邓家铺村,果,柑桔,松滋柑桔,
1965,湖北省,荆州市,江陵县三湖管理区新建大队,果,黄桃,三湖黄桃,
1966,湖北省,恩施州,建始县花坪镇村坊村,果,葡萄,关口葡萄,
1967,湖北省,孝感市,孝昌县周巷镇,茶,茶,周巷凤凰茶,
1968,湖北省,黄冈市,红安县二程镇,粮,红薯,红安苕,
1969,湖北省,恩施州,咸丰县高乐山镇沙坝村,茶,茶叶,长青茶叶,
1970,湖北省,荆门市,东宝区牌楼镇来龙村,蔬,蔬菜,蔬菜,
1971,湖北省,咸宁市,通山县南林桥镇石门村,蔬,莲藕,莲藕,
1972,湖北省,咸宁市,崇阳县天城镇茅井村,粮,莲子,太空莲,
1973,湖北省,襄阳市,谷城县石花镇,花,花卉,花卉苗木,
1974,湖南省,长沙市,浏阳市高坪镇高坪社区,蔬,茄子,茄子,
1975,湖南省,长沙市,长沙县金井镇湘丰村,茶,绿茶,湘丰绿茶,
1976,湖南省,株洲市,茶陵县高陇镇石冲村,果,脐橙,石冲脐橙,
1977,湖南省,岳阳市,君山区钱粮湖镇马颈河村,蔬,辣椒,三封辣椒,
1978,湖南省,岳阳市,湘阴县樟树镇文谊新村,蔬,辣椒,樟树港辣椒,
1979,湖南省,邵阳市,新邵县大新镇栗滩社区,花,玫瑰,药用玫瑰,
1980,湖南省,永州市,道县上关街道办事处向阳村,果,脐橙,道州脐橙,
1981,湖南省,湘西州,龙山县兴隆街道办事处白岩洞村,花,百合,龙山百合,
1982,湖南省,湘西州,保靖县清水坪镇客寨村,茶,黄金茶,保靖黄金茶,
1983,湖南省,郴州市,资兴市清江镇,果,蜜桔,东江湖蜜桔,
1984,湖南省,怀化市,沅陵县陈家滩乡,渔,鱼,五强溪鱼,
1985,广东省,韶关市,仁化县红山镇鱼皇村,茶,红茶,丹霞红红茶,
1986,广东省,肇庆市,高要区活道镇仙洞村,蔬,粉葛,活道粉葛,
1987,广东省,汕尾市,陆丰市博美镇赤坑村,蔬,萝卜,萝卜,
1988,广东省,河源市,东源县船塘镇,果,板栗,板栗,
1989,广东省,茂名市,电白区水东镇,蔬,芥菜,水东芥菜,
1990,广东省,肇庆市,怀集县坳仔镇,茶,茶杆竹,怀集茶杆竹,
1991,广西壮族自治区,梧州市,苍梧县六堡镇塘平村,茶,六堡茶,六堡茶,
1992,广西壮族自治区,桂林市,灵川县海洋乡小平乐村,果,桃,桃,
1993,广西壮族自治区,来宾市,武宣县桐岭镇和律村,果,哈密瓜,哈密瓜,
1994,广西壮族自治区,贵港市,覃塘区覃塘镇龙凤村,蔬,莲藕,覃塘莲藕,
1995,广西壮族自治区,南宁市,良庆区南晓镇那敏村,果,荔枝,荔枝,
1996,广西壮族自治区,桂林市,全州县绍水镇,蔬,蘑菇,双孢蘑菇,
1997,广西壮族自治区,桂林市,荔浦县修仁镇,果,砂糖桔,砂糖桔,
1998,广西壮族自治区,桂林市,永福县龙江乡,药,罗汉果,永福罗汉果,
1999,广西壮族自治区,柳州市,柳城县东泉镇柳城华侨农场,果,蜜桔,柳城蜜桔,
2000,海南省,昌江县,海尾镇五大村,果,哈密瓜,哈蜜瓜,
2001,海南省,文昌市,会文镇,其他,佛珠,星月佛珠,
2002,海南省,海口市,琼山区三门坡镇,果,荔枝,荔枝,
2003,海南省,文昌市,会文镇边海村,渔,鱼,石斑鱼,
2004,重庆市,北碚区,北碚区静观镇中华村,粮,小米,中华糯小米,
2005,重庆市,巴南区,巴南区鱼洞街道百胜村,果,樱桃,鱼洞乌皮樱桃,
2006,重庆市,合川区,合川区小沔镇盛泉村,粮,花生,小米花生,
2007,重庆市,涪陵区,涪陵区南沱镇治坪村,蔬,竹笋,竹笋,
2008,重庆市,酉阳县,酉阳县花田乡何家岩村,粮,贡米,酉阳贡米,
2009,重庆市,奉节县,奉节县朱衣镇砚瓦村,果,脐橙,奉节脐橙,
2010,重庆市,江津区,江津区石门镇李家村,果,柑橘,晚熟柑橘,
2011,重庆市,永川区,永川区大安街道花果山村,茶,秀芽,永川秀芽,
2012,重庆市,九龙坡,九龙坡区陶家镇治安村,蔬,花椒,花椒,
2013,重庆市,渝北区,渝北区石船镇胜天村,果,桃子,桃子,
2014,重庆市,綦江区,綦江区石壕镇,粮,玉米,花坝糯玉米,
2015,重庆市,梁平区,梁平区虎城镇,果,柚子,虎城尖柚,
2016,重庆市,垫江县,垫江县坪山镇人民政府,蔬,榨菜,涪地特榨菜,
2017,四川省,成都市,都江堰市胥家镇金胜社区,果,猕猴桃,都江堰猕猴桃,
2018,四川省,成都市,邛崃市夹关镇龚店村,茶,黑茶,邛崃黑茶,
2019,四川省,德阳市,罗江县蟠龙镇宝峰村,果,枣,罗江贵妃枣,
2020,四川省,德阳市,旌阳区东湖乡高槐村,其他,旅游,乡村旅游,
2021,四川省,绵阳市,涪城区关帝镇清水村,蔬,花椒,青花椒,
2022,四川省,遂宁市,安居区常理镇大洞村,果,梨,安居黄金梨,
2023,四川省,内江市,资中县骝马镇三柏村,果,血橙,资中血橙,
2024,四川省,乐山市,夹江县三洞镇建新村,茶,茶叶,茶叶,
2025,四川省,眉山市,丹棱县顺龙乡幸福村,果,脆红李,红雅顶脆红李,
2026,四川省,甘孜州,康定市姑咱镇达杠村,果,苹果,达杠苹果,
2027,四川省,阿坝州,黑水县知木林乡维多村,果,核桃,核桃,
2028,四川省,阿坝州,马尔康市梭磨乡砍竹村,蔬,蔬菜,蔬菜,
2029,四川省,自贡市,贡井区五宝镇,粮,花生,五宝花生,
2030,四川省,攀枝花市,盐边县惠民乡,果,桑椹,盐边桑椹,
2031,四川省,绵阳市,江油市新安镇,其他,农业公园,农业公园,
2032,四川省,泸州市,叙永县水潦彝族乡,果,甜橙,赤水河甜橙,
2033,四川省,泸州市,古蔺县桂花乡,药,赶黄草,古蔺赶黄草,
2034,四川省,广元市,苍溪县运山镇,果,梨,苍溪雪梨,
2035,四川省,内江市,隆昌县普润镇,渔,水产,特色水产,
2036,贵州省,铜仁市,沿河土家族自治县中寨镇中寨村,畜,羊,沿河山羊,
2037,贵州省,遵义市,湄潭县永兴镇马义村,茶,茶叶,星叶绿茶叶,
2038,贵州省,遵义市,正安县和溪镇大坎村,果,红橙,千秋汇红橙,
2039,贵州省,黔南州,独山县影山镇黄桥村,果,葡萄,葡萄,
2040,贵州省,黔南州,龙里县湾滩河镇园区村,蔬,豌豆尖,龙里豌豆尖,
2041,贵州省,安顺市,普定县猫洞乡猫洞村,茶,茶,朵贝茶,
2042,贵州省,铜仁市,沿河土家族自治县沙子街道,果,空心李,沙子空心李,
2043,云南省,西双版纳州,勐海县勐宋乡三迈村委会南本老寨村,茶,古树茶,古树茶,
2044,云南省,大理州,永平县龙门乡大坪坦村,茶,茶叶,大坪坦茶叶,
2045,云南省,大理州,南涧县小湾东镇岔江村,畜,鸡,南洞无量山乌骨鸡,
2046,云南省,德宏州,芒市轩岗乡芒棒村,果,沙糖桔,沙糖桔,
2047,云南省,曲靖市,罗平县鲁布革乡舌坡村,渔,鱼,罗非鱼,
2048,云南省,迪庆州,德钦县云岭乡斯农村,果,葡萄,葡萄,
2049,云南省,楚雄州,双柏县法脿镇法甸村,茶,茶,白竹山茶,
2050,云南省,普洱市,西盟县勐卡镇永邦村,粮,米荞,西盟米荞,
2051,云南省,丽江市,华坪县石龙坝镇,果,芒果,华坪芒果,
2052,云南省,玉溪市,华宁县盘溪镇,果,柑桔,华宁柑桔,
2053,西藏自治区,山南市,曲松县曲松镇琼嘎村,药,藏药材,藏药材,
2054,西藏自治区,昌都市,贡觉县莫洛镇幸福村,畜,绵羊,昌都阿旺绵羊,
2055,西藏自治区,林芝市,巴宜区更章门巴民族乡久巴村,果,草莓,草莓,
2056,西藏自治区,山南市,隆子县隆子镇,粮,青稞,隆子黑青稞糌粑,
2057,陕西省,西安市,临潼区斜口街办房河村,果,石榴,临潼石榴,
2058,陕西省,渭南市,韩城市芝阳镇马村,蔬,花椒,韩城大红袍花椒,
2059,陕西省,宝鸡市,陈仓区凤阁岭镇通关河村,果,苹果,苹果,
2060,陕西省,榆林市,横山区双城办事处王梁村,畜,羊肉,横山羊肉,
2061,陕西省,咸阳市,杨凌区五泉镇汤家村,蔬,蔬菜,蔬菜,
2062,陕西省,汉中市,洋县纸坊街道办草坝村,果,梨,梨,
2063,陕西省,铜川市,耀州区锦阳路街办水峪村,果,苹果,苹果,
2064,陕西省,咸阳市,武功县普集镇社区董家村,果,猕猴桃,猕猴桃,
2065,陕西省,延安市,子长县余家坪镇新寨河村,果,油桃,大棚油桃,
2066,陕西省,安康市,岚皋县蔺河镇蒋家关村,蔬,魔芋,岚皋魔芋,
2067,陕西省,商洛市,山阳县延坪镇枫树村,茶,绿茶,延坪绿茶,
2068,陕西省,安康市,镇坪县华坪镇团结村,药,黄连,镇坪黄连,
2069,陕西省,西安市,阎良区关山镇北冯村,果,甜瓜,阎良甜瓜,
2070,陕西省,宝鸡市,扶风县天度镇,果,苹果,苹果,
2071,陕西省,汉中市,留坝县玉皇庙镇,蔬,木耳,留坝黑木耳,
2072,陕西省,渭南市,华州区瓜坡镇,蔬,蔬菜,蔬菜,
2073,陕西省,榆林市,米脂县杨家沟镇,粮,小米,米脂小米,
2074,陕西省,商洛市,丹凤县棣花镇,果,葡萄,丹凤葡萄,
2075,陕西省,渭南市,合阳县黑池镇,粮,红薯,合阳红薯,
2076,甘肃省,兰州市,皋兰县什川镇长坡村,果,梨,皋兰软儿梨,
2077,甘肃省,酒泉市,敦煌市月牙泉镇月牙泉村,果,李广杏,敦煌李广杏,
2078,甘肃省,天水市,秦州区四十铺村,果,苹果,花牛苹果,
2079,甘肃省,平凉市,庄浪县万泉镇邵坪村,果,苹果,苹果,
2080,甘肃省,定西市,陇西县首阳镇南门村,药,黄芪,黄芪,
2081,甘肃省,酒泉市,瓜州县西湖乡西湖村,果,蜜瓜,瓜州密瓜,
2082,甘肃省,武威市,凉州区羊下坝镇,蔬,蔬菜,诚坤蔬菜,
2083,甘肃省,庆阳市,庆城县白马铺镇,果,苹果,苹果,
2084,甘肃省,金昌市,永昌县焦家庄乡,蔬,胡萝卜,永昌胡萝卜,
2085,青海省,西宁市,大通回族土族自治县黄家寨镇阿家村,蔬,葱,大通鸡腿葱,
2086,青海省,西宁市,湟中县多巴镇玉拉村,果,葡萄,葡萄,
2087,青海省,西宁市,大通回族土族自治县向化乡立树尔村,畜,猪,藏香猪,
2088,青海省,海东市,互助县巴扎乡元莆沟村,畜,牦牛,白牦牛,
2089,青海省,海东市,民和县中川乡前进村,蔬,蔬菜,蔬菜,
2090,青海省,黄南州,河南县柯生镇尖克村,畜,羊,欧拉羊,
2091,宁夏回族自治区,银川市,贺兰县洪广镇金山村,畜,羊,金山羊,
2092,宁夏回族自治区,吴忠市,利通区上桥镇牛家坊村,其他,旅游,休闲农业,
2093,宁夏回族自治区,中卫市,沙坡头区常乐镇罗泉村,果,硒砂瓜,香山硒砂,
2094,宁夏回族自治区,固原市,西吉县马莲乡张堡塬村,粮,马铃薯,西吉马铃薯,
2095,宁夏回族自治区,吴忠市,盐池县王乐井乡牛记圈村,畜,滩羊肉,盐池滩羊肉,
2096,宁夏回族自治区,银川市,贺兰县常信乡,渔,鱼,淡水鱼,
2097,宁夏回族自治区,吴忠市,青铜峡市叶盛镇,粮,大米,地三贡米,
2098,新疆维吾尔自治区,伊犁州,巩留县阿尕尔森镇沙尔乌泽克村,果,苹果,三香红苹果,
2099,新疆维吾尔自治区,伊犁州,伊宁县阿乌利亚乡阿乌利亚村,其他,刺绣,民族刺绣,
2100,新疆维吾尔自治区,伊犁州,察布查尔县扎库齐牛录乡查干布拉克村,花,甘菊,罗马甘菊,
2101,新疆维吾尔自治区,昌吉州,昌吉市滨湖镇东沟村,蔬,蔬菜,蔬菜,
2102,新疆维吾尔自治区,昌吉州,玛纳斯县包家店镇马家庄村,果,苹果,苹果,
2103,新疆维吾尔自治区,阿勒泰地区,青河县阿热勒乡阔布村,畜,驴,驴,
2104,新疆维吾尔自治区,阿勒泰地区,布尔津县窝依莫克镇托库木特村,其他,旅游,休闲旅游,
2105,新疆维吾尔自治区,吐鲁番市,鄯善县连木沁镇尤库日买里村,果,葡萄,葡萄,
2106,新疆维吾尔自治区,巴音郭楞州,且末县库拉木勒克乡巴什克其克村,蔬,大蒜,大蒜,
2107,新疆生产建设兵团,第二师,三十六团,果,红枣,子母河红枣,
2108,新疆生产建设兵团,第八师,一四三团八连,果,蟠桃,石河子一四三团蟠桃,
2109,新疆生产建设兵团,第八师,一二一团二十二连,果,葡萄,克瑞森葡萄,
2110,北京市,海淀区,海淀区上庄镇西马坊村,粮,稻米,京西稻,
2111,北京市,通州区,通州区西集镇沙古堆村,果,樱桃,通州大樱桃,
2112,北京市,房山区,房山区韩村河镇圣水峪村,蔬,香椿,香椿,
2113,北京市,平谷区,平谷区大华山镇西牛峪村,果,梨,玉露香梨,
2114,北京市,顺义区,顺义区龙湾屯镇焦庄户村,果,苹果,苹果,
2115,北京市,延庆区,延庆区四海镇前山村,花,菊花,京水源菊花茶,
2116,北京市,怀柔区,怀柔区桥梓镇岐庄村,果,枣,岐庄尜尜枣,
2117,北京市,昌平区,昌平区十三陵镇康陵村,其他,食品,正德春饼宴,
2118,北京市,怀柔区,怀柔区渤海镇,果,板栗,怀柔板栗,
2119,天津市,武清区,武清区河北屯镇肖赶庄村,蔬,西红柿,西红柿,https://baike.baidu.com/item/%E8%82%96%E8%B5%B6%E5%BA%84%E6%9D%91/59906545
2120,天津市,蓟州区,蓟州区出头岭镇李家仓村,蔬,香菇,香菇,
2121,天津市,蓟州区,蓟州区别山镇西史各庄村,果,桑椹,红花峪桑椹,
2122,河北省,石家庄市,正定县正定镇塔元庄村,果,无花果,无花果,
2123,河北省,承德市,滦平县火斗山乡孙营村,果,草莓,草莓,
2124,河北省,承德市,平泉市小寺沟镇河沟子村,果,苹果,苹果,
2125,河北省,张家口市,张北县小二台镇德胜村,粮,马铃薯,德胜马铃薯,
2126,河北省,张家口市,尚义县七甲乡大六号村,蔬,生菜,结球生菜,
2127,河北省,唐山市,迁西县汉儿庄乡杨家峪村,果,板栗,迁西板栗,
2128,河北省,廊坊市,大城县权村镇后李各庄,果,枣,金丝小枣,
2129,河北省,沧州市,肃宁县万里镇西辛庄,蔬,蔬菜,蔬菜,
2130,河北省,邢台市,宁晋县苏家庄镇伍烈霍村,果,梨,宁晋鸭梨,
2131,河北省,石家庄市,新乐市邯邰镇,果,西瓜,新乐西瓜,
2132,河北省,承德市,兴隆县孤山子镇,果,板栗,兴隆板栗,
2133,河北省,秦皇岛市,昌黎县十里铺乡,果,葡萄,葡萄,
2134,河北省,保定市,易县独乐乡,果,林果,林果,
2135,河北省,衡水市,阜城县霞口镇,果,梨,阜兴梨,
2136,山西省,长治市,平顺县佛龙溪镇堂岭村,药,党参,平顺潞党参,
2137,山西省,临汾市,襄汾县景毛乡申村,果,苹果,晋乡红苹果,
2138,山西省,临汾市,隰县阳头升乡竹干村,果,梨,隰县梨,
2139,山西省,吕梁市,汾阳市栗家庄乡,果,核桃,裕源核桃,
2140,山西省,晋中市,太谷县任村乡,蔬,蔬菜,美枝蔬菜,
2141,山西省,临汾市,曲沃县里村镇,果,葡萄,里丰葡萄,
2142,内蒙古自治区,兴安盟,科尔沁右翼前旗归流河镇巴达仍贵嘎查,粮,大米,巴达仍贵大米,
2143,内蒙古自治区,巴彦淖尔市,乌拉特后旗潮格温都尔镇西尼乌素嘎查,畜,骆驼,戈壁红驼,
2144,内蒙古自治区,巴彦淖尔市,乌拉特中旗温更镇阿拉腾呼少嘎查,畜,山羊,二郎山白绒山羊,
2145,内蒙古自治区,包头市,九原区哈业胡同镇新胜村,果,甜瓜,黑柳子甜瓜,
2146,内蒙古自治区,呼伦贝尔市,莫力达瓦达斡尔族自治旗腾克镇东伊必奇村,粮,大豆,莫力达瓦大豆,
2147,内蒙古自治区,呼伦贝尔市,阿荣旗向阳峪镇太平沟村,畜,柞蚕,蛾中仙柞蚕,
2148,内蒙古自治区,鄂尔多斯市,达拉特旗树林召镇东海心村,渔,鱼,大树湾黄河鱼,
2149,内蒙古自治区,乌兰察布市,集宁区马莲渠乡霸王河村,蔬,蔬菜,霸王河蔬菜,
2150,内蒙古自治区,赤峰市,喀喇沁旗王爷府镇,蔬,番茄,喀喇沁番茄,
2151,内蒙古自治区,赤峰市,巴林左旗十三敖包镇,其他,工艺品,笤帚,
2152,辽宁省,沈阳市,辽中区刘二堡镇皮家堡村,果,葡萄,葡萄,
2153,辽宁省,沈阳市,辽中区冷子堡镇金山堡村,渔,鱼,淡水鱼,
2154,辽宁省,营口市,大石桥市高坎镇党家村,渔,鱼,高坎淡水鱼,
2155,辽宁省,盘锦市,大洼区唐家镇白家村,蔬,西红柿,碱地西红柿,
2156,辽宁省,大连市,瓦房店市驼山乡,果,樱桃,大樱桃,
2157,辽宁省,大连市,瓦房店市得利寺镇,果,樱桃,得利寺大樱桃,
2158,吉林省,白城市,洮北区洮河镇连城村,粮,小米,御粟小米,
2159,吉林省,长春市,德惠市布海镇长山村,蔬,蔬菜,蔬乡门地瓜菜,
2160,吉林省,辽源市,东丰县横道河镇大房村,药,鹿茸,马记鹿茸,
2161,吉林省,四平市,伊通满族自治县景台镇秀山村,果,榛子,伊通榛子,
2162,吉林省,长春市,公主岭市怀德镇三里堡子村,蔬,蔬菜,棚膜蔬菜,
2163,吉林省,延边州,珲春市敬信镇防川村,其他,旅游,乡村旅游,
2164,吉林省,通化市,辉南县楼街乡茂盛村,粮,大米,稻鸣香米,
2165,吉林省,吉林市,舒兰市平安镇,粮,大米,舒兰大米,
2166,黑龙江省,大庆市,肇源县义顺乡东义顺村,畜,牛,奶牛、肉牛,
2167,黑龙江省,牡丹江市,穆棱市下城子镇悬羊村,蔬,木耳,黑木耳,
2168,黑龙江省,牡丹江市,宁安市江南乡东安村,果,果品,寒地果,
2169,黑龙江省,鹤岗市,萝北县团结镇工农兵村,粮,水稻,水稻,
2170,黑龙江省,鸡西市,密山市和平朝鲜族乡新建村,蔬,蔬菜,蔬菜,
2171,黑龙江省,绥化市,海伦市东林乡战胜村,果,菇娘,菇娘,
2172,黑龙江省,伊春市,铁力市铁力镇满江红村,药,平贝,平贝,
2173,黑龙江省,齐齐哈尔市,依安县红星乡红旗村,蔬,果蔬,果蔬,
2174,黑龙江省,齐齐哈尔市,梅里斯达斡尔族区雅尔塞镇,蔬,蔬菜,蔬菜,
2175,江苏省,南京市,溧水区洪蓝镇傅家边村,果,林果,傅家边林果,
2176,江苏省,徐州市,贾汪区潘安湖街道马庄村,其他,工艺品,香包,
2177,江苏省,常州市,溧阳市戴埠镇牛场村,花,南天竺,牛场南天竺,
2178,江苏省,苏州市,太仓市城厢镇电站村,果,梨,翠冠梨,
2179,江苏省,南通市,启东市南阳镇元祥村,粮,四青作物,四青作物,
2180,江苏省,连云港市,灌南县新集镇周庄村,蔬,果蔬,果蔬,
2181,江苏省,扬州市,宝应县汜水镇新荡村,粮,稻米,有机稻米、蔬菜,
2182,江苏省,镇江市,句容市白兔镇白兔村,果,草莓,云兔草莓,
2183,江苏省,泰州市,兴化市永丰镇蔡星村,渔,蟹,兴化大闸蟹,
2184,江苏省,苏州市,吴中区甪直镇江湾村,蔬,蔬菜,设施蔬菜,
2185,江苏省,盐城市,东台市三仓镇,果,西瓜,东台西瓜,
2186,江苏省,徐州市,丰县宋楼镇,果,苹果,大沙河苹果,
2187,江苏省,盐城市,响水县南河镇,蔬,西兰花,西兰花,
2188,浙江省,温州市,乐清市雁荡镇能仁村,茶,茶叶,雁荡毛峰,
2189,浙江省,嘉兴市,桐乡市梧桐街道桃园村,果,李,桐乡槜李,
2190,浙江省,湖州市,南浔区千金镇东马干村,渔,鱼,黄颡鱼,
2191,浙江省,丽水市,庆元县竹口镇黄坛村,果,柑橘,甜橘柚,
2192,浙江省,杭州市,建德市杨村桥镇,果,草莓,草莓,
2193,浙江省,宁波市,象山县定塘镇,果,柑橘,柑橘,
2194,浙江省,衢州市,江山市塘源口乡,果,猕猴桃,猕猴桃,
2195,浙江省,丽水市,缙云县大洋镇,蔬,茭白,高山茭白,
2196,浙江省,台州市,天台县永溪乡,粮,香米,香米,
2197,浙江省,台州市,温岭市滨海镇,果,葡萄,葡萄,
2198,浙江省,宁波市,宁海县一市镇,果,枇杷,白枇杷,
2199,安徽省,宣城市,旌德县云乐镇陈岭村,药,灵芝,旌德灵芝,
2200,安徽省,池州市,青阳县酉华镇乐元村,药,黄精,九华黄精,
2201,安徽省,安庆市,太湖县百里镇大竹村,畜,牛,太湖黄牛,
2202,安徽省,芜湖市,繁昌县平铺镇新塘村,渔,小龙虾,中典小龙虾,
2203,安徽省,阜阳市,界首市陶庙镇赵庄村,粮,马铃薯,丰絮马铃薯,
2204,安徽省,蚌埠市,怀远县白莲坡镇姚山村,渔,甲鱼,姚山甲鱼,
2205,安徽省,六安市,裕安区狮子岗乡新华村,果,桃,狮果岭红桃,
2206,安徽省,亳州市,蒙城县小辛集乡李大塘村,蔬,西兰花,西兰花,
2207,安徽省,淮南市,大通区上窑镇张郢村,蔬,蘑菇,菌润双孢菇,
2208,安徽省,宿州市,灵璧县渔沟镇纸房村,蔬,黄瓜,华馗黄瓜,
2209,安徽省,滁州市,来安县张山乡张山村,果,油桃,中郢油桃,
2210,安徽省,马鞍山市,当涂县湖阳镇,渔,蟹,石臼湖螃蟹,
2211,安徽省,安庆市,潜山县塔畈乡,茶,绿茶,彭河绿茶,
2212,福建省,龙岩市,连城县文亨镇鲤江村,粮,花生,文亨红衣花生,
2213,福建省,南平市,松溪县郑墩镇万前村,其他,甘蔗,万前百年蔗,
2214,福建省,宁德市,福鼎市点头镇柏柳村,茶,白茶,福鼎白茶,
2215,福建省,三明市,宁化县曹坊镇石牛村,蔬,辣椒,闽娇辣椒,
2216,福建省,泉州市,德化县春美乡,蔬,黄花菜,德化黄花菜,
2217,福建省,龙岩市,连城县朋口镇,花,兰花,连城兰花,
2218,福建省,龙岩市,永定区仙师镇,蔬,芋头,永定六月红早熟芋,
2219,江西省,赣州市,崇义县麟潭乡两杰村,果,葡萄,刺葡萄,
2220,江西省,赣州市,宁都县田头镇白沙村,其他,席草,席草,
2221,江西省,抚州市,广昌县盱江镇彭田村,粮,莲子,广昌白莲,
2222,江西省,吉安市,吉安县横江镇良枧村,果,葡萄,横江葡萄,
2223,江西省,九江市,彭泽县太泊湖农业综合开发区泊湖村,渔,稻虾,稻虾共作,
2224,江西省,宜春市,奉新县会埠镇西庄村,蔬,蔬菜,伊田圆鲜蔬,
2225,江西省,上饶市,弋阳县叠山镇周潭村,粮,大禾谷,弋阳大禾谷,
2226,江西省,萍乡市,上栗县赤山镇麻田村,果,柚子,冰糖柚,
2227,江西省,新余市,渝水区良山镇下保村,花,花卉,花卉苗木,
2228,江西省,南昌市,南昌县冈上镇,畜,鸭,鸭苗,
2229,江西省,景德镇市,浮梁县臧湾乡,茶,茶,浮梁茶,
2230,山东省,潍坊市,昌邑市饮马镇山阳村,果,梨,山阳大梨,
2231,山东省,临沂市,沂南县蒲汪镇茶坡村,蔬,芹菜,茶坡芹菜,
2232,山东省,泰安市,泰山区省庄镇小津口村,茶,茶,津口女儿茶,
2233,山东省,淄博市,博山区博山镇上瓦泉村,果,草莓,博山草莓,
2234,山东省,济南市,莱芜区牛泉镇贺小庄村,蔬,葱,莱芜鸡腿葱,
2235,山东省,滨州市,邹平县黛溪街道办事处张高村,果,杏,张高水杏,
2236,山东省,聊城市,茌平县贾寨镇耿店村,蔬,蔬菜,茌星蔬菜,
2237,山东省,济南市,南部山区高而办事处核桃园村,果,核桃,核桃,
2238,山东省,菏泽市,定陶区南王店镇王楼村,果,西瓜,南王店西瓜,
2239,山东省,菏泽市,巨野县万丰镇阚店村,蔬,苦瓜,苦瓜,
2240,山东省,青岛市,黄岛区大场镇南辛庄村,果,草莓,从荣草莓,
2241,山东省,日照市,莒县峤山镇,蔬,姜,莒县大姜,
2242,山东省,菏泽市,单县李新庄镇,果,甜瓜,单县香瓜,
2243,山东省,威海市,荣成市港西镇,果,无花果,荣成无花果,
2244,山东省,东营市,河口区新户镇,渔,海参,海参,
2245,山东省,枣庄市,薛城区周营镇,蔬,果蔬,果蔬,
2246,山东省,德州市,平原县王杲铺镇,蔬,黄瓜,杲牌黄瓜,
2247,山东省,济宁市,微山县南阳镇,其他,旅游,休闲农业,
2248,山东省,日照市,五莲县潮河镇,茶,绿茶,日照绿茶,
2249,河南省,许昌市,长葛市佛耳湖镇尚庄村,其他,蜂蜜,长葛蜂蜜,
2250,河南省,三门峡市,渑池县任村乡南坻坞村,粮,小米,仰韶贡米,
2251,河南省,平顶山市,鲁山县熊背乡大年沟村,果,桃,大年沟血桃,
2252,河南省,三门峡市,灵宝市尹庄镇前店村,蔬,蘑菇,昌盛宝菇,
2253,河南省,濮阳市,南乐县西邵乡李崇町村,果,杏,西邵红杏,
2254,河南省,驻马店市,平舆县东皇街道大王寨村,粮,芝麻,平舆白芝麻,
2255,河南省,南阳市,淅川县九重镇张河村,果,石榴,淅川软籽石榴,
2256,河南省,南阳市,唐河县马振扶镇前庄村,其他,旅游,乡村旅游,
2257,河南省,鹤壁市,鹤山区姬家山乡东齐村,蔬,香椿,红油香椿,
2258,河南省,信阳市,潢川县付店镇,其他,面食,潢川空心贡面,
2259,河南省,商丘市,夏邑县北岭镇,果,西瓜,夏邑西瓜,
2260,湖北省,随州市,随县三里岗镇吉祥寺村,蔬,香菇,随州香菇,
2261,湖北省,襄阳市,南漳县东巩镇双坪村,蔬,木耳,南漳黑木耳,
2262,湖北省,宜昌市,五峰土家族自治县采花乡星岩坪村,茶,茶叶,五峰茶叶,
2263,湖北省,咸宁市,咸安区高桥镇白水村,蔬,萝卜,白水畈萝卜,
2264,湖北省,宜昌市,远安县茅坪场镇瓦仓村,粮,大米,瓦仓大米,
2265,湖北省,荆州市,开发区滩桥镇移民新村,果,金橘,一米金橘,
2266,湖北省,荆门市,漳河新区双喜街双井村,果,西瓜,双井西瓜,
2267,湖北省,武汉市,洪山区洪山街先建村,蔬,菜薹,洪山菜薹,
2268,湖北省,黄石市,大冶市金山店镇向阳村,果,李,香李,
2269,湖北省,黄石市,大冶市保安镇沼山村,果,桃,狗血桃,
2270,湖北省,武汉市,东西湖区东山办事处群力大队,果,葡萄,东西湖葡萄,
2271,湖北省,恩施州,宣恩县万寨乡,茶,贡茶,伍家台贡茶,
2272,湖北省,咸宁市,嘉鱼县陆溪镇,蔬,莲藕,嘉鱼珍湖莲藕,
2273,湖北省,恩施州,咸丰县坪坝营镇墨池寺村,茶,藤茶,滋恬富硒藤茶,
2274,湖南省,长沙市,浏阳市普迹镇书院新村,蔬,毛豆,爽健毛豆,
2275,湖南省,邵阳市,新邵县潭府乡中潭村,果,猕猴桃,玉辉猕猴桃,
2276,湖南省,常德市,澧县复兴镇双堰村,果,柚子,复兴苹果柚,
2277,湖南省,益阳市,桃江县马迹塘镇京华村,蔬,竹笋,桃江竹笋,
2278,湖南省,永州市,新田县陶岭镇仁岗村,蔬,辣椒,三味辣椒,
2279,湖南省,娄底市,新化县奉家镇渠江源村,茶,茶叶,茶叶,
2280,湖南省,怀化市,麻阳县高村镇大力林村,果,柑橘,莲馨柑桔,
2281,湖南省,湘潭市,湘乡市毛田镇,茶,红茶,香露红茶叶,
2282,湖南省,衡阳市,常宁市塔山瑶族乡,茶,茶,塔山山岚茶,
2283,湖南省,张家界市,慈利县苗市镇,果,柑橘,湘慈柑桔,
2284,湖南省,郴州市,桂阳县莲塘镇,药,中药材,莲塘中药材,
2285,广东省,珠海市,斗门区白蕉镇昭信村,渔,鱼,海鲈鱼,
2286,广东省,云浮市,郁南县东坝镇思磊村,畜,蚕茧,东坝蚕茧,
2287,广东省,惠州市,龙门县麻榨镇下龙村,果,杨桃,绿安杨桃,
2288,广东省,茂名市,信宜市洪冠镇,药,南药,洪冠南药,
2289,广东省,茂名市,高州市根子镇,果,荔枝,荔枝,
2290,广东省,韶关市,乐昌市北乡镇,蔬,马蹄,北乡马蹄,
2291,广西壮族自治区,贺州市,八步区贺街镇西南村,果,李,八步三华李,
2292,广西壮族自治区,桂林市,龙胜各族自治县乐江乡地灵村,粮,糯米,龙胜红糯,
2293,广西壮族自治区,桂林市,全州县绍水镇柳甲村,果,砂糖桔,福禄旺沙糖桔,
2294,广西壮族自治区,来宾市,武宣县黄茆镇麻爪村,果,枇杷,麻爪大果枇杷,
2295,广西壮族自治区,百色市,右江区四塘镇六合村,果,芒果,芒果,
2296,广西壮族自治区,玉林市,博白县菱角镇石柳村,果,沃柑,沃柑,
2297,广西壮族自治区,来宾市,武宣县东乡镇风沿村,果,柚子,红心蜜柚,
2298,广西壮族自治区,玉林市,北流市北流镇六行村,果,荔枝,北流荔枝,
2299,广西壮族自治区,百色市,田东县林逢镇林驮村,果,芒果,田东香芒,
2300,海南省,昌江县,十月田镇好清村,果,菠萝,香水菠萝,
2301,海南省,琼中县,湾岭镇岭脚村,畜,蚕桑,桑蚕,
2302,海南省,琼中县,红毛镇罗坎村,茶,油,山茶油,
2303,海南省,琼中县,和平镇长兴村二队,其他,咖啡,飞瀑山咖啡,
2304,海南省,儋州市,木棠镇铁匠村,果,木材,黄花梨木,
2305,重庆市,万州区,万州区白羊镇大弯村,果,柠檬,万州柠檬,
2306,重庆市,涪陵区,涪陵区南沱镇睦和村,果,龙眼,涪陵龙眼,
2307,重庆市,九龙坡区,九龙坡区西彭镇真武宫村,果,葡萄,葡萄,
2308,重庆市,长寿区,长寿区邻封镇邻封村,果,柚子,长寿沙田柚,
2309,重庆市,长寿区,长寿区龙河镇四坪村,果,柑橘,柑橘,
2310,重庆市,江津区,江津区西湖镇青泊村,果,柑橘,柑橘,
2311,重庆市,大足区,大足区棠香街道五星社区,果,枇杷,足源枇杷,
2312,重庆市,万盛区,万盛区黑山镇南门村,果,猕猴桃,黑山猕猴桃,
2313,重庆市,垫江县,垫江县砚台镇登丰村,蔬,花椒,青花椒,
2314,重庆市,武隆区,武隆区火炉镇筏子村,果,桃,火炉脆桃,
2315,重庆市,荣昌区,荣昌区吴家镇双流村,蔬,蔬菜,蔬菜,
2316,重庆市,云阳县,云阳县泥溪镇胜利村,蔬,木耳,黑木耳,
2317,重庆市,合川区,合川区古楼镇山林村,果,枇杷,枇杷,
2318,重庆市,忠县,忠县新立镇,果,柑橘,柑橘,
2319,四川省,成都市,邛崃市火井镇双童村,果,猕猴桃,绿佳康猕猴桃,
2320,四川省,攀枝花市,米易县草场乡龙华村,果,枇杷,枇杷,
2321,四川省,德阳市,中江县杰兴镇觉慧村,其他,面食,中江挂面,
2322,四川省,绵阳市,游仙区云凤镇柏荣村,渔,鱼,川仙生态鱼,
2323,四川省,广元市,青川县板桥镇红旗村,蔬,木耳,黑木耳,
2324,四川省,遂宁市,蓬溪县任隆镇八角村,果,桃,蓬溪仙桃,
2325,四川省,内江市,东兴区新店乡上塘坊村,蔬,花椒,上塘坊青花椒,
2326,四川省,乐山市,马边彝族自治县苏坝镇白杨槽村,茶,绿茶,马边绿茶,
2327,四川省,宜宾市,筠连县筠连镇五凤村,畜,牛,筠练黄牛,
2328,四川省,广安市,广安区龙安乡群策村,果,柚子,龙安柚,
2329,四川省,眉山市,青神县南城镇兰沟村,其他,竹编,青神竹编,
2330,四川省,阿坝州,九寨沟县陵江乡七里村,果,樱桃,九寨沟甜樱桃,
2331,四川省,凉山州,西昌市西乡乡凤凰村,果,葡萄,月凤紫晶葡萄,
2332,四川省,雅安市,石棉县宰羊乡坪阳村,果,柑橘,石棉黄果柑,
2333,四川省,成都市,金堂县清江镇,蔬,蘑菇,金乡姬菇,
2334,四川省,自贡市,荣县来牟镇,茶,茶叶,牟芽青茶叶,
2335,四川省,广元市,昭化区柳桥乡,药,茯苓,昭化茯苓,
2336,四川省,达州市,达川区百节镇,果,乌梅,达县乌梅,
2337,贵州省,铜仁市,万山区敖寨乡中华山村,蔬,食用菌,食用菌,
2338,贵州省,安顺市,西秀区双堡镇大坝村,果,刺梨,安顺金刺梨,
2339,贵州省,安顺市,紫云县坝羊镇新山村,茶,茶叶,星秀山茶叶,
2340,贵州省,黔西南州,晴隆县长流乡溪流村,药,辣木,辣木,
2341,贵州省,遵义市,赤水市两河口镇大荣村,渔,鱼,竹叶鱼,
2342,贵州省,六盘水市,盘州市盘关镇贾西村,果,刺梨,刺梨,
2343,贵州省,贵阳市,乌当区百宜镇洛坝村,蔬,辣椒,百宜辣椒,
2344,贵州省,毕节市,金沙县木孔镇湾子社区,蔬,辣椒,湾子辣椒,
2345,贵州省,毕节市,黔西县金碧镇杨家店村,药,皂角,药用皂角,
2346,云南省,临沧市,临翔区博尚镇永泉村,其他,油,博尚菜籽油,
2347,云南省,临沧市,镇康县忙丙乡马鞍山村,茶,茶,镇康马鞍山茶,
2348,云南省,大理州,云龙县诺邓镇天池村,果,梨,麦地湾梨,
2349,云南省,红河州,屏边县湾塘乡阿碑村,果,荔枝,屏边荔枝,
2350,云南省,西双版纳州,勐海县格朗和乡南糯山村,茶,古树茶,古树茶,
2351,云南省,昭通市,绥江县新滩镇石龙村,果,李子,半边红李子,
2352,云南省,保山市,腾冲市马站乡和睦社区,茶,油茶,腾冲红花油茶,
2353,云南省,大理州,宾川县拉乌乡,果,核桃,宾川拉乌核桃,
2354,云南省,昆明市,石林县西街口镇,果,人参果,人参果,
2355,云南省,丽江市,华坪县荣将镇,果,芒果,华坪芒果,
2356,云南省,曲靖市,宣威市务德镇,蔬,辣椒,坤太干辣椒,
2357,西藏自治区,昌都市,八宿县拉根乡拉根村,粮,荞麦,荞麦,
2358,西藏自治区,那曲市,聂荣县色庆乡帕玉村,畜,奶制品,奶制品,
2359,西藏自治区,山南市,乃东区结巴乡多若村,果,草莓,春梅草莓,
2360,西藏自治区,拉萨市,城关区夺底乡,果,树莓,树莓,
2361,西藏自治区,拉萨市,曲水县达嘎乡,粮,土豆,艾玛岗土豆,
2362,陕西省,榆林市,吴堡县岔上镇丁家畔村,果,枣,吴堡红枣,
2363,陕西省,汉中市,宁强县高寨子街道办事处肖家坝村,茶,绿茶,青木川绿茶,
2364,陕西省,咸阳市,乾县梁山镇官地村,果,苹果,梁山双矮苹果,
2365,陕西省,安康市,紫阳县瓦庙镇新华村,蔬,魔芋,魔芋,
2366,陕西省,商洛市,柞水县下梁镇西川村,蔬,木耳,柞水黑木耳,
2367,陕西省,宝鸡市,凤县双石铺镇十里店村,蔬,花椒,花椒,
2368,陕西省,渭南市,澄城县韦庄镇东白龙村,果,冬枣,东白龙冬枣,
2369,陕西省,宝鸡市,陇县温水镇坪头村,蔬,香菇,香菇,
2370,陕西省,榆林市,子洲县淮宁湾镇前清水沟村,果,苹果,黄土屲苹果,
2371,陕西省,咸阳市,武功县大庄镇大西村,蔬,番茄,番茄,
2372,陕西省,咸阳市,旬邑县城关镇纸坊村,果,甜瓜,甜瓜,
2373,陕西省,延安市,吴起县五谷城镇桐寨村,粮,谷子,肥土地谷子,
2374,陕西省,汉中市,佛坪县越坝镇大古坪村,畜,蜂蜜,佛坪土蜂蜜,
2375,陕西省,宝鸡市,千阳县南寨镇,果,苹果,苹果,
2376,陕西省,渭南市,大荔县朝邑镇,果,冬枣,天荔冬枣,
2377,陕西省,榆林市,靖边县王渠则镇,粮,荞麦,靖边荞麦,
2378,陕西省,商洛市,镇安县达仁镇,茶,茶,镇安象园茶,
2379,陕西省,汉中市,南郑区牟家坝镇,茶,绿茶,绿茶,
2380,陕西省,延安市,洛川县老庙镇,果,苹果,延美苹果,
2381,甘肃省,张掖市,甘州区花寨乡花寨村,粮,小米,金花寨小米,
2382,甘肃省,天水市,甘谷县磐安镇燕家庄村,蔬,韭菜,韭菜,
2383,甘肃省,定西市,安定区香泉镇陈家屲村,粮,马铃薯,定西马铃薯,
2384,甘肃省,金昌市,金川区宁远堡镇东湾村,蔬,萝卜,东湾绿萝卜,
2385,甘肃省,兰州市,兰州新区中川镇赖家坡村,花,玫瑰,玫瑰,
2386,甘肃省,临夏州,永靖县三塬镇下塬村,蔬,蔬菜,蔬菜,
2387,甘肃省,酒泉市,瓜州县瓜州乡三工村,果,哈密瓜,哈密瓜,
2388,甘肃省,平凉市,灵台县独店镇冯家堡村,果,苹果,苹果,
2389,甘肃省,张掖市,高台县巷道镇东联村,蔬,果蔬,果蔬,
2390,青海省,西宁市,湟中县拦隆口镇上庄村,蔬,大葱,大葱,
2391,青海省,西宁市,湟中县田家寨镇田家寨村,茶,茶,千紫缘枸杞芽茶,
2392,青海省,西宁市,湟中县土门关乡上山庄村,其他,旅游,休闲农业,
2393,青海省,海东市,互助县西山乡郭家沟村,粮,马铃薯,马铃薯,
2394,青海省,海南州,贵德县新街乡鱼山村,蔬,蒜苗,蒜苗,
2395,青海省,海西州,乌兰县茶卡镇,畜,羊,乌兰茶卡羊,
2396,宁夏回族自治区,固原市,西吉县红耀乡井湾村,粮,马铃薯,西吉马铃薯,
2397,宁夏回族自治区,固原市,泾源县香水镇上桥村,畜,牛肉,泾源黄牛肉,
2398,宁夏回族自治区,吴忠市,盐池县花马池镇柳杨堡村,畜,滩羊,盐池滩羊,
2399,宁夏回族自治区,银川市,永宁县望远镇板桥村,蔬,蔬菜,蔬菜,
2400,宁夏回族自治区,中卫市,中宁县舟塔乡潘营村,药,枸杞,中宁枸杞,
2401,宁夏回族自治区,银川市,灵武市梧桐树乡,粮,大米,兴唐贡米,
2402,宁夏回族自治区,固原市,彭阳县红河镇,蔬,辣椒,彭阳辣椒,
2403,新疆维吾尔自治区,昌吉州,阜康市城关镇头工中心村,蔬,西红柿,西红柿,
2404,新疆维吾尔自治区,伊犁州,察布查尔锡伯自治县绰霍尔乡博斯坦村,粮,水稻,水稻,
2405,新疆维吾尔自治区,阿勒泰地区,富蕴县喀拉布勒根乡喀拉苏村,粮,玉米,玉米,
2406,新疆生产建设兵团,第四师,73团4连,粮,大米,哈沙科大米,
2407,新疆生产建设兵团,第一师,4团,果,杏,四团吊干杏,
2408,新疆生产建设兵团,第十师,182团,粮,食葵,食葵,
2409,新疆生产建设兵团,第十三师,柳树泉农场,果,葡萄,无核白葡萄,
2410,北京市,昌平区,崔村镇八家村,果,苹果,崔村红苹果,
2411,北京市,平谷区,峪口镇西营村,果,桃,甜那溪有机大桃,
2412,北京市,延庆区,永宁镇新华营村,药,菊花,鲜切菊花,
2413,北京市,大兴区,安定镇前野厂村,经,桑,安定桑葚,
2414,北京市,怀柔区,九渡河镇黄花镇村,果,蓝莓,黄花镇蓝莓,
2415,北京市,怀柔区,怀北镇河防口村,果,梨,河防口红肖梨,
2416,北京市,顺义区,北小营前鲁各庄村,粮,水稻,张堪水稻,
2417,北京市,延庆区,刘斌堡乡下虎叫村,旅,民宿,民宿,
2418,北京市,昌平区,十三陵镇仙人洞村,旅,民宿,民宿,
2419,天津市,北辰区,西堤头镇赵庄子村,其,现代都市渔业园,现代都市渔业园,https://baike.baidu.com/item/%E8%B5%B5%E5%BA%84%E5%AD%90%E6%9D%91/22213118
2420,天津市,武清区,石各庄镇敖东村,果,梨,金果梨,
2421,天津市,宁河区,东棘坨镇小从村,粮,水稻,水稻,https://baike.baidu.com/item/%E5%B0%8F%E4%B8%9B%E6%9D%91/23727104
2422,河北省,承德市,滦平县大屯镇,其,食用菌,食用菌,
2423,河北省,承德市,围场满族蒙古族自治县新拨镇二道河子村,蔬,萝卜,胡萝卜,
2424,河北省,秦皇岛市,青龙满族自治县土门子镇丰果村,果,苹果,苹果,
2425,河北省,秦皇岛市,昌黎县新集镇小营村,蔬,黄瓜,黄瓜,
2426,河北省,秦皇岛市,昌黎县荒佃庄镇,加,皮毛,皮毛,
2427,河北省,唐山市,遵化市西留村乡朱山庄村,蔬,蒜,蒜黄,
2428,河北省,邯郸市,邱县新马头镇礼村,果,桃,邱县蜜桃,
2429,河北省,邯郸市,曲周县安寨镇前衙村,果,葡萄,葡萄,
2430,河北省,邢台市,隆尧县山口镇东尚村,蔬,葱,隆尧鸡腿葱,
2431,河北省,邢台市,威县第什营镇西梨园村,果,葡萄,葡萄,
2432,河北省,张家口市,怀安县怀安城镇黄家窑村,蔬,蔬菜,蔬菜,
2433,河北省,张家口市,张北县二台镇金家村,蔬,马铃薯,马铃薯,
2434,河北省,石家庄市,新乐市邯邰镇小流村,果,西瓜,新乐西瓜,
2435,河北省,石家庄市,赵县范庄镇大安一村,果,梨,梨果,
2436,河北省,保定市,定州市东留春乡北邵村,粮,小麦,黑小麦,
2437,河北省,保定市,顺平县台鱼乡南台鱼村,其,林果,林果,
2438,河北省,保定市,阜平县平阳镇白家峪村,蔬,香菇,香菇,
2439,河北省,沧州市,吴桥县曹洼乡岳庄村,粮,玉米,玉米谷子,
2440,河北省,沧州市,黄骅市滕庄子乡孔店村,果,枣,冬枣,
2441,河北省,廊坊市,大城县臧屯镇九间房村,其,葫芦,葫芦,
2442,河北省,衡水市,阜城县霞口镇刘老人村,果,梨,梨果,
2443,河北省,石家庄市,辛集市旧城镇,其,果蔬,果蔬,
2444,山西省,运城市,临猗县庙上乡,果,枣,冬枣,
2445,山西省,吕梁市,文水县胡兰镇保贤村,畜,牛,肉牛,
2446,山西省,阳泉市,平定县巨城镇半沟村,蔬,红薯,红薯,
2447,山西省,长治市,壶关县店上镇绍良村,蔬,西红柿,旱地西红柿,
2448,山西省,大同市,阳高县罗文皂镇管家堡村,加,粽子,粽子,
2449,山西省,忻州市,代县胡峪乡望台村,果,杏,白水杏,
2450,山西省,晋中市,和顺县横岭镇翟家庄村,畜,牛,肉牛,
2451,山西省,临汾市,乡宁县枣岭乡湾里村,药,花椒,花椒,
2452,山西省,晋城市,沁水县土沃乡南阳村,旅,农业观光,农业观光、康养旅游,
2453,内蒙古自治区,呼伦贝尔市,海拉尔区哈克镇,畜,牛,牛奶,
2454,内蒙古自治区,鄂尔多斯市,乌审旗乌兰陶勒盖镇,畜,猪,生猪,
2455,内蒙古自治区,鄂尔多斯市,鄂托克旗阿尔巴斯苏木,畜,羊,阿尔巴斯白绒山羊,
2456,内蒙古自治区,通辽市,奈曼旗青龙山镇互利村,蔬,甘薯,甘薯,
2457,内蒙古自治区,巴彦淖尔市,杭锦后旗三道桥镇和平村,果,甜瓜,西甜瓜,
2458,内蒙古自治区,兴安盟乌兰浩特市,义勒力特镇,粮,水稻,水稻,
2459,内蒙古自治区,兴安盟,扎赉特旗好力保镇水田村,粮,水稻,水稻,
2460,内蒙古自治区,兴安盟,科尔沁右翼前旗乌兰毛都苏木草根台嘎查,畜,羊,肉羊,
2461,内蒙古自治区,呼伦贝尔市,扎兰屯市南木鄂伦春民族乡大兴村,粮,玉米,甜玉米、鲜食玉米,
2462,内蒙古自治区,巴彦淖尔市,乌拉特中旗德岭山镇苏独仑嘎查,经,花生,花生,
2463,辽宁省,葫芦岛市,建昌县养马甸子乡,蔬,香菇,香菇,
2464,辽宁省,沈阳市,新民市大民屯镇,蔬,蔬菜,设施蔬菜,
2465,辽宁省,本溪市,桓仁县二棚甸子镇,其,野山参,野山参,
2466,辽宁省,丹东市,东港市北井子镇獐岛村,旅,休闲农业,休闲农业,
2467,辽宁省,丹东市,东港市椅圈镇李家店村,果,草莓,草莓,
2468,辽宁省,大连市,金普新区七顶山街道拉树山村,果,桃,大樱桃,
2469,辽宁省,朝阳市,北票市蒙古营镇跃进村,蔬,蔬菜,设施蔬菜,
2470,辽宁省,铁岭市,昌图县朝阳镇前柏林子村,畜,鸡,蛋鸡,
2471,辽宁省,朝阳市,凌源市东城街道房申村,花,花,花卉,
2472,辽宁省,大连市,庄河市石城乡花山村,渔,生蚝,生蚝,
2473,吉林省,延边朝鲜族自治州龙井市,东盛涌镇太平村,粮,大米,有机大米,
2474,吉林省,延边朝鲜族自治州图们市,石岘镇河北村,其,食用菌,食用菌,
2475,吉林省,四平市,双辽市新立乡公平村,粮,水稻,水稻,
2476,吉林省,吉林市,永吉县万昌镇新立村,粮,水稻,水稻,
2477,吉林省,白山市,临江市闹枝镇闹枝村,蔬,木耳,黑木耳,
2478,吉林省,辽源市,西安区灯塔镇富强村,药,蒲公英,蒲公英,
2479,吉林省,长春市,榆树市保寿镇红旗村,粮,大米,有机大米,
2480,吉林省,白城市,洮南市呼和车力蒙古族乡车力村,粮,绿豆,绿豆,
2481,吉林省,松原市,宁江区大洼镇民乐村,其,瓜菜,瓜菜,
2482,吉林省,通化市,集安市清河镇,药,人参,人参,
2483,黑龙江省,哈尔滨市,阿城区亚沟街道,其,粘豆包,粘豆包,
2484,黑龙江省,牡丹江市,林口县古城镇,其,白瓜子,白瓜子,
2485,黑龙江省,牡丹江市,宁安市兰岗镇,其,西香瓜,西香瓜,
2486,黑龙江省,绥化市,兰西县榆林镇,蔬,蔬菜,兰榆蔬菜,
2487,黑龙江省,哈尔滨市,宾县永和乡永和村,蔬,蔬菜,蔬菜,
2488,黑龙江省,齐齐哈尔市,梅里斯达斡尔族区共和镇胜利村,其,香瓜,香瓜,
2489,黑龙江省,齐齐哈尔市,依安县依龙镇奋斗村,经,甜菜,甜菜,
2490,黑龙江省,佳木斯市,桦南县孟家岗镇群英村,蔬,木耳,黑木耳,
2491,黑龙江省,大庆市,肇州县二井镇实现村,蔬,蔬菜,蔬菜,
2492,黑龙江省,大庆市,大同区双榆树乡双胜村,粮,小米,小米,
2493,上海市,宝山区,罗店镇天平村,其,食用菌,食用菌,
2494,上海市,金山区,漕泾镇水库村,其,淡水养殖,淡水养殖,
2495,上海市,奉贤区,青村镇,果,桃,黄桃,
2496,上海市,松江区,泖港镇,粮,大米,大米,
2497,江苏省,南京市,溧水区东屏街道长乐社区,果,桃,雪桃、草莓,
2498,江苏省,南京市,江宁区汤山街道七坊村,旅,休闲农业,休闲农业,
2499,江苏省,无锡市,江阴市利港街道维常村,渔,蟹,中华绒螯蟹,
2500,江苏省,徐州市,邳州市八路镇,花,花,花卉,
2501,江苏省,常州市,武进区雪堰镇城西回民村,果,梨,梨,
2502,江苏省,常州市,金坛区儒林镇湖头村,渔,蟹,中华绒螯蟹,
2503,江苏省,苏州市,昆山市巴城镇武神潭村,渔,蟹,大闸蟹,
2504,江苏省,南通市,如东县掘港街道虹桥村,其,果蔬,果蔬,
2505,江苏省,南通市,海安市大公镇于坝村,果,桃,梨、桃,
2506,江苏省,连云港市,灌南县张店镇张店社区,果,葡萄,葡萄,
2507,江苏省,盐城市,东台市新街镇,苗,苗木,苗木,
2508,江苏省,扬州市,仪征市马集镇合心村,其,黑莓,黑莓,
2509,江苏省,镇江市,丹徒区高桥镇高桥村,渔,蟹,江蟹、扣蟹,
2510,江苏省,泰州市,兴化市沙沟镇,渔,鱼,淡水鱼,
2511,江苏省,泰州市,姜堰区白米镇大安村,蔬,芦笋,绿芦笋,
2512,江苏省,宿迁市,宿城区罗圩乡,其,蔬果,蔬果,
2513,江苏省,盐城市,建湖县恒济镇苗庄村,渔,蟹,大闸蟹,
2514,江苏省,南通市,通州区东社镇,蔬,蔬菜,设施蔬菜,
2515,江苏省,泰州市,高港区白马镇陈家村,其,水果,水果,
2516,浙江省,衢州市,常山县青石镇,其,胡柚,胡柚,
2517,浙江省,金华市,磐安县玉山镇,茶,绿茶,绿茶,
2518,浙江省,杭州市,西湖区转塘街道上城埭村,茶,绿茶,绿茶,
2519,浙江省,台州市,三门县海润街道涛头村,渔,蟹,青蟹,
2520,浙江省,丽水市,青田县三溪口街道白浦村,果,杨梅,杨梅,
2521,浙江省,金华市,浦江县黄宅镇,果,葡萄,葡萄,
2522,浙江省,温州市,平阳县南麂镇,渔,鱼,大黄鱼,
2523,浙江省,杭州市,余杭区径山镇径山村,茶,绿茶,红茶、绿茶,
2524,浙江省,湖州市,长兴县和平镇长城村,蔬,芦笋,芦笋,
2525,浙江省,嘉兴市,桐乡市大麻镇,渔,中华鳖,中华鳖,
2526,浙江省,绍兴市,上虞区长塘镇罗村村,其,毛笋、笋干,毛笋、笋干,
2527,浙江省,宁波市,象山县泗州头镇里坑村,果,甜瓜,甜瓜,
2528,安徽省,淮北市,烈山区烈山镇榴园村,果,石榴,石榴,
2529,安徽省,宿州市,砀山县城庄镇坡里王屯村,果,西瓜,西瓜,
2530,安徽省,阜阳市,颍州区西湖镇汤庄村,蔬,萝卜,恋思萝卜,
2531,安徽省,蚌埠市,五河县城关镇沟东村,果,梨,酥梨,
2532,安徽省,宣城市,宣州区新田镇赵村村,其,宣木瓜,宣木瓜,
2533,安徽省,宣城市,绩溪县家朋乡万莲水村,果,桃,山核桃,
2534,安徽省,池州市,石台县丁香镇红桃村,茶,红茶,红茶,
2535,安徽省,安庆市,岳西县冶溪镇琥珀村,茶,绿茶,绿茶,
2536,安徽省,黄山市,休宁县流口镇茗洲村,茶,绿茶,绿茶,
2537,安徽省,芜湖市,南陵县烟墩镇霭里村,旅,休闲农业,休闲农业,
2538,安徽省,宣城市,广德市卢村乡石狮村,茶,绿茶,绿茶、黄茶等,
2539,安徽省,安庆市,宿松县许岭镇雨岭村,果,桃,猕猴桃,
2540,安徽省,淮南市,八公山区八公山镇下郢村,加,豆制品,豆制品加工,
2541,安徽省,黄山市,祁门县芦溪乡芦溪村,茶,红茶,红茶,
2542,安徽省,六安市,舒城县舒茶镇,茶,绿茶,绿茶,
2543,安徽省,马鞍山市,当涂县乌溪镇,渔,蟹,蟹苗,
2544,安徽省,安庆市,太湖县寺前镇,茶,绿茶,绿茶,
2545,福建省,福州市,闽清县梅溪镇,果,橄榄,橄榄,
2546,福建省,福州市,福清市一都镇,果,枇杷,枇杷,
2547,福建省,龙岩市,连城县林坊镇,其,地瓜,地瓜,
2548,福建省,龙岩市,武平县东留镇,果,李,芙蓉李,
2549,福建省,南平市,政和县澄源乡,茶,绿茶,白茶、红茶、绿茶,
2550,福建省,南平市,浦城县仙阳镇,其,粮食,粮食,
2551,福建省,宁德市,福安市社口镇,茶,红茶,红茶,
2552,福建省,宁德市,福安市赛岐镇,果,葡萄,葡萄,
2553,福建省,宁德市,柘荣县城郊乡,药,太子参,太子参,
2554,福建省,漳州市,诏安县太平镇,果,青梅,青梅,
2555,福建省,漳州市,南靖县书洋镇,茶,乌龙茶,乌龙茶,
2556,福建省,莆田市,仙游县钟山镇,蔬,蔬菜,蔬菜,
2557,福建省,泉州市,永春县五里街镇,其,水果,水果,
2558,福建省,泉州市,晋江市金井镇围头村,渔,鱼,鲍鱼,
2559,福建省,南平市,光泽县寨里镇山头村,粮,大米,富硒大米,
2560,江西省,南昌市,新建区金桥乡小桥村,果,葡萄,葡萄,
2561,江西省,赣州市,于都县梓山镇潭头村,蔬,蔬菜,蔬菜,
2562,江西省,赣州市,信丰县油山镇长安村,其,脐橙,脐橙,
2563,江西省,抚州市,东乡区王桥镇璋峰村,花,花,王桥花果芋,
2564,江西省,九江市,武宁县澧溪镇北湾村,果,梨,韩花梨,
2565,江西省,九江市,彭泽县太平关乡白沙村,其,瓜蒌籽,瓜蒌籽,
2566,江西省,宜春市,袁州区洪塘镇布上村,果,蓝莓,蓝莓,
2567,江西省,宜春市,上高县塔下乡茶十村,蔬,蒜,紫皮大蒜,
2568,江西省,上饶市,德兴市张村乡张村村,其,德兴覆盆子,德兴覆盆子,
2569,江西省,景德镇市,浮梁县王港乡高沙村,果,杨梅,杨梅,
2570,江西省,萍乡市,莲花县高洲乡高滩村,粮,大米,大米,
2571,江西省,鹰潭市,余江区潢溪镇金墩村,经,甘蔗,甘蔗,
2572,江西省,南昌市,南昌县幽兰镇,蔬,蔬菜,蔬菜,
2573,江西省,赣州市,崇义县龙勾乡,其,脐橙,脐橙,
2574,江西省,抚州市,南城县徐家镇,花,花,白花蛇舌草,
2575,江西省,吉安市,吉水县白水镇,其,井冈蜜柚,井冈蜜柚,
2576,江西省,吉安市,安福县横龙镇,其,井冈蜜柚,井冈蜜柚,
2577,江西省,上饶市,上饶县五府山镇,畜,蜂,蜂蜜,
2578,江西省,新余市,分宜县双林镇,加,夏布,夏布,
2579,山东省,德州市,乐陵市朱集镇,果,枣,红枣,
2580,山东省,聊城市,莘县董杜庄镇,果,西瓜,西瓜,
2581,山东省,菏泽市,定陶区黄店镇朱庄村,花,玫瑰,玫瑰,
2582,山东省,潍坊市,高密市胶河生态发展区张家庄村,蔬,土豆,土豆,
2583,山东省,威海市,文登区界石镇,果,桃,樱桃,
2584,山东省,滨州市,惠民县麻店镇,果,西瓜,西瓜,
2585,山东省,临沂市,沂南县蒲汪镇大王庄村,经,花生,长虹岭花生,
2586,山东省,济南市,历城区唐王镇,果,草莓,草莓,
2587,山东省,济宁市,嘉祥县梁宝寺镇,粮,小麦,大豆种、小麦种,
2588,山东省,枣庄市,市中区齐村镇前良村,果,桃,樱桃,
2589,山东省,淄博市,沂源县燕崖镇,果,桃,大樱桃,
2590,山东省,青岛市,即墨区田横岛旅游度假区周戈庄村,渔,海参,海参,
2591,山东省,菏泽市,巨野县麒麟镇南曹村,畜,鸭,种鸭,
2592,山东省,临沂市,临港经济开发区坪上镇,果,桃,大樱桃,
2593,山东省,聊城市,阳谷县七级镇,蔬,菠菜,菠菜,
2594,山东省,泰安市,宁阳县乡饮乡南赵庄村,粮,粉皮,粉皮、粉条,
2595,山东省,菏泽市,郓城县南赵楼镇甄庄,蔬,平菇,平菇,
2596,山东省,临沂市,沂水县泉庄镇,果,桃,桃,
2597,山东省,德州市,平原县坊子乡叶庄,蔬,西葫芦,西葫芦,
2598,山东省,济宁市,曲阜市吴村镇,果,葡萄,葡萄,
2599,山东省,青岛市,莱西市河头店镇松旺庄村,蔬,黄瓜,西红柿、黄瓜,
2600,山东省,济宁市,金乡县化雨镇,蔬,金针菇,金针菇,
2601,山东省,烟台市,福山区门楼镇两甲庄村,果,桃,大樱桃,
2602,山东省,滨州市,沾化区利国乡,畜,羊,洼地绵羊,
2603,河南省,安阳市,林州市东姚镇北坡村,粮,小米,小米,
2604,河南省,洛阳市,新安县马头村,果,桃,樱桃,
2605,河南省,鹤壁市,淇滨区上峪乡桑园村,旅,乡村旅游,乡村旅游,
2606,河南省,安阳市,滑县八里营镇西苑村,果,甜瓜,甜瓜,
2607,河南省,南阳市,西峡县丁河镇,蔬,香菇,香菇,
2608,河南省,驻马店市,遂平县和兴镇大牛村,蔬,白菜,菜心、芥蓝、小白菜,
2609,河南省,平顶山市,汝州市焦村镇水沟村,果,石榴,石榴,
2610,河南省,周口市,鹿邑县任集乡冷庄行政村,蔬,西芹,西芹,
2611,河南省,驻马店市,新蔡县砖店镇大宋庄村,蔬,蔬菜,有机蔬菜,
2612,河南省,周口市,扶沟县曹里乡,蔬,蔬菜,蔬菜,
2613,河南省,商丘市,柘城县慈圣镇陈阳村,蔬,辣椒,辣椒,
2614,河南省,焦作市,焦作城乡一体化示范区文昌办事处辛庄村,果,葡萄,红宝石葡萄,
2615,河南省,信阳市,固始县胡族铺镇迎河村,果,柑橘,迎河柑橘,
2616,河南省,平顶山市,叶县任店镇月庄村,蔬,韭菜,韭菜,
2617,河南省,平顶山市,郏县白庙乡白庙村,蔬,甘薯,甘薯,
2618,河南省,南阳市,内乡县余关镇,果,桃,核桃,
2619,河南省,郑州市,中牟县官渡镇孙庄村,蔬,蔬菜,蔬菜,
2620,河南省,漯河市,临颍县皇帝庙乡吴集村,蔬,蒜,大蒜,
2621,河南省,焦作市,武陟县北郭乡蔡庄村,其,怀药种苗繁育,怀药种苗繁育,
2622,河南省,许昌市,建安区灵井镇霍庄村,加,社火道具,社火道具,
2623,湖北省,武汉市,新洲区旧街街石咀村,茶,白茶,白茶,
2624,湖北省,襄阳市,南漳县板桥镇董家台村,经,麻,天麻,
2625,湖北省,荆州市,松滋市王家桥镇,其,蜜柚,蜜柚,
2626,湖北省,宜昌市,秭归县永田坝乡王家桥村,果,柑橘,柑橘,
2627,湖北省,十堰市,丹江口市习家店镇,果,柑橘,柑橘,
2628,湖北省,十堰市,竹山县竹坪乡,茶,绿茶,绿茶,
2629,湖北省,孝感市,云梦县隔蒲潭镇大余村,蔬,马铃薯,马铃薯,
2630,湖北省,黄冈市,麻城市福田河镇,经,麻,麻城福白菊,
2631,湖北省,黄冈市,黄梅县独山镇,其,水果,水果,
2632,湖北省,咸宁市,嘉鱼县高铁岭镇,其,斑点叉尾鮰,斑点叉尾鮰,
2633,湖北省,随州市,随县环潭乡柏树湾村,药,金银花,金银花茶,
2634,湖北省,恩施土家族苗族自治州,鹤峰县燕子镇新行村,蔬,蔬菜,蔬菜,
2635,湖北省,恩施土家族苗族自治州,来凤县翔凤镇老茶村,茶,油茶,油茶,
2636,湖北省,恩施土家族苗族自治州,咸丰县小村乡,茶,绿茶,白茶、绿茶、红茶,
2637,湖北省,潜江市,老新镇秀河村,渔,虾,虾稻共作,
2638,湖北省,天门市,九真镇明庙村,加,炒米,炒米,
2639,湖北省,荆门市,钟祥市柴湖镇罗城村,花,花,盆花,
2640,湖北省,黄石市,大冶市陈贵镇华垅村,花,花,花卉苗木,
2641,湖南省,长沙市,浏阳市沿溪镇沙龙村,蔬,南瓜,南瓜、莴笋,
2642,湖南省,衡阳市,衡南县栗江镇六合村,药,花椒,花椒,
2643,湖南省,株洲市,醴陵市明月镇云岩社区,其,醴陵玻璃椒,醴陵玻璃椒,
2644,湖南省,湘潭市,韶山市韶山乡韶山村,旅,休闲农业,休闲农业,
2645,湖南省,邵阳市,洞口县古楼乡,茶,绿茶,绿茶、红茶,
2646,湖南省,岳阳市,湘阴县杨林寨乡,蔬,蔬菜,蔬菜,
2647,湖南省,常德市,汉寿县龙阳街道王海坪社区,渔,鱼,汉寿甲鱼,
2648,湖南省,张家界市,永定区罗塔坪乡长寿村,其,莓茶,莓茶,
2649,湖南省,益阳市,赫山区泥江口镇横堤村,其,茶油,茶油,
2650,湖南省,郴州市,嘉禾县晋屏镇宅侯村,其,宅侯贡米,宅侯贡米,
2651,湖南省,永州市,冷水滩区伊塘镇孟公山村,果,西瓜,西瓜,
2652,湖南省,怀化市,洪江市岩垅乡,其,柑桔,柑桔,
2653,湖南省,娄底市,双峰县永丰镇,其,永丰辣酱,永丰辣酱,
2654,湖南省,湘西土家族苗族自治州,永顺县松柏镇,果,桃,猕猴桃,
2655,湖南省,湘西土家族苗族自治州,保靖县比耳镇,果,柑橘,柑橘,
2656,湖南省,湘西土家族苗族自治州,保靖县洞山镇黄金村,茶,绿茶,绿茶,
2657,广东省,梅州市,梅县区桃尧镇,其,梅县金柚,梅县金柚,
2658,广东省,惠州市,愽罗县柏塘镇,茶,绿茶,绿茶,
2659,广东省,韶关市,乐昌市九峰镇,果,李,黄金宗李,
2660,广东省,肇庆市,德庆县马圩镇,其,贡柑,贡柑,
2661,广东省,江门市,恩平市沙湖镇,粮,大米,沙湖大米,
2662,广东省,云浮市,罗定市榃滨镇,其,肉桂,肉桂,
2663,广东省,阳江市,阳东区大沟镇,渔,虾,对虾,
2664,广东省,河源市,连平县上坪镇,果,桃,鹰嘴蜜桃,
2665,广东省,湛江市,廉江市良垌镇,果,荔枝,荔枝,
2666,广东省,汕头市,潮南区雷岭镇,果,荔枝,荔枝,
2667,广东省,梅州市,五华县棉洋镇,茶,红茶,红茶,
2668,广东省,云浮市,郁南县建城镇,果,黄皮,无核黄皮,
2669,广东省,韶关市,始兴县澄江镇暖田村,蔬,蔬菜,有机蔬菜,
2670,广东省,梅州市,兴宁市龙田镇碧园村,畜,鸽,鸽,
2671,广东省,云浮市,罗定市龙湾镇棠棣村,药,南药,南药,
2672,广东省,广州市,从化区温泉镇南平村,其,双核槐枝,双核槐枝,
2673,广东省,肇庆市,怀集县汶朗镇汶朗村,其,汶浪蜜柚,汶浪蜜柚,
2674,广东省,汕尾市,陆丰市甲西镇博社村,果,西瓜,麒麟西瓜,
2675,广东省,湛江市,雷州市乌石镇那毛村,其,番薯,番薯,
2676,广东省,河源市,紫金县南岭镇庄田村,茶,绿茶,绿茶,
2677,广东省,清远市,清新区太和镇坑口村,茶,绿茶,红茶、绿茶、白茶,
2678,广东省,汕头市,南澳县深澳镇后花园村,茶,乌龙茶,乌龙茶,
2679,广东省,江门市,台山市海宴镇五丰村,蔬,菜心,菜心,
2680,广东省,梅州市,蕉岭县南磜镇金山村,药,白及,白及,
2681,广西壮族自治区,桂林市,兴安县溶江镇,果,葡萄,葡萄,
2682,广西壮族自治区,桂林市,全州县安和镇,蔬,香芋,香芋,
2683,广西壮族自治区,桂林市,阳朔县白沙镇,其,金桔,金桔,
2684,广西壮族自治区,贵港市,桂平市麻垌镇,果,荔枝,麻垌荔枝,
2685,广西壮族自治区,贵港市,桂平市社坡镇,加,腐竹,腐竹,
2686,广西壮族自治区,百色市,右江区龙川镇,茶,油茶,油茶,
2687,广西壮族自治区,柳州市,柳江区成团镇鲁比村,果,葡萄,葡萄,
2688,广西壮族自治区,柳州市,鹿寨县鹿寨镇石路村,畜,鹿,鹿寨蜜橙,
2689,广西壮族自治区,柳州市,柳北区沙塘镇洛沙村,其,食用菌,食用菌,
2690,广西壮族自治区,贵港市,桂平市金田镇金田村,蔬,淮山,淮山,
2691,广西壮族自治区,钦州市,浦北县白石水镇良田村,果,石榴,番石榴,
2692,广西壮族自治区,钦州市,灵山县武利镇汉塘村,苗,果苗,电商果苗,
2693,广西壮族自治区,梧州市,蒙山县蒙山镇甘棠村,其,砂糖桔,砂糖桔,
2694,广西壮族自治区,河池市,天峨县岜暮乡公昌村,其,旱藕,旱藕,
2695,广西壮族自治区,河池市,南丹县城关镇四山村,果,桃,猕猴桃,
2696,广西壮族自治区,百色市,右江区龙川镇平禄村,茶,油茶,油茶,
2697,广西壮族自治区,百色市,田东县祥周镇模范村,果,香蕉,香蕉,
2698,海南省,昌江黎族自治县,十月田镇保平村,其,毛豆,毛豆,
2699,海南省,海口市,龙华区新坡镇仁里村,其,石斛,石斛,
2700,海南省,琼海市,大路镇岭脚村,果,莲雾,莲雾,
2701,海南省,文昌市,东路镇永丰村委会,果,荔枝,荔枝,
2702,海南省,儋州市,大成镇推寨村委会南吉村,果,黄皮,黄皮,
2703,海南省,琼海市,塔洋镇,果,柠檬,柠檬,
2704,重庆市,万州区,龙驹镇龙溪村,茶,绿茶,绿茶,
2705,重庆市,涪陵区,大顺乡天宝寺村,药,中药材,中药材,
2706,重庆市,沙坪坝区,回龙坝镇回龙坝村,果,杏,金沙杏,
2707,重庆市,南岸区,南山街道双龙村,花,盆景,盆景,
2708,重庆市,长寿区,云台镇八字村,粮,水稻,水稻,
2709,重庆市,江津区,石门镇,果,柑橘,柑橘,
2710,重庆市,南川区,兴隆镇金花村,果,蓝莓,蓝莓,
2711,重庆市,潼南区,柏梓镇,果,柠檬,柠檬,
2712,重庆市,璧山区,七塘镇四合村,蔬,蔬菜,蔬菜,
2713,重庆市,城口县,沿河乡联坪村,花,花,花菇,
2714,重庆市,丰都县,龙孔镇楠竹村,其,柑桔,柑桔,
2715,重庆市,武隆区,白马镇豹岩村,畜,蜂,蜂蜜,
2716,重庆市,重庆市,忠县新立镇双柏村,果,柑橘,柑橘,
2717,重庆市,开州区,关面乡泉秀村,药,中药材,中药材,
2718,重庆市,云阳区,双龙镇竹坪村,其,纽荷尔脐橙、红肉脐橙,纽荷尔脐橙、红肉脐橙,
2719,重庆市,奉节县,永乐镇大坝村,其,脐橙,脐橙,
2720,重庆市,巫山县,曲尺乡,果,李,巫山脆李,
2721,重庆市,巫溪县,峰灵镇谭家村,果,桃,冬桃,
2722,重庆市,石柱土家族自治县,中益乡华溪村,畜,蜂,蜂,
2723,重庆市,彭水苗族土家族自治县,郁山镇钟鼓村,蔬,红薯,红薯,
2724,四川省,成都市,都江堰市胥家镇,果,桃,猕猴桃、蔬菜,
2725,四川省,成都市,龙泉驿区柏合镇长松村,果,桃,水蜜桃,
2726,四川省,自贡市,富顺县互助镇,果,柑橘,柑橘,
2727,四川省,泸州市,古蔺县马蹄镇,其,甜橙,甜橙,
2728,四川省,德阳市,旌阳区和新镇,蔬,辣椒,辣椒,
2729,四川省,绵阳市,江油市二郎庙镇青林村,果,桃,白花桃,
2730,四川省,广元市,朝天区李家乡,蔬,蔬菜,蔬菜,
2731,四川省,内江市,资中县甘露镇玉皇村,果,枇杷,枇杷,
2732,四川省,内江市,威远县越溪镇插旗村,茶,绿茶,绿茶,
2733,四川省,乐山市,马边彝族自治县劳动乡福来村,茶,绿茶,绿茶,
2734,四川省,南充市,仪陇县马鞍镇险岩村,蔬,香菇,香菇,
2735,四川省,南充市,蓬安县三坝乡,其,锦橙,锦橙,
2736,四川省,南充市,营山县双林乡麻柳村,药,花椒,花椒,
2737,四川省,宜宾市,筠连县巡司镇银星村,茶,绿茶,红茶、绿茶,
2738,四川省,广安市,邻水县两河镇大桥村,其,脐橙,脐橙,
2739,四川省,广安市,岳池县顾县镇,药,中药材,中药材,
2740,四川省,达州市,大竹县月华镇九银村,其,糯稻,糯稻,
2741,四川省,巴中市,平昌县鹿鸣镇燕山村,茶,绿茶,绿茶,
2742,四川省,雅安市,石棉县回隆彝族乡石龙村,果,枇杷,枇杷,
2743,四川省,眉山市,青神县高台乡百家池村,其,柑桔,柑桔,
2744,四川省,资阳市,安岳县龙台镇花果村,果,柠檬,柠檬,
2745,四川省,甘孜藏族自治州康定市,姑咱镇达杠村,果,苹果,苹果,
2746,四川省,凉山彝族自治州,德昌县锦川镇,经,桑,桑葚,
2747,贵州省,黔东南苗族侗族自治州,剑河县柳川镇清江村,畜,猪,剑河白香猪,
2748,贵州省,黔西南布依族苗族自治州,册亨县岩架镇,粮,糯米,糯米蕉,
2749,贵州省,遵义市,余庆县龙家镇先锋村,其,稻渔,稻渔,
2750,贵州省,遵义市,绥阳县小关乡,药,山银花,山银花,
2751,贵州省,黔南布依族苗族自治州,三都县普安镇,果,葡萄,水晶葡萄,
2752,贵州省,贵阳市,息烽县石硐镇大洪村,果,桃,猕猴桃,
2753,贵州省,黔东南苗族侗族自治州,黎平县尚重镇上洋村,其,有机稻米,有机稻米,
2754,贵州省,毕节市,金沙县岚头镇三桥社区,茶,绿茶,绿茶,
2755,贵州省,黔东南苗族侗族自治州,丹寨县兴仁镇烧茶村,果,蓝莓,蓝莓,
2756,贵州省,铜仁市,碧江区滑石乡老麻塘村,其,稻米,稻米,
2757,贵州省,铜仁市,印江县板溪镇凯塘村,其,食用菌,食用菌,
2758,贵州省,六盘水市,盘州市民主镇大厂荫村,茶,绿茶,绿茶,
2759,贵州省,毕节市,威宁县猴场镇格寨村,果,苹果,苹果,
2760,贵州省,安顺市,平坝区天龙镇高田村,蔬,蔬菜,蔬菜,
2761,云南省,昆明市,呈贡区吴家营街道缪家营社区,果,梨,宝珠梨,
2762,云南省,昆明市,石林彝族自治县西街口镇新木凹村,果,人参果,人参果,
2763,云南省,玉溪市,新平县嘎洒镇新寨村,果,柑橘,柑橘,
2764,云南省,德宏傣族景颇族自治州,梁河县大厂乡大厂村,茶,绿茶,绿茶,
2765,云南省,大理白族自治州,祥云县刘厂镇松梅村,经,桑,蚕桑,
2766,云南省,保山市,昌宁县柯街镇芒赖社区,蔬,蔬菜,蔬菜,
2767,云南省,保山市,隆阳区潞江镇江东村,果,火龙果,火龙果,
2768,云南省,丽江市,永胜县片角镇卜甲村,果,石榴,软籽石榴,
2769,云南省,丽江市,玉龙县鲁甸乡鲁甸村,药,中药材,中药材,
2770,云南省,曲靖市,会泽县待补镇,果,草莓,夏季草莓,
2771,云南省,楚雄彝族自治州,元谋县黄瓜园镇,果,枣,青枣,
2772,云南省,楚雄彝族自治州,大姚县三台乡,果,桃,核桃,
2773,云南省,玉溪市,通海县秀山街道办事处,蔬,蔬菜,蔬菜,
2774,云南省,红河哈尼族彝族自治州,绿春县骑马坝乡,其,胡椒,胡椒,
2775,云南省,丽江市,玉龙县拉市镇,果,桃,丽江雪桃,
2776,云南省,丽江市,华坪县中心镇,果,芒果,芒果,
2777,云南省,怒江傈僳族自治州泸水市,老窝镇,加,火腿,老窝火腿,
2778,云南省,文山壮族苗族自治州,西畴县新马乡响水村,粮,水稻,水稻,
2779,云南省,迪庆藏族自治州,维西傈僳族自治县塔城镇启别村,果,葡萄,冰葡萄,
2780,西藏自治区,那曲市,聂荣县帕玉村,加,奶制品,奶制品,
2781,西藏自治区,那曲市,班戈县佳琼镇热卡努玛村,加,畜产品加工,畜产品加工销售,
2782,西藏自治区,山南市,浪卡子县伦布雪乡苏格村,畜,羊,苏格绵羊,
2783,西藏自治区,日喀则市,定结县琼孜乡牧村,畜,羊,羊毛加工,
2784,西藏自治区,日喀则市,江孜县年堆乡萨培村,加,卡垫,卡垫,
2785,西藏自治区,昌都市,洛隆县孜托镇格亚村,粮,青稞,青稞,
2786,陕西省,延安市,洛川县槐柏镇,果,苹果,苹果,
2787,陕西省,安康市,紫阳县焕古镇,茶,绿茶,绿茶,
2788,陕西省,西安市,蓝田县华胥镇,果,桃,樱桃,
2789,陕西省,渭南市,白水县雷牙镇,果,苹果,苹果,
2790,陕西省,榆林市,府谷县木瓜镇,其,府谷黄米,府谷黄米,
2791,陕西省,铜川市,印台区红土镇,果,苹果,苹果,
2792,陕西省,汉中市,西乡县峡口镇,茶,绿茶,绿茶,
2793,陕西省,咸阳市,武功县武功镇,粮,小麦,小麦玉米良种繁育,
2794,陕西省,商洛市,商南县富水镇,茶,绿茶,绿茶,
2795,陕西省,宝鸡市,麟游县酒房镇,蔬,蔬菜,蔬菜,
2796,陕西省,榆林市,神木市栏杆堡镇,粮,黑豆,黑豆,
2797,陕西省,韩城市,芝阳镇迪庄村,药,花椒,花椒,
2798,陕西省,商洛市,山阳县南宽坪镇甘沟村,茶,绿茶,绿茶,
2799,陕西省,榆林市,绥德县义合镇墕头村,果,苹果,苹果,
2800,陕西省,安康市,石泉县石泉饶峰胜利村,药,黄花菜,黄花菜,
2801,陕西省,延安市,延川县贾家坪镇石窑村,蔬,蔬菜,设施蔬菜,
2802,陕西省,渭南市,澄城县交道镇樊家川村,果,梨,酥梨,
2803,陕西省,西安市,周至县哑柏镇昌西村,果,桃,猕猴桃,
2804,陕西省,宝鸡市,岐山县青化镇孙家村,果,苹果,苹果,
2805,陕西省,咸阳市,三原县马额发展服务中心新邵村,果,苹果,苹果,
2806,陕西省,榆林市,米脂县桃镇申家沟村,粮,谷子,谷子,
2807,陕西省,汉中市,留坝县江口镇柘梨园村,其,食用菌,食用菌,
2808,陕西省,铜川市,耀州区孙塬镇文昌村,药,花椒,花椒,
2809,甘肃省,白银市,靖远县五合镇白茨林村,药,枸杞,枸杞,
2810,甘肃省,酒泉市,玉门市清泉乡跃进村,果,人参果,人参果,
2811,甘肃省,兰州市,永登县苦水镇,花,玫瑰,苦水玫瑰,
2812,甘肃省,陇南市,礼县永兴镇捷地村,果,苹果,苹果,
2813,甘肃省,白银市,会宁县杨崖集镇杨崖集村,药,中药材,中药材,
2814,甘肃省,武威市,天祝藏族自治县华藏寺镇岔口驿村,蔬,蔬菜,蔬菜,
2815,甘肃省,天水市,秦安县安伏镇,果,苹果,苹果,
2816,甘肃省,张掖市,肃南裕固族自治县大河乡,畜,牛,牛、羊,
2817,甘肃省,武威市,民勤县收成镇,其,蜜瓜,蜜瓜,
2818,甘肃省,平凉市,庄浪县万泉镇,果,苹果,苹果,
2819,青海省,西宁市,湟中县鲁沙尔镇上重台村,蔬,娃娃菜,娃娃菜,
2820,青海省,西宁市,湟中县田家寨镇拉尕村,经,甜菜,红根甜菜,
2821,青海省,海东市,乐都区洪水镇李家壕村,果,桃,乐都大樱桃,
2822,青海省,海东市,民和回族土族自治县西沟乡南垣村,经,油用牡丹,油用牡丹,
2823,青海省,海西蒙古族藏族自治州德令哈市,怀头他拉镇绿源村,药,枸杞,红枸杞,
2824,青海省,黄南藏族自治州,泽库县宁秀乡拉格日村,畜,羊,藏羊,
2825,青海省,黄南藏族自治州,河南蒙古族自治县多松乡夏日达哇村,畜,牛,牦牛,
2826,青海省,海南藏族自治州,贵德县尕让乡黄河滩村,蔬,辣椒,露天辣椒,
2827,宁夏回族自治区,中卫市,沙坡头区永康镇彩达村,果,苹果,苹果,
2828,宁夏回族自治区,固原市,西吉县田坪乡大岔村,蔬,马铃薯,马铃薯,
2829,宁夏回族自治区,吴忠市,盐池县高沙窝镇施记圈村,畜,羊,滩羊,
2830,宁夏回族自治区,中卫市,中宁县徐套乡田家滩村,其,硒砂瓜,硒砂瓜,
2831,宁夏回族自治区,银川市,灵武市郝家桥镇西渠村,加,草制品,特色草制品加工,
2832,宁夏回族自治区,银川市,灵武市梧桐树乡沙坝头村,果,西瓜,露地西瓜,
2833,宁夏回族自治区,固原市,彭阳县孟塬乡小石沟村,畜,蜂,中华蜂,
2834,宁夏回族自治区,固原市,原州区寨科乡蔡川村,畜,牛,肉牛养殖,
2835,宁夏回族自治区,吴忠市,利通区金积镇大庙桥村,蔬,辣椒,设施辣椒,
2836,新疆维吾尔自治区,阿克苏地区阿克苏市,依干其乡尤喀克巴里当村,其,林果,林果,
2837,新疆维吾尔自治区,喀什地区,麦盖提县库木库萨尔乡吐孜鲁克喀什村,经,棉花,棉花,
2838,新疆维吾尔自治区,和田地区,洛浦县拜什托格拉克乡伊斯勒克墩村,果,枣,红枣,
2839,新疆维吾尔自治区,和田地区,洛浦县拜什托格拉克乡,果,枣,红枣,
2840,新疆维吾尔自治区,哈密市,巴里坤哈萨克自治县三塘湖镇中湖村,其,哈密瓜,哈密瓜,
2841,新疆维吾尔自治区,喀什地区,疏勒县库木西力克乡库木西力克村,粮,小麦,制种小麦、复播谷子,
2842,新疆维吾尔自治区,昌吉回族自治州,呼图壁县二十里店镇林场村,花,花,苗木、花卉,
2843,新疆维吾尔自治区,吐鲁番市,托克逊县郭勒布依乡硝尔村,蔬,蔬菜,蔬菜,
2844,新疆维吾尔自治区,伊犁哈萨克自治州,霍城县芦草沟镇四宫村,花,薰衣草,薰衣草,
2845,新疆维吾尔自治区,阿克苏地区,柯坪县阿恰勒镇,其,恰玛古,恰玛古,
2846,新疆维吾尔自治区,阿克苏地区,库车县塔里木乡英达雅村,畜,羊,塔里木草湖小山羊,
2847,新疆生产建设兵团,新疆生产建设兵团,第二师25团,蔬,辣椒,辣椒,
2848,新疆生产建设兵团,新疆生产建设兵团,第三师50团,果,枣,冬枣,
2849,新疆生产建设兵团,新疆生产建设兵团,第二师22团,蔬,辣椒,色素辣椒,
2850,新疆生产建设兵团,第二师25团,三连,果,葡萄,葡萄,
2851,新疆生产建设兵团,第五师84团,七连,畜,猪,生猪,
2852,北京市,房山区,大石窝镇辛庄村,果,杏,杏鲍菇,
2853,北京市,通州区,于家务回族乡果村,蔬,芹菜,芹菜,
2854,北京市,平谷区,夏各庄镇贤王庄村,蔬,红薯,红薯,
2855,北京市,密云区,巨各庄镇蔡家洼村,花,月季,月季,
2856,天津市,北辰区,青光镇韩家墅村,旅,休闲农业,休闲农业,
2857,天津市,静海区,王口镇,其,炒货,炒货,
2858,天津市,蓟州区,出头岭镇,其,食用菌,食用菌,
2859,天津市,蓟州区,上仓镇东塔庄村,畜,驴,驴肉,
2860,天津市,蓟州区,出头岭镇大安平村,果,桃,鲜桃,
2861,天津市,蓟州区,出头岭镇五清庄村,旅,休闲农业,休闲农业,
2862,河北省,石家庄市,高邑县中韩乡岗头村,果,桃,鲜桃,
2863,河北省,秦皇岛市,青龙满族自治县七道河乡石城子村,其,板栗,板栗,
2864,河北省,秦皇岛市,昌黎县龙家店镇,粮,粉条,粉条,
2865,河北省,唐山市,滦州市滦城街道杨家院村,经,花生,花生,
2866,河北省,邯郸市,邱县邱城镇,蔬,红薯,红薯,
2867,河北省,邯郸市,馆陶县房寨镇,果,梨,晚秋黄梨,
2868,河北省,邢台市,信都区浆水镇,果,苹果,苹果,
2869,河北省,邢台市,内丘县柳林镇东石河村,果,枣,酸枣仁,
2870,河北省,邢台市,南和县贾宋镇郄村,蔬,番茄,番茄,
2871,河北省,保定市,阜平县天生桥镇,其,食用菌,食用菌,
2872,河北省,保定市,定兴县贤寓镇龙华村,蔬,蔬菜,蔬菜,
2873,河北省,承德市,宽城满族自治县碾子峪镇艾峪口村,其,板栗,板栗,
2874,河北省,承德市,兴隆县蓝旗营镇,其,板栗,板栗,
2875,河北省,沧州市,南皮县大浪淀乡贾九卜村,畜,猪,生猪,
2876,河北省,廊坊市,安次区杨税务乡孟村,果,甜瓜,甜瓜,
2877,河北省,廊坊市,安次区东沽港镇牛角村,果,葡萄,葡萄,
2878,河北省,廊坊市,永清县别古庄镇后刘武营村,其,核雕,核雕,
2879,河北省,衡水市,武强县东孙庄乡,畜,牛,奶牛,
2880,河北省,衡水市,景县连镇乡,畜,鸡,鸡蛋,
2881,河北省,衡水市,深州穆村乡,果,桃,蜜桃,
2882,山西省,阳泉市,盂县北下庄乡后川村,果,梨,香梨,
2883,山西省,长治市,壶关县店上镇,蔬,西红柿,西红柿,
2884,山西省,晋城市,陵川县六泉乡,药,中药材,中药材,
2885,山西省,晋中市,寿阳县上湖乡常村,果,梨,香梨,
2886,山西省,运城市,芮城县阳城镇,果,枣,大枣,
2887,山西省,忻州市,原平市子干乡东南贾村,果,梨,酥梨,
2888,山西省,临汾市,曲沃县史村镇,蔬,蔬菜,蔬菜,
2889,山西省,吕梁市,中阳县车鸣峪乡,蔬,木耳,黑木耳,
2890,内蒙古自治区,呼和浩特市,清水河县宏河镇高茂泉村,其,杂粮,杂粮,
2891,内蒙古自治区,乌海市,海南区赛汗乌素村,果,葡萄,葡萄,
2892,内蒙古自治区,赤峰市,克什克腾旗宇宙地镇,药,中药材,中药材,
2893,内蒙古自治区,赤峰市,宁城县大城子镇瓦南村,蔬,番茄,番茄,
2894,内蒙古自治区,鄂尔多斯市,乌审旗嘎鲁图镇,畜,羊,细毛羊,
2895,内蒙古自治区,鄂尔多斯市,伊金霍洛旗红庆河镇哈达图淖尔村,畜,猪,生猪,
2896,内蒙古自治区,呼伦贝尔市,牙克石市免渡河镇,蔬,马铃薯,马铃薯,
2897,内蒙古自治区,巴彦淖尔市,乌拉特前旗大佘太镇三份子村,蔬,辣椒,辣椒,
2898,内蒙古自治区,巴彦淖尔市,乌拉特中旗乌加河镇联丰奋斗村,粮,小麦,有机小麦,
2899,内蒙古自治区,兴安盟,科尔沁右翼中旗巴彦呼舒镇哈日道卜嘎查村,粮,大米,大米,
2900,辽宁省,沈阳市,苏家屯区八一镇红菱街道来胜堡村,其,棚菜,棚菜,
2901,辽宁省,大连市,金普新区七顶山街道老虎山村,果,桃,樱桃,
2902,辽宁省,丹东市,振安区同兴镇变电村,花,花,杜鹃花,
2903,辽宁省,营口市,鲅鱼圈区红旗镇,果,葡萄,葡萄,
2904,辽宁省,营口市,盖州市太阳升街道黄大寨村,果,西瓜,西瓜,
2905,辽宁省,营口市,盖州市徐屯镇龙湾村,蔬,姜,生姜,
2906,辽宁省,盘锦市,盘山县甜水镇,粮,大米,大米,
2907,辽宁省,朝阳市,朝阳县胜利镇大嘎海图村,粮,小米,小米,
2908,辽宁省,朝阳市,凌源市四官营子镇大房身村,蔬,黄瓜,黄瓜,
2909,辽宁省,葫芦岛市,兴城市曹庄镇,渔,鱼,多宝鱼,
2910,辽宁省,葫芦岛市,兴城市三道沟满族乡三道沟里村,果,苹果,苹果,
2911,吉林省,长春市,双阳区奢岭镇,果,草莓,草莓,
2912,吉林省,吉林市,丰满区江南乡孟家村,旅,休闲农业,休闲农业,
2913,吉林省,吉林市,磐石市取柴河镇,其,食用菌,食用菌,
2914,吉林省,四平市,伊通满族自治县伊通镇前范村,粮,水稻,水稻,
2915,吉林省,通化市,梅河口市海龙镇春明村,蔬,蔬菜,蔬菜,
2916,吉林省,白山市,浑江区三道沟镇,药,五味子,北五味子,
2917,吉林省,白山市,靖宇县三道湖镇,果,蓝莓,蓝莓,
2918,吉林省,白城市,大安市舍力镇民富村,粮,水稻,水稻,
2919,黑龙江省,哈尔滨市,宾县宾州镇二龙山村,旅,休闲农业,休闲农业,
2920,黑龙江省,哈尔滨市,巴彦县兴隆镇中兴村,粮,玉米,玉米,
2921,黑龙江省,哈尔滨市,五常市杜家镇七一村,粮,水稻,水稻,
2922,黑龙江省,齐齐哈尔市,依安县红星乡东升村,其,中草药,中草药,
2923,黑龙江省,齐齐哈尔市,泰来县大兴镇时雨村,其,中草药,中草药,
2924,黑龙江省,齐齐哈尔市,富裕县龙安桥镇小河东村,其,芦苇编织,芦苇编织,
2925,黑龙江省,双鸭山市,集贤县升昌镇永胜村,粮,玉米,鲜食玉米,
2926,黑龙江省,双鸭山市,宝清县宝清镇亨利村,蔬,蔬菜,蔬菜,
2927,黑龙江省,大庆市,肇州县新福乡,果,甜瓜,甜瓜,
2928,黑龙江省,七台河市,新兴区红旗镇红胜村,蔬,蔬菜,蔬菜,
2929,黑龙江省,牡丹江市,西安区海南朝鲜族乡中兴村,其,优质米,优质米,
2930,黑龙江省,牡丹江市,穆棱市下城子镇,蔬,蔬菜,蔬菜,
2931,黑龙江省,绥化市,北林区东富镇太阳升村,蔬,马铃薯,马铃薯,
2932,黑龙江省,绥化市,庆安县平安镇,粮,水稻,水稻,
2933,上海市,宝山区,罗泾镇海星村,其,水产,水产,
2934,上海市,浦东新区,宣桥镇,蔬,蔬菜,蔬菜,
2935,上海市,金山区,廊下镇勇敢村,其,食用菌,食用菌,
2936,上海市,奉贤区,青村镇陶宅村,花,花,花卉,
2937,上海市,崇明区,港沿镇园艺村,花,花,花卉苗木,
2938,江苏省,南京市,浦口区星甸街道九华村,茶,茶叶,茶叶,
2939,江苏省,无锡市,惠山区阳山镇桃源村,旅,休闲农业,休闲农业,
2940,江苏省,无锡市,宜兴市西渚镇白塔村,其,南天竹,南天竹,
2941,江苏省,徐州市,铜山区棠张镇,经,桑,蚕桑,
2942,江苏省,徐州市,睢宁县邱集镇仝海村,粮,水稻,水稻,
2943,江苏省,徐州市,新沂市阿湖镇桃岭村,果,葡萄,葡萄,
2944,江苏省,常州市,金坛区薛埠镇,茶,茶叶,茶叶,
2945,江苏省,苏州市,张家港市杨舍镇善港村,果,葡萄,葡萄,
2946,江苏省,南通市,海安市隆政街道新丰村,经,桑,蚕桑,
2947,江苏省,连云港市,连云区高公岛街道黄窝村,渔,紫菜,紫菜,
2948,江苏省,淮安市,涟水县红窑镇,蔬,芦笋,芦笋,
2949,江苏省,盐城市,盐都区大纵湖镇三官村,渔,蟹,大闸蟹,
2950,江苏省,盐城市,滨海县滨海港经济区三港村,其,白首乌,白首乌,
2951,江苏省,盐城市,东台市弶港镇,其,甜叶菊,甜叶菊,
2952,江苏省,扬州市,江都区吴桥镇,粮,水稻,水稻,
2953,江苏省,扬州市,高邮市龙虬镇,渔,虾,罗氏沼虾,
2954,江苏省,镇江市,句容市白兔镇唐庄村,果,葡萄,葡萄,
2955,江苏省,镇江市,句容市茅山镇永兴村,花,花,花木,
2956,江苏省,泰州市,高港区胡庄镇宗林村,渔,蟹,河蟹,
2957,江苏省,泰州市,泰兴市姚王镇东林村,渔,蟹,螃蟹,
2958,江苏省,宿迁市,宿城区耿车镇红卫村,花,花,花木,
2959,江苏省,宿迁市,泗洪县半城镇,渔,蟹,大闸蟹,
2960,浙江省,建德市,三都镇松口村,其,柑桔,柑桔,
2961,浙江省,温州市,泰顺县仕阳镇,茶,茶叶,茶叶,
2962,浙江省,嘉兴市,南湖区凤桥镇,其,水果,水果,
2963,浙江省,湖州市,南浔区和孚镇新荻村,渔,鱼,青鱼,
2964,浙江省,湖州市,德清县禹越镇,渔,鱼,黑鱼,
2965,浙江省,嵊州市,金庭镇,果,桃,桃形李,
2966,浙江省,金华市,婺城区罗店镇盘前村,蔬,蔬菜,蔬菜,
2967,浙江省,金华市,武义县柳城畲族镇,其,宣莲,宣莲,
2968,浙江省,衢州市,衢江区杜泽镇坎头村,其,茭白,茭白,
2969,浙江省,衢州市,常山县青石镇水南村,其,胡柚,胡柚,
2970,浙江省,舟山市,普陀区展茅街道,渔,鱼,鱿鱼,
2971,浙江省,丽水市,缙云县舒洪镇仁岸村,果,杨梅,杨梅,
2972,安徽省,芜湖市,湾沚区六郎镇北陶村,旅,休闲农业,休闲农业,
2973,安徽省,蚌埠市,五河县沱湖乡大岗村,渔,虾,稻虾连作,
2974,安徽省,淮南市,大通区九龙岗镇方岗村,其,食用菌,食用菌,
2975,安徽省,马鞍山市,当涂县塘南镇,渔,蟹,河蟹,
2976,安徽省,淮北市,杜集区段园镇,果,葡萄,葡萄,
2977,安徽省,铜陵市,枞阳县雨坛镇新塘村,茶,白茶,白茶,
2978,安徽省,安庆市,怀宁县黄墩镇,果,蓝莓,蓝莓,
2979,安徽省,黄山市,祁门县柏溪乡,茶,茶叶,茶叶,
2980,安徽省,滁州市,明光市管店镇小魏村,其,甜叶菊,甜叶菊,
2981,安徽省,阜阳市,颍上县耿棚镇耿棚社区,经,桑,蚕桑,
2982,安徽省,六安市,裕安区固州镇,畜,鹅,白鹅,
2983,安徽省,亳州市,谯城区张店乡黄楼村,其,果树,果树,
2984,安徽省,池州市,东至县木塔乡梓桐村,茶,茶叶,茶叶,
2985,安徽省,宣城市,宁国市南极乡,果,桃,山核桃,
2986,福建省,泉州市,安溪县尚卿乡,其,藤铁工艺品,藤铁工艺品,
2987,福建省,泉州市,永春县岵山镇,其,水果,水果,
2988,福建省,泉州市,永春县湖洋镇,其,芦柑,芦柑,
2989,福建省,泉州市,晋江市金井镇南江村,渔,鱼,鲍鱼,
2990,福建省,南平市,邵武市拿口镇庄上村,畜,牛,肉牛,
2991,福建省,南平市,武夷山市星村镇,茶,茶叶,茶叶,
2992,福建省,宁德市,福安市赛岐镇象环村,果,葡萄,葡萄,
2993,福建省,龙岩市,新罗区小池镇培斜村,其,竹制品,竹制品,
2994,福建省,龙岩市,长汀县河田镇,畜,鸡,河田鸡,
2995,福建省,龙岩市,上杭县湖洋镇文光村,其,脐橙,脐橙,
2996,福建省,龙岩市,武平县桃溪镇,茶,绿茶,绿茶,
2997,福建省,龙岩市,连城县四堡镇,果,李,芙蓉李,
2998,福建省,龙岩市,漳平市南洋镇梧溪村,其,水仙茶,水仙茶,
2999,福建省,宁德市,蕉城区虎贝镇黄家村,其,竹制蒸笼,竹制蒸笼,
3000,江西省,南昌市,安义县新民乡,其,果业,果业,
3001,江西省,南昌市,进贤县三里乡,渔,黄鳝,黄鳝,
3002,江西省,景德镇市,浮梁县鹅湖镇界田村,茶,茶叶,茶叶,
3003,江西省,萍乡市,莲花县湖上乡南村村,药,百合,百合,
3004,江西省,九江市,湖口县流芳乡,粮,大豆,大豆,
3005,江西省,新余市,分宜县凤阳镇沔村村,蔬,蔬菜,蔬菜,
3006,江西省,鹰潭市,余江区春涛镇高坊村,其,铁皮石斛,铁皮石斛,
3007,江西省,赣州市,全南县龙源坝镇雅溪村,旅,旅游,休闲旅游,
3008,江西省,吉安市,万安县高陂镇,其,蜜柚,蜜柚,
3009,江西省,宜春市,靖安县罗湾乡哨前村,旅,旅游,休闲旅游,
3010,江西省,抚州市,南丰县市山镇包坊村,其,蜜桔,蜜桔,
3011,山东省,济南市,莱芜区大王庄镇,蔬,姜,生姜,
3012,山东省,济南市,商河县玉皇庙镇,蔬,番茄,番茄,
3013,山东省,青岛市,黄岛区宝山镇,果,蓝莓,蓝莓,
3014,山东省,淄博市,沂源县东里镇福禄坪村,果,桃,金黄金桃,
3015,山东省,枣庄市,峄城区阴平镇,果,枣,红枣,
3016,山东省,东营市,利津县盐窝镇,畜,羊,肉羊,
3017,山东省,烟台市,莱阳市照旺庄镇,果,梨,梨,
3018,山东省,烟台市,海阳市朱吴镇,果,桃,樱桃,
3019,山东省,潍坊市,寒亭区固堤街道,果,西瓜,西瓜,
3020,山东省,潍坊市,临朐县城关街道衡里炉村,果,桃,樱桃,
3021,山东省,济宁市,微山县留庄镇,其,荷叶,荷叶,
3022,山东省,济宁市,金乡县胡集镇灵显庙村,果,梨,白梨瓜,
3023,山东省,泰安市,岱岳区下港镇,其,板栗,板栗,
3024,山东省,泰安市,肥城市王庄镇,蔬,马铃薯,马铃薯,
3025,山东省,日照市,东港区后村镇,茶,绿茶,绿茶,
3026,山东省,临沂市,费县东蒙镇,果,山楂,山楂,
3027,山东省,临沂市,莒南县大店镇,果,草莓,草莓,
3028,山东省,德州市,乐陵市黄夹镇,蔬,马铃薯,马铃薯,
3029,山东省,聊城市,阳谷县高庙王镇,蔬,辣椒,辣椒,
3030,山东省,滨州市,滨城区杨柳雪镇西辛庄村,蔬,黄瓜,黄瓜,
3031,山东省,菏泽市,曹县邵庄镇,经,油菜,油菜,
3032,山东省,菏泽市,鄄城县彭楼镇,药,中药材,中药材,
3033,河南省,郑州市,二七区侯寨街道樱桃沟社区,果,桃,樱桃,
3034,河南省,郑州市,巩义市鲁庄镇小相村,药,菊花,菊花,
3035,河南省,开封市,杞县苏木乡,蔬,蒜,大蒜,
3036,河南省,开封市,通许县冯庄乡陈庄村,其,蔬,蔬,
3037,河南省,开封市,兰考县葡萄架乡杜寨村,其,蜜瓜,蜜瓜,
3038,河南省,洛阳市,汝阳县柏树乡,蔬,红薯,红薯,
3039,河南省,平顶山市,宝丰县李庄乡翟东村,加,醋,米醋,
3040,河南省,平顶山市,舞钢市庙街乡人头山村,茶,白茶,白茶,
3041,河南省,平顶山市,汝州市纸坊镇中王村,畜,鸡,鸡蛋,
3042,河南省,安阳市,内黄县城关镇李小汪村,经,花生,花生,
3043,河南省,安阳市,林州市横水镇新庄村,蔬,红薯,红薯粉条,
3044,河南省,新乡市,获嘉县史庄镇,花,花,花木,
3045,河南省,新乡市,延津县王楼镇申湾村,其,水果,水果,
3046,河南省,三门峡市,渑池县南村乡,药,花椒,花椒,
3047,河南省,南阳市,南召县乔端镇,蔬,香菇,香菇,
3048,河南省,南阳市,方城县博望镇前荒村,果,梨,黄金梨,
3049,河南省,南阳市,镇平县侯集镇,渔,鱼,观赏鱼,
3050,河南省,南阳市,桐柏县程湾镇,茶,茶叶,茶叶,
3051,河南省,商丘市,夏邑县罗庄镇孙王庄村,粮,高粱,高粱,
3052,河南省,信阳市,光山县凉亭乡毕店村,茶,茶叶,茶叶,
3053,河南省,信阳市,固始县武庙集镇长江河村,茶,茶叶,茶叶,
3054,河南省,驻马店市,确山县竹沟镇竹沟村,其,手工木制品,手工木制品,
3055,河南省,驻马店市,新蔡县孙召镇大马庄村,蔬,蔬菜,蔬菜,
3056,河南省,驻马店市,新蔡县关津乡牛湾村,粮,水稻,水稻,
3057,湖北省,武汉市,江夏区长江村,蔬,蔬菜,蔬菜,
3058,湖北省,黄石市,大冶市刘仁八镇金柯村,蔬,辣椒,辣椒,
3059,湖北省,十堰市,郧阳区杨溪铺镇,蔬,香菇,香菇,
3060,湖北省,十堰市,竹溪县汇湾镇,茶,茶叶,茶叶,
3061,湖北省,宜昌市,长阳县火烧坪乡,蔬,蔬菜,蔬菜,
3062,湖北省,宜昌市,五峰县长乐坪镇,药,中药材,中药材,
3063,湖北省,宜昌市,枝江市百里洲镇三洲村,果,梨,砂梨,
3064,湖北省,襄阳市,谷城县紫金镇花园村,茶,茶叶,茶叶,
3065,湖北省,鄂州市,鄂城区杜山镇,渔,鱼,武昌鱼,
3066,湖北省,荆门市,钟祥市洋梓镇大桥村,粮,红豆,红豆杉,
3067,湖北省,孝感市,汉川市杨林沟镇,蔬,芋头,芋头,
3068,湖北省,荆州市,松滋市街河市镇,畜,猪,生猪,
3069,湖北省,黄冈市,红安县华家河镇,茶,茶叶,茶叶,
3070,湖北省,黄冈市,黄州区堵城镇王岭村,蔬,蔬菜,蔬菜,
3071,湖北省,黄冈市,罗田县九资河镇,药,中药材,中药材,
3072,湖北省,咸宁市,崇阳县桂花泉镇桂花村,其,雷竹笋,雷竹笋,
3073,湖北省,恩施州恩施市,白杨坪镇洞下槽村,茶,茶叶,茶叶,
3074,湖北省,恩施州宣恩县,晓关乡,茶,茶叶,茶叶,
3075,湖北省,潜江市,竹根滩镇群联村,药,中药材,中药材,
3076,湖南省,株洲市,炎陵县中村瑶乡平乐村,果,桃,黄桃,
3077,湖南省,株洲市,渌口区龙船镇河包村,蔬,辣椒,黄辣椒,
3078,湖南省,湘潭市,湘潭县锦石乡碧泉村,粮,水稻,水稻,
3079,湖南省,衡阳市,衡东县霞流镇李花村,其,禽蛋,禽蛋,
3080,湖南省,衡阳市,衡山县永和乡龙凤村,其,沃柑,沃柑,
3081,湖南省,岳阳市,岳阳县杨林街镇,畜,鸽,肉鸽,
3082,湖南省,常德市,鼎城区十美堂镇同兴村,渔,鱼,甲鱼,
3083,湖南省,常德市,临澧县刻木山乡岩龙村,其,脐橙,脐橙,
3084,湖南省,张家界市,慈利县三合镇,茶,茶叶,茶叶,
3085,湖南省,益阳市,大通湖管理区千山红镇,渔,虾,稻虾,
3086,湖南省,益阳市,南县三仙湖镇,渔,虾,稻虾,
3087,湖南省,郴州市,苏仙区栖凤渡镇瓦灶村,渔,鱼,鱼粉,
3088,湖南省,永州市,零陵区南津渡街道香零山村,蔬,蔬菜,蔬菜,
3089,湖南省,永州市,双牌县上梧江瑶族乡,蔬,姜,生姜,
3090,湖南省,怀化市,麻阳苗族自治县高村镇,其,冰糖橙,冰糖橙,
3091,湖南省,怀化市,溆浦县大江口镇,其,柑桔,柑桔,
3092,湖南省,娄底市,冷水江市三尖镇光明村,果,桃,黄桃,
3093,湖南省,湘西州永顺县,小溪镇,果,柑橘,柑橘,
3094,湖南省,湘西州永顺县,毛坝乡,其,莓茶,莓茶,
3095,广东省,广州市,增城区正果镇,果,荔枝,荔枝,
3096,广东省,广州市,从化区鳌头镇务丰村,畜,鸡,蛋鸡,
3097,广东省,广州市,花都区赤坭镇瑞岭村,花,盆景,盆景苗木,
3098,广东省,韶关市,乳源县大桥镇,茶,油茶,油茶,
3099,广东省,佛山市,三水区西南街道青岐村,其,水产,水产,
3100,广东省,江门市,新会区大鳌镇,渔,虾,对虾,
3101,广东省,湛江市,徐闻县曲界镇愚公楼村,果,菠萝,菠萝,
3102,广东省,茂名市,茂南区公馆镇,渔,鱼,罗非鱼,
3103,广东省,肇庆市,广宁县潭布镇,其,番薯,番薯,
3104,广东省,肇庆市,四会市黄田镇燕崀村,其,柑桔,柑桔,
3105,广东省,惠州市,博罗县石坝镇乌坭湖村,畜,鸡,三黄胡须鸡,
3106,广东省,梅州市,兴宁市龙田镇,畜,鸽,肉鸽,
3107,广东省,梅州市,平远县长田镇官仁村,茶,油茶,油茶,
3108,广东省,汕尾市,海丰县城东镇北平村,蔬,蔬菜,蔬菜,
3109,广东省,汕尾市,海丰县赤坑镇岗头村,果,荔枝,荔枝,
3110,广东省,河源市,东源县上莞镇仙湖村,茶,茶叶,茶叶,
3111,广东省,河源市,龙川县义都镇桂林村,茶,茶叶,茶叶,
3112,广东省,阳江市,阳西县儒洞镇,果,荔枝,荔枝,
3113,广东省,阳江市,阳东区塘坪镇北甘村,果,荔枝,荔枝,
3114,广东省,清远市,阳山县七拱镇西连村,蔬,淮山,淮山,
3115,广东省,清远市,英德市西牛镇,经,麻,麻竹笋,
3116,广东省,中山市,东升镇,其,脆肉鲩,脆肉鲩,
3117,广东省,中山市,黄圃镇,其,腊味,腊味,
3118,广东省,揭阳市,揭东区玉湖镇坪上村,其,炒茶,炒茶,
3119,广东省,云浮市,新兴县太平镇,茶,茶叶,茶叶,
3120,广东省,云浮市,云城区前锋镇,花,花,花卉,
3121,广西壮族自治区,南宁市,武鸣区双桥镇,其,沃柑,沃柑,
3122,广西壮族自治区,桂林市,灵川县三街镇龙坪村,蔬,红薯,红薯,
3123,广西壮族自治区,桂林市,荔浦市东昌镇安静村,果,李,三华李,
3124,广西壮族自治区,梧州市,藤县太平镇,其,米饼,米饼,
3125,广西壮族自治区,北海市,合浦县石湾镇东江村,其,豇豆,豇豆,
3126,广西壮族自治区,北海市,银海区侨港镇,其,海产品,海产品,
3127,广西壮族自治区,防城港市,防城区江山镇,其,渔业,渔业,
3128,广西壮族自治区,钦州市,灵山县武利镇,苗,苗木,水果苗木,
3129,广西壮族自治区,钦州市,浦北县北通镇那新村,其,有机茶,有机茶,
3130,广西壮族自治区,贵港市,港南区木格镇护录村,其,白玉蔗,白玉蔗,
3131,广西壮族自治区,贵港市,桂平县罗秀镇良石村,其,肉桂,肉桂,
3132,广西壮族自治区,玉林市,兴业县大平山镇陈村,畜,鸡,三黄鸡,
3133,广西壮族自治区,百色市,田阳区头塘镇联坡村,果,芒果,芒果,
3134,广西壮族自治区,贺州市,平桂区羊头镇,畜,猪,生猪,
3135,广西壮族自治区,来宾市,兴宾区凤凰镇牛角村,经,甘蔗,甘蔗,
3136,广西壮族自治区,崇左市,扶绥县东门镇六头村,其,姑辽茶,姑辽茶,
3137,海南省,海口市,秀英区石山镇施茶村,其,火山石斛,火山石斛,
3138,海南省,文昌市,抱罗镇抱功村,畜,鸡,文昌鸡,
3139,海南省,澄迈县,加乐镇长岭村委会效古村,其,沉香,沉香,
3140,海南省,澄迈县,福山镇敦茶村委会洋道村,果,石榴,石榴,
3141,海南省,陵水县,光坡镇武山村,其,圣女果,圣女果,
3142,重庆市,万州区,龙驹镇梧桐村,畜,鸡,芦花鸡,
3143,重庆市,涪陵区,百胜镇红花村,其,红肉蜜柚,红肉蜜柚,
3144,重庆市,沙坪坝区,中梁镇新发村,花,花,花卉,
3145,重庆市,北碚区,静观镇素心村,花,花,花木,
3146,重庆市,长寿区,龙河镇保合村,果,柑橘,柑橘,
3147,重庆市,合川区,太和镇亭子村,果,桃,黄桃,
3148,重庆市,南川区,三泉镇窑湾村,粮,水稻,水稻,
3149,重庆市,璧山区,丁家街道莲花坝村,花,花,花卉苗木,
3150,重庆市,铜梁区,太平镇坪漆村,果,桃,香桃,
3151,重庆市,武隆区,平桥镇,其,苕粉,苕粉,
3152,重庆市,重庆市,丰都县湛普镇白水社区,药,花椒,花椒,
3153,重庆市,垫江县,杠家镇,其,晚柚,晚柚,
3154,重庆市,重庆市,忠县马灌镇,其,笋竹,笋竹,
3155,重庆市,奉节县,龙桥乡九通村,药,中药材,中药材,
3156,重庆市,巫山县,红椿土家族乡红椿村,药,党参,党参,
3157,重庆市,石柱土家族自治县,悦崃镇绿桃村,果,李,脆红李,
3158,重庆市,秀山土家族苗族自治县,隘口镇坝芒村,药,山银花,山银花,
3159,四川省,成都市,金堂县竹篙镇,其,食用菌,食用菌,
3160,四川省,成都市,青白江区福洪镇三元村,果,桃,油桃,
3161,四川省,自贡市,大安区何市镇,畜,鸡,肉鸡,
3162,四川省,自贡市,沿滩区九洪乡,药,花椒,花椒,
3163,四川省,攀枝花市,米易县白马镇黄草回族村,果,桃,樱桃,
3164,四川省,攀枝花市,盐边县桐子林镇金河村,果,芒果,芒果,
3165,四川省,泸州市,古蔺县东新镇,果,桃,猕猴桃,
3166,四川省,绵阳市,盐亭县巨龙镇天水村,果,柑橘,柑橘,
3167,四川省,绵阳市,梓潼县黎雅镇,粮,水稻,水稻,
3168,四川省,广元市,利州区白朝乡徐家村,其,食用菌,食用菌,
3169,四川省,遂宁市,船山区唐家乡渔舟村,其,川白芷,川白芷,
3170,四川省,乐山市,沙湾区太平镇,药,中药材,中药材,
3171,四川省,南充市,南部县东坝镇打鼓山村,果,柑橘,柑橘,
3172,四川省,南充市,阆中市五马镇游柿垭村,其,川明参,川明参,
3173,四川省,眉山市,东坡区三苏镇鸭池村,果,柑橘,柑橘,
3174,四川省,宜宾市,江安县阳春镇姜庙社区村,果,李,李子,
3175,四川省,宜宾市,高县胜天镇安和村,果,李,李子,
3176,四川省,广安市,武胜县猛山乡万民村,经,桑,蚕桑,
3177,四川省,广安市,邻水县柑子镇菜垭村,果,葡萄,葡萄,
3178,四川省,达州市,通川区磐石镇新店村,果,草莓,草莓,
3179,四川省,雅安市,汉源县清溪镇,果,桃,樱桃,
3180,四川省,雅安市,天全县仁义镇禾林村,蔬,山药,山药,
3181,四川省,巴中市,平昌县土兴镇铁城村,药,花椒,花椒,
3182,四川省,资阳市,乐至县高寺镇清水村,果,葡萄,葡萄,
3183,四川省,凉山彝族自治州,金阳县红联乡尖顶村,药,花椒,花椒,
3184,贵州省,六盘水市,盘州市羊场乡张家寨村,果,石榴,石榴,
3185,贵州省,遵义市,新蒲新区永乐镇山堡村,蔬,辣椒,辣椒,
3186,贵州省,安顺市,镇宁布依族苗族自治县六马镇,果,李,李子,
3187,贵州省,安顺市,关岭布依族苗族自治县新铺镇岭丰村,畜,牛,牛,
3188,贵州省,安顺市,紫云苗族布依族自治县白石岩乡,蔬,红薯,红薯,
3189,贵州省,毕节市,大方县理化乡法乐村,蔬,辣椒,辣椒,
3190,贵州省,铜仁市,碧江区滑石乡白水村,蔬,香菇,香菇,
3191,贵州省,铜仁市,思南县三道水乡周寨村,蔬,红薯,红薯,
3192,贵州省,铜仁市,德江县高山镇阡丰村,经,麻,天麻,
3193,贵州省,黔西南布依族苗族自治州,仓更镇老王坡村,其,板栗,板栗,
3194,贵州省,黔东南苗族侗族自治州,岑巩县龙田镇都素村,畜,鸡,蛋鸡,
3195,贵州省,黔东南苗族侗族自治州,雷山县望丰乡望丰村,茶,茶叶,茶叶,
3196,贵州省,黔南布依族苗族自治州,独山县基长镇,经,桑,桑蚕,
3197,贵州省,黔南布依族苗族自治州,长顺县广顺镇,果,苹果,苹果,
3198,贵州省,黔南布依族苗族自治州,惠水县好花红镇,其,佛手瓜,佛手瓜,
3199,云南省,曲靖市,陆良县马街镇马街社区,蔬,蔬菜,蔬菜,
3200,云南省,曲靖市,陆良县龙海乡雨古村,其,云南参,云南参,
3201,云南省,玉溪市,澄江县龙街街道左所社区,果,蓝莓,蓝莓,
3202,云南省,玉溪市,元江哈尼族彝族傣族自治县甘庄街道甘庄社区,果,芒果,芒果,
3203,云南省,保山市,腾冲市曲石镇公平社区,果,杏,银杏,
3204,云南省,昭通市,昭阳区苏家院镇迤那村,果,苹果,苹果,
3205,云南省,昭通市,绥江县新滩镇,果,李,半边红李,
3206,云南省,丽江市,华坪县荣将镇哲理村,果,芒果,芒果,
3207,云南省,丽江市,华坪县石龙坝镇民主村,果,芒果,芒果,
3208,云南省,临沧市,双江拉祜族佤族布朗族傣族自治县勐库镇冰岛村,茶,茶叶,茶叶,
3209,云南省,楚雄彝族自治州,双柏县鄂嘉镇密架村,畜,猪,密架山猪,
3210,云南省,红河哈尼族彝族自治州,石屏县大桥乡,果,火龙果,火龙果,
3211,云南省,西双版纳傣族自治州,勐海县勐混镇贺开村,茶,茶叶,茶叶,
3212,云南省,西双版纳傣族自治州,勐海县格朗和乡帕沙村,茶,茶叶,茶叶,
3213,云南省,大理白族自治州,永平县厂街彝族乡,果,桃,泡核桃,
3214,云南省,怒江傈僳族自治州泸水市,老窝镇银坡村,其,重楼,重楼,
3215,云南省,怒江傈僳族自治州,福贡县上帕镇达普洛村,茶,茶叶,茶叶,
3216,云南省,怒江傈僳族自治州,福贡县马吉乡,药,草果,草果,
3217,西藏自治区,日喀则市,江孜县车仁乡玉西村,其,藏香,藏香,
3218,西藏自治区,日喀则市,亚东县下司马社区,渔,鱼,鲑鱼,
3219,西藏自治区,山南市,桑日县桑日镇塔木村,果,葡萄,葡萄,
3220,西藏自治区,山南市,加查县冷达乡共康村,果,桃,核桃,
3221,西藏自治区,那曲市,聂荣县尼玛乡铜龙村,旅,休闲农业,休闲农业,
3222,陕西省,西安市,长安区五台街道石砭峪新村,其,食用菌,食用菌,
3223,陕西省,铜川市,耀州区石柱镇西古村,果,苹果,苹果,
3224,陕西省,宝鸡市,扶风县绛帐镇西渠村,果,桃,猕猴桃,
3225,陕西省,杨凌示范区,杨陵区揉谷镇,果,葡萄,葡萄,
3226,陕西省,咸阳市,彬州市北极镇,果,苹果,苹果,
3227,陕西省,渭南市,大荔县范家镇,果,枣,冬枣,
3228,陕西省,渭南市,合阳县甘井镇,果,苹果,苹果,
3229,陕西省,渭南市,韩城市芝阳镇,药,花椒,花椒,
3230,陕西省,延安市,黄龙县白马滩镇,果,桃,核桃,
3231,陕西省,汉中市,西乡县堰口镇三合村,茶,茶叶,茶叶,
3232,陕西省,榆林市,榆阳区孟家湾乡,其,水产,水产,
3233,陕西省,榆林市,子洲县老君殿镇张家渠村,畜,羊,绒山羊,
3234,陕西省,安康市,平利县老县镇蒋家坪村,茶,茶叶,茶叶,
3235,陕西省,商洛市,山阳县法官镇,茶,茶叶,茶叶,
3236,甘肃省,兰州市,西固区西柳沟街道张家大坪村,其,韭黄,韭黄,
3237,甘肃省,兰州市,永登县武胜驿镇,其,高原夏菜,高原夏菜,
3238,甘肃省,金昌市,永昌县朱王堡镇陈仓村,其,高原夏菜,高原夏菜,
3239,甘肃省,白银市,靖远县东湾镇三合村,蔬,蔬菜,设施蔬菜,
3240,甘肃省,天水市,清水县郭川镇宋川村,果,苹果,苹果,
3241,甘肃省,武威市,天祝藏族自治县打柴沟镇,其,高原夏菜,高原夏菜,
3242,甘肃省,张掖市,肃南裕固族自治县明花乡前滩村,其,牧草,牧草,
3243,甘肃省,平凉市,庄浪县阳川镇孙王村,果,苹果,苹果,
3244,甘肃省,酒泉市,玉门市花海镇金湾村,其,蜜瓜,蜜瓜,
3245,甘肃省,定西市,岷县梅川镇,药,中药材,中药材,
3246,甘肃省,陇南市,武都区裕河镇坟坪子村,茶,茶叶,茶叶,
3247,甘肃省,陇南市,宕昌县庞家乡拉路村,药,中药材,中药材,
3248,甘肃省,临夏回族自治州,永靖县关山乡徐家湾村,药,百合,百合,
3249,青海省,西宁市,城北区大堡子镇宋家寨村,药,百合,百合花,
3250,青海省,西宁市,大通回族土族自治县城关镇阳坡庄村,药,枸杞,枸杞叶茶,
3251,青海省,西宁市,湟中县上五庄镇拉目台村,其,大黄,大黄,
3252,青海省,海东市,民和回族土族自治县官亭镇别落村,药,黄芪,黄芪,
3253,青海省,海东市,循化撒拉族自治县查汗都斯乡下庄村,药,花椒,花椒,
3254,青海省,海南藏族自治州,兴海县河卡镇灯塔村,粮,青稞,青稞,
3255,宁夏回族自治区,石嘴山市,惠农区燕子墩乡简泉村,其,设施瓜菜,设施瓜菜,
3256,宁夏回族自治区,石嘴山市,平罗县红崖子乡,畜,牛,奶牛,
3257,宁夏回族自治区,吴忠市,盐池县花马池镇皖记沟村,畜,羊,滩羊,
3258,宁夏回族自治区,固原市,原州区头营镇杨郎村,果,甜瓜,西甜瓜,
3259,新疆维吾尔自治区,哈密市,伊州区沁城乡小堡村,畜,羊,肉羊,
3260,新疆维吾尔自治区,哈密市,伊州区花园乡卡日塔里村,其,哈密瓜,哈密瓜,
3261,新疆维吾尔自治区,昌吉回族自治州,奇台县西北湾镇小屯村,蔬,辣椒,四平头辣椒,
3262,新疆维吾尔自治区,巴音郭楞蒙古自治州,焉耆回族自治县七个星镇,果,葡萄,酿酒葡萄,
3263,新疆维吾尔自治区,阿克苏地区,温宿县柯柯牙镇核桃新村,其,特色林果,特色林果,
3264,新疆维吾尔自治区,阿克苏地区,拜城县黑英山乡,畜,鸡,油鸡,
3265,新疆维吾尔自治区,克孜勒苏柯尔克孜自治州阿图什市,松他克乡松他克村,果,葡萄,葡萄,
3266,新疆维吾尔自治区,和田地区,和田县塔瓦库勒乡,蔬,辣椒,辣椒,
3267,新疆维吾尔自治区,塔城地区,额敏县霍吉尔特蒙古民族乡阔克萨依村,粮,玉米,玉米,
3268,新疆维吾尔自治区,塔城地区,和布克赛尔蒙古自治县查和特乡,经,棉花,棉花,
3269,新疆维吾尔自治区,伊犁哈萨克自治州,霍城县惠远镇新城村,蔬,蔬菜,蔬菜,
3270,新疆维吾尔自治区,阿勒泰地区,哈巴河县铁热克提乡白哈巴村,旅,休闲农业,休闲农业,
3271,新疆生产建设兵团,新疆生产建设兵团,第三师48团,果,枣,红枣,
3272,新疆生产建设兵团,新疆生产建设兵团,第五师81团,果,葡萄,葡萄,
3273,新疆生产建设兵团,第十师188团,1连,其,葫芦瓜,葫芦瓜,
3274,新疆生产建设兵团,新疆生产建设兵团,第十四师昆玉市皮山农场昆泉镇,果,枣,红枣,
3275,北京市,顺义区,顺义区龙湾屯镇山里辛庄村,果,梨,酥梨,
3276,北京市,顺义区,顺义区杨镇东焦各庄村,果,草莓,草莓,
3277,北京市,平谷区,平谷区峪口镇东凡各庄村,其他,旅游,休闲旅游,
3278,北京市,延庆区,延庆区井庄镇柳沟村,其他,旅游,休闲旅游,
3279,天津市,宝坻区,宝坻区黄庄镇小辛码头村,其他,稻旅,稻旅,
3280,天津市,滨海新区,滨海新区茶淀镇,果,葡萄,葡萄,
3281,天津市,东丽区,东丽区胡张庄村,果,葡萄,葡萄,
3282,天津市,蓟州区,蓟州区罗庄子镇,果,梨,酥梨,
3283,天津市,武清区,武清区崔黄口镇坨尼寺村,蔬,西红柿,西红柿,
3284,河北省,石家庄市,藁城区贾市庄镇马邱村,果,梨文化,梨文化,
3285,河北省,石家庄市,赵县谢庄乡南龙化村,其他,扫帚,扫帚,
3286,河北省,石家庄市,鹿泉区白鹿泉乡谷家峪村,蔬,香椿,香椿,
3287,河北省,张家口市,万全区高庙堡乡於家梁村,畜,肉羊,肉羊,
3288,河北省,承德市,隆化县西阿超满族蒙古族乡砬子沟村,粮,杂粮,杂粮,
3289,河北省,秦皇岛市,昌黎县新集镇,粮,马铃薯,马铃薯,
3290,河北省,秦皇岛市,青龙满族自治县肖营子镇,果,板栗,板栗,
3291,河北省,唐山市,遵化市团瓢庄乡山里各庄村,其他,旅游,休闲旅游,
3292,河北省,唐山市,曹妃甸区双井镇李家房子村,其他,旅游,休闲旅游,
3293,河北省,廊坊市,永清县龙虎庄乡瓦屋辛庄村,果,瓜果,瓜果,
3294,河北省,保定市,曲阳县孝墓镇,果,苹果,苹果,
3295,河北省,保定市,竞秀区江城乡大激店村,其他,驿站文化,驿站文化,
3296,河北省,保定市,博野县博野镇杜各庄村,药,中药材,中药材,
3297,河北省,沧州市,东光县连镇镇,粮,谷物食品,谷物食品,
3298,河北省,衡水市,饶阳县大尹村镇南北岩村,果,瓜果,瓜果,
3299,河北省,衡水市,景县王谦寺镇马贾庄村,粮,高粱,高粱,
3300,河北省,邢台市,信都区将军墓镇,果,板栗,板栗,
3301,河北省,邢台市,沙河市新城镇小屯桥村,其他,工艺葫芦,工艺葫芦,
3302,河北省,邢台市,临城县东镇镇南孟村,蔬,设施蔬菜,设施蔬菜,
3303,河北省,邯郸市,邱县梁二庄镇,果,文冠果,文冠果,
3304,山西省,太原市,清徐县孟封镇杨房村,其他,食醋,食醋,
3305,山西省,朔州市,怀仁市海北头乡海子村,畜,肉羊,肉羊,
3306,山西省,忻州市,忻府区董村镇游邀村,粮,红薯,红薯,
3307,山西省,吕梁市,临县安业乡前青塘村,其他,粽子,粽子,
3308,山西省,阳泉市,平定县娘子关镇下董寨村,其他,旅游,休闲旅游,
3309,山西省,晋城市,阳城北留镇皇城村,其他,旅游,休闲旅游,
3310,山西省,临汾市,安泽县良马镇小李村,其他,旅游,休闲旅游,
3311,山西省,运城市,永济市开张镇东开张村,其他,土布,土布,
3312,内蒙古自治区,锡林郭勒盟,西乌珠穆沁旗浩勒图高勒镇巴彦胡舒嘎查,畜,肉羊,草原肉羊,
3313,内蒙古自治区,兴安盟,扎赉特旗好力保镇,粮,水稻,水稻,
3314,内蒙古自治区,赤峰市,宁城县小城子镇,果,苹果,苹果,
3315,内蒙古自治区,赤峰市,宁城县一肯中乡万家营子村,蔬,尖椒,尖椒,
3316,内蒙古自治区,呼和浩特市,清水河县韭菜庄乡,蔬,花菇,花菇,
3317,内蒙古自治区,呼和浩特市,武川县上秃亥乡,粮,马铃薯,马铃薯,
3318,内蒙古自治区,阿拉善盟,额济纳旗巴彦陶来苏木,果,蜜瓜,蜜瓜,
3319,内蒙古自治区,阿拉善盟,阿拉善左旗腾格里额里斯镇乌兰哈达嘎查,其他,旅游,休闲旅游,
3320,内蒙古自治区,巴彦淖尔市,乌拉特中旗德岭山镇四义堂村,蔬,辣椒,辣椒,
3321,内蒙古自治区,通辽市,科尔沁左翼中旗胜利乡谢家窑村,粮,血麦,血麦,
3322,辽宁省,丹东市,东港市椅圈镇,果,草莓,草莓,
3323,辽宁省,本溪市,桓仁满族自治县古城镇,粮,水稻,水稻,
3324,辽宁省,朝阳市,龙城区联合镇,蔬,香菇,香菇,
3325,辽宁省,朝阳市,朝阳县木头城子镇十家子村,果,葡萄,葡萄,
3326,辽宁省,沈阳市,新民市柳河沟镇解放村,果,西甜瓜,西甜瓜,
3327,辽宁省,大连市,长海县大长山岛镇小盐场村,渔,海参,海参,
3328,辽宁省,营口市,盖州市榜式堡镇马连峪村,畜,柞蚕,柞蚕,
3329,辽宁省,营口市,盖州市双台镇松树沟村,其他,手工刺绣,手工刺绣,
3330,辽宁省,鞍山市,千山区汤岗子镇汤岗子村,蔬,酸菜,酸菜,
3331,辽宁省,阜新市,彰武县双庙镇明水村,粮,甘薯,甘薯,
3332,辽宁省,锦州市,义县高台子镇后药王庙村,畜,肉牛,肉牛,
3333,吉林省,延边州,和龙市八家子镇,药,桑黄,桑黄,
3334,吉林省,延边州,敦化市雁鸣湖镇,其他,旅游,休闲旅游,
3335,吉林省,辽源市,东辽县安恕镇曲家村,粮,糯玉米,糯玉米,
3336,吉林省,吉林市,龙潭区江北乡棋盘村,畜,猪,雷猪,
3337,吉林省,四平市,伊通满族自治县伊通镇二道村,花,百合,百合,
3338,吉林省,吉林市,永吉县万昌镇,粮,水稻,水稻,
3339,吉林省,长春市,双阳区鹿乡镇鹿乡村,畜,梅花鹿,梅花鹿,
3340,吉林省,松原市,长岭县三团乡六十三村,粮,小米,小米,
3341,黑龙江省,绥化市,青冈县祯祥镇兆林村,粮,玉米,玉米,
3342,黑龙江省,绥化市,肇东市肇东镇石坚村,蔬,食用菌,食用菌,
3343,黑龙江省,绥化市,肇东市昌五镇,粮,玉米,玉米,
3344,黑龙江省,齐齐哈尔市,富裕县友谊达斡尔族满族柯尔克孜族乡三家子村,粮,水稻,水稻,
3345,黑龙江省,齐齐哈尔市,富拉尔基区长青乡库勒村,其他,旅游,休闲旅游,
3346,黑龙江省,齐齐哈尔市,铁锋区扎龙镇查罕诺村,其他,旅游,休闲旅游,
3347,黑龙江省,齐齐哈尔市,泰来县克利镇,粮,水稻,水稻,
3348,黑龙江省,大庆市,肇源县新站镇,粮,水稻,水稻,
3349,黑龙江省,大庆市,肇源县民意乡建国村,粮,水稻,水稻,
3350,黑龙江省,牡丹江市,东宁市绥阳镇细岭村,蔬,黑木耳,黑木耳,
3351,黑龙江省,哈尔滨市,松北区利业街道玉林村,花,苗木,苗木,
3352,黑龙江省,佳木斯市,抚远市抚远镇,渔,鱼,鲟鳇鱼,
3353,黑龙江省,佳木斯市,汤原县汤原镇北靠山村,其他,旅游,休闲旅游,
3354,黑龙江省,黑河市,北安市红星农场,蔬,酸菜,酸菜,
3355,上海市,奉贤区,奉贤区青村镇吴房村,果,黄桃,黄桃,
3356,上海市,金山区,金山区枫泾镇中洪村,其他,农民画,农民画,
3357,上海市,浦东新区,浦东新区老港镇大河村,畜,种猪,种猪,
3358,上海市,松江区,松江区叶榭镇井凌桥村,花,花卉,花卉,
3359,江苏省,南京市,浦口区永宁街道联合村,渔,青虾,青虾,
3360,江苏省,南京市,高淳区桠溪街道桥李村,茶,茶叶,茶叶,
3361,江苏省,无锡市,锡山区东港镇山联村,其他,旅游,休闲旅游,
3362,江苏省,无锡市,宜兴市丁蜀镇西望村,其他,紫砂,紫砂,
3363,江苏省,徐州市,丰县范楼镇,蔬,牛蒡,牛蒡,
3364,江苏省,徐州市,新沂市高流镇老范村,果,水蜜桃,水蜜桃,
3365,江苏省,常州市,武进区嘉泽镇,花,苗木,苗木,
3366,江苏省,苏州市,常熟市碧溪街道,蔬,蔬菜,蔬菜,
3367,江苏省,苏州市,吴中区香山街道舟山村,其他,核雕,核雕,
3368,江苏省,南通市,海安市胡集街道周吴村,花,花卉苗木,花卉苗木,
3369,江苏省,连云港市,赣榆区海头镇海前村,其他,电子商务,电子商务,
3370,江苏省,连云港市,东海县曲阳乡薛埠村,其他,水晶,水晶,
3371,江苏省,淮安市,金湖县银涂镇高邮湖村,渔,鱼虾蟹,鱼虾蟹,
3372,江苏省,盐城市,盐都区潘黄街道新民村,果,草莓,草莓,
3373,江苏省,盐城市,滨海县正红镇陈圩村,其他,柳编,柳编,
3374,江苏省,扬州市,高邮市三垛镇,畜,黄羽鸡,黄羽鸡,
3375,江苏省,镇江市,丹徒区世业镇,粮,鲜食玉米,鲜食玉米,
3376,江苏省,泰州市,兴化市昌荣镇盐北村,渔,河蟹,河蟹,
3377,江苏省,泰州市,靖江市生祠镇利珠村,果,桃,桃,
3378,江苏省,淮安市,涟水县高沟镇胡窑村,药,瓜蒌,瓜蒌,
3379,浙江省,杭州市,富阳区里山镇安顶村,茶,云雾茶,云雾茶,
3380,浙江省,杭州市,余杭区鸬鸟镇,果,蜜梨,蜜梨,
3381,浙江省,湖州市,长兴县水口乡顾渚村,其他,旅游,休闲旅游,
3382,浙江省,嘉兴市,平湖市林埭镇,渔,虾,虾,
3383,浙江省,金华市,武义县新宅镇,蔬,香菇,香菇,
3384,浙江省,金华市,兰溪市马涧镇下杜村,果,杨梅,杨梅,
3385,浙江省,丽水市,缙云县前路乡前路村,蔬,茭白,茭白,
3386,浙江省,宁波市,慈溪市新浦镇,果,葡萄,葡萄,
3387,浙江省,宁波市,余姚市泗门镇,蔬,榨菜,榨菜,
3388,浙江省,衢州市,衢江区岭洋乡,茶,茶叶,茶叶,
3389,浙江省,绍兴市,新昌县东茗乡下岩贝村,其他,旅游,休闲旅游,
3390,安徽省,淮北市,烈山区宋疃镇和村社区,果,苹果,苹果,
3391,安徽省,宿州市,砀山县良梨镇良梨村,果,酥梨,酥梨,
3392,安徽省,阜阳市,阜南县郜台乡刘店村,其他,柳编,柳编,
3393,安徽省,蚌埠市,禹会区马城镇冯嘴村,其他,旅游,休闲旅游,
3394,安徽省,滁州市,南谯区施集镇井楠村,茶,茶叶,茶叶,
3395,安徽省,池州市,贵池区梅村镇杨棚村,茶,茶叶,茶叶,
3396,安徽省,黄山市,歙县雄村镇卖花渔村,花,花卉,花卉,
3397,安徽省,铜陵市,义安区天门镇天门村,蔬,白姜,白姜,
3398,安徽省,合肥市,巢湖市槐林镇,渔,渔网制作,渔网制作,
3399,安徽省,六安市,裕安区独山镇,茶,茶叶,茶叶,
3400,安徽省,马鞍山市,当涂县大陇镇,渔,河蟹,河蟹,
3401,安徽省,宣城市,绩溪县荆州乡,果,山核桃,山核桃,
3402,安徽省,安庆市,岳西县菖蒲镇,茶,茶叶,茶叶,
3403,安徽省,芜湖市,南陵县许镇镇,渔,鳙鱼,鳙鱼,
3404,福建省,泉州市,安溪县感德镇,茶,铁观音,铁观音,
3405,福建省,泉州市,晋江市东石镇檗谷村,蔬,胡萝卜,胡萝卜,
3406,福建省,泉州市,永春县仙夹镇龙水村,其他,漆篮,漆篮,
3407,福建省,三明市,沙县区夏茂镇,其他,沙县小吃,沙县小吃,
3408,福建省,三明市,大田县桃源镇,蔬,蔬菜,蔬菜,
3409,福建省,龙岩市,连城县姑田镇,其他,竹文化,竹文化,
3410,福建省,龙岩市,新罗区适中镇,畜,山麻鸭,山麻鸭,
3411,福建省,龙岩市,武平县中堡镇梧地村,畜,象洞鸡,象洞鸡,
3412,福建省,宁德市,福鼎市点头镇,茶,白茶,白茶,
3413,福建省,宁德市,霞浦县柏洋乡董墩村,果,葡萄,葡萄,
3414,福建省,莆田市,仙游县书峰乡兰石村,果,枇杷,枇杷,
3415,福建省,漳州市,高新技术开发区靖城镇郑店村,蔬,食用菌,食用菌,
3416,江西省,宜春市,奉新县赤岸镇城下村,果,猕猴桃,猕猴桃,
3417,江西省,抚州市,南丰县白舍镇白舍村,其他,瓷器,瓷器,
3418,江西省,抚州市,宜黄县梨溪镇里阴村,蔬,食用菌,食用菌,
3419,江西省,抚州市,资溪县乌石镇,畜,白羽肉鸡,白羽肉鸡,
3420,江西省,吉安市,泰和县马市镇,畜,乌鸡,乌鸡,
3421,江西省,吉安市,遂川县大坑乡,果,金桔,金桔,
3422,江西省,南昌市,安义县东阳镇,果,蓝莓,蓝莓,
3423,江西省,南昌市,湾里管理局太平镇,其他,民宿,民宿,
3424,江西省,赣州市,崇义县上堡乡水南村,粮,水稻,水稻,
3425,江西省,赣州市,章贡区沙石镇,蔬,食用菌,食用菌,
3426,山东省,济南市,莱芜区牛泉镇,果,山楂,山楂,
3427,山东省,济南市,商河县贾庄镇,花,花卉,花卉,
3428,山东省,青岛市,平度市新河镇,其他,草编,草编,
3429,山东省,枣庄市,山亭区城头镇,其他,豆制品,豆制品,
3430,山东省,东营市,广饶县李鹊镇,粮,小麦,小麦,
3431,山东省,烟台市,栖霞市唐家泊镇肖家夼村,果,苹果,苹果,
3432,山东省,烟台市,招远市齐山镇,粮,蜜薯,蜜薯,
3433,山东省,潍坊市,临朐县山旺镇,果,樱桃,樱桃,
3434,山东省,潍坊市,寿光市崔岭西村,蔬,蔬菜,蔬菜,
3435,山东省,济宁市,金乡县马庙镇,蔬,大蒜,大蒜,
3436,山东省,济宁市,梁山县杨营镇,畜,肉牛,肉牛,
3437,山东省,泰安市,新泰市刘杜镇,果,山楂,山楂,
3438,山东省,威海市,乳山市海阳所镇,渔,牡蛎,牡蛎,
3439,山东省,日照市,东港区涛雒镇,渔,对虾,对虾,
3440,山东省,聊城市,冠县店子镇,药,灵芝,灵芝,
3441,山东省,菏泽市,曹县大集镇,其他,电子商务,电子商务,
3442,山东省,菏泽市,定陶区半堤镇成海村,蔬,胡萝卜,胡萝卜,
3443,山东省,淄博市,高青县花沟镇三利村,果,西瓜,西瓜,
3444,山东省,临沂市,沂南县依汶镇,蔬,蔬菜,蔬菜,
3445,山东省,临沂市,费县上冶镇顺合村,其他,金蛋,金蛋,
3446,山东省,德州市,乐陵市花园镇,果,甜瓜,甜瓜,
3447,山东省,德州市,宁津县柴胡店镇崔杨村,其他,蟋蟀,蟋蟀,
3448,山东省,滨州市,邹平市长山镇毛张村,蔬,山药,山药,
3449,河南省,焦作市,武陟县乔庙镇,粮,水稻,水稻,
3450,河南省,焦作市,济源市坡头镇双堂村,果,核桃,核桃,
3451,河南省,焦作市,修武县当阳峪村,其他,绞胎瓷,绞胎瓷,
3452,河南省,安阳市,殷都区都里镇,蔬,花椒,花椒,
3453,河南省,南阳市,卧龙区石桥镇,花,月季,月季,
3454,河南省,南阳市,内乡县灌涨镇杨集村,蔬,番茄,番茄,
3455,河南省,南阳市,邓州市九龙镇舟陂村,果,梨,梨,
3456,河南省,郑州市,荥阳市高村乡枣树沟村,果,石榴,石榴,
3457,河南省,郑州市,荥阳市广武镇张庄村,果,石榴,石榴,
3458,河南省,洛阳市,新安县五头镇,果,樱桃,樱桃,
3459,河南省,洛阳市,孟津区朝阳镇南石山村,其他,唐三彩,唐三彩,
3460,河南省,洛阳市,孟津区平乐镇平乐社区,花,牡丹画,牡丹画,
3461,河南省,鹤壁市,浚县善堂镇,粮,花生,花生,
3462,河南省,开封市,顺河回族区土柏岗乡齐寨社区,其他,酿酒,酿酒,
3463,河南省,商丘市,民权县西屯村,果,葡萄,葡萄,
3464,河南省,濮阳市,南乐县元村镇古寺郎村,蔬,胡萝卜,胡萝卜,
3465,河南省,平顶山市,宝丰县大营镇清凉寺村,其他,汝瓷,汝瓷,
3466,河南省,平顶山市,叶县龙泉乡草场街村,蔬,食用菌,食用菌,
3467,河南省,驻马店市,平舆县西洋店镇西洋潭村,蔬,莲藕,莲藕,
3468,河南省,驻马店市,确山县赵楼村,粮,水稻,水稻,
3469,河南省,信阳市,浉河区浉河港镇,茶,茶叶,茶叶,
3470,河南省,信阳市,平桥区五里店街道七桥村,果,蓝莓,蓝莓,
3471,河南省,新乡市,韩董庄镇杨厂村,蔬,食用菌,食用菌,
3472,湖北省,荆门市,钟祥市柴湖镇马南村,蔬,娃娃菜,娃娃菜,
3473,湖北省,孝感市,大悟县三里城镇望山村,粮,稻鸭米,稻鸭米,
3474,湖北省,荆州市,洪湖市小港管理区,渔,小龙虾,小龙虾,
3475,湖北省,黄石市,铁山区大王镇贵湾村,蔬,香椿,香椿,
3476,湖北省,武汉市,黄陂区罗汉寺街,果,草莓,草莓,
3477,湖北省,天门市,拖市镇何场村,粮,马铃薯,马铃薯,
3478,湖北省,恩施州,宣恩县李家河镇,果,贡水白柚,贡水白柚,
3479,湖北省,鄂州市,梁子湖区涂家垴镇张远村,果,蓝莓,蓝莓,
3480,湖北省,潜江市,老新镇,渔,虾稻,虾稻,
3481,湖北省,十堰市,房县土城镇,其他,黄酒,黄酒,
3482,湖北省,黄冈市,蕲春县漕河镇,药,蕲艾,蕲艾,
3483,湖北省,宜昌市,夷陵区邓村乡,茶,茶叶,茶叶,
3484,湖北省,咸宁市,咸安区贺胜桥镇,畜,肉鸡,肉鸡,
3485,湖北省,襄阳市,枣阳市平林镇宋集村,果,油桃,油桃,
3486,湖北省,仙桃市,郑场镇,其他,富硒豆豉,富硒豆豉,
3487,湖北省,随州市,广水市武胜关镇,茶,茶叶,茶叶,
3488,湖北省,神农架林区,木鱼镇,茶,茶叶,茶叶,
3489,湖北省,襄阳市,襄州区程河镇,其他,柳编,柳编,
3490,湖南省,长沙市,望城区白箬铺镇,其他,旅游,休闲旅游,
3491,湖南省,衡阳市,衡东县三樟镇塔冲村,蔬,黄贡椒,黄贡椒,
3492,湖南省,衡阳市,衡阳县台源镇东湖寺村,粮,乌莲,乌莲,
3493,湖南省,衡阳市,蒸湘区雨母镇雨母村,渔,鱼,鱼,
3494,湖南省,株洲市,芦淞区白关镇卦石村,蔬,白关丝瓜,白关丝瓜,
3495,湖南省,湘潭市,湘乡市翻江镇,畜,壶天石羊,壶天石羊,
3496,湖南省,岳阳市,湘阴县三塘镇,蔬,藠头,藠头,
3497,湖南省,岳阳市,平江县加义镇杨林街村,果,苹果梨,苹果梨,
3498,湖南省,常德市,鼎城区十美堂镇,油,油菜,油菜,
3499,湖南省,常德市,桃源县杨溪桥镇,茶,茶叶,茶叶,
3500,湖南省,张家界市,武陵源区协合乡龙尾巴居委会,其他,旅游,休闲旅游,
3501,湖南省,益阳市,安化县马路镇,茶,茶叶,茶叶,
3502,湖南省,益阳市,安化县田庄乡高马二溪村,茶,茶叶,茶叶,
3503,湖南省,郴州市,苏仙区良田镇堆上村,蔬,食用菌,食用菌,
3504,湖南省,永州市,江永县粗石江镇,果,香柚,香柚,
3505,湖南省,怀化市,沅陵县马底驿乡,茶,茶叶,茶叶,
3506,湖南省,娄底市,冷水江市渣渡镇铁山村,果,杨梅,杨梅,
3507,湖南省,湘西州,龙山县洗洛镇,花,百合,百合,
3508,广东省,广州市,花都区梯面镇,其他,旅游,休闲旅游,
3509,广东省,广州市,从化区太平镇井岗村,果,荔枝,荔枝,
3510,广东省,肇庆市,怀集县冷坑镇,蔬,蔬菜,蔬菜,
3511,广东省,中山市,神湾镇,果,菠萝,菠萝,
3512,广东省,韶关市,南雄市珠玑镇,粮,水稻,水稻,
3513,广东省,梅州市,梅县区石扇镇,果,金柚,金柚,
3514,广东省,梅州市,梅江区西阳镇桃坪村,茶,茶叶,茶叶,
3515,广东省,江门市,开平市马冈镇,畜,肉鹅,肉鹅,
3516,广东省,江门市,新会区双水镇桥美村,其他,甘蔗,甘蔗,
3517,广东省,潮州市,饶平县汫洲镇,渔,大蚝,大蚝,
3518,广东省,清远市,阳山县七拱镇,粮,丝苗米,丝苗米,
3519,广东省,湛江市,徐闻县曲界镇,果,菠萝,菠萝,
3520,广东省,茂名市,滨海新区博贺镇,渔,海洋捕捞,海洋捕捞,
3521,广东省,茂名市,电白区沙琅镇谭儒村,蔬,萝卜,萝卜,
3522,广东省,东莞市,大岭山镇,果,荔枝,荔枝,
3523,广东省,惠州市,惠阳区镇隆镇,果,荔枝,荔枝,
3524,广东省,河源市,和平县贝墩镇,其他,豆制品,豆制品,
3525,广东省,河源市,连平县高莞镇二联村,粮,花生,花生,
3526,广东省,云浮市,云安区白石镇石底村,花,花卉苗木,花卉苗木,
3527,广东省,云浮市,罗定市泗纶镇杨绿村,其他,蒸笼,蒸笼,
3528,广东省,汕尾市,陆河县河口镇田墩村,果,油柑,油柑,
3529,广东省,阳江市,阳西县沙扒镇渡头村,渔,海水鱼苗,海水鱼苗,
3530,广东省,佛山市,顺德区勒流街道稔海村,渔,鳗鱼,鳗鱼,
3531,广东省,珠海市,斗门区乾务镇湾口村,渔,鳗鱼,鳗鱼,
3532,广西壮族自治区,南宁市,宾阳县古辣镇,粮,香米,香米,
3533,广西壮族自治区,桂林市,龙胜县龙脊镇,其他,旅游,休闲旅游,
3534,广西壮族自治区,桂林市,全州县才湾镇南一村,果,葡萄,葡萄,
3535,广西壮族自治区,防城港市,防城区扶隆镇,其他,肉桂八角,肉桂八角,
3536,广西壮族自治区,贺州市,平桂区大平瑶族乡,其他,腐竹,腐竹,
3537,广西壮族自治区,崇左市,扶绥县昌平乡,果,坚果,坚果,
3538,广西壮族自治区,柳州市,柳江区三都镇觉山村,蔬,香葱,香葱,
3539,广西壮族自治区,柳州市,融水县安太乡元宝村,粮,水稻,水稻,
3540,广西壮族自治区,梧州市,苍梧县六堡镇大中村,茶,六堡茶,六堡茶,
3541,广西壮族自治区,梧州市,藤县濛江镇健良村,果,荔枝,荔枝,
3542,广西壮族自治区,北海市,合浦县公馆镇香山村,果,荔枝,荔枝,
3543,广西壮族自治区,钦州市,钦南区久隆镇青草村,药,五指毛桃,五指毛桃,
3544,广西壮族自治区,贵港市,桂平市麻垌镇鹧鸪村,果,荔枝,荔枝,
3545,广西壮族自治区,玉林市,福绵区成均镇古城村,畜,蛋鸡,蛋鸡,
3546,广西壮族自治区,百色市,田东县平马镇四平村,蔬,番茄,番茄,
3547,广西壮族自治区,河池市,南丹县城关镇莲花村,果,黄腊李,黄腊李,
3548,广西壮族自治区,河池市,宜州区德胜镇上坪村,畜,桑蚕,桑蚕,
3549,海南省,东方市,三家镇,畜,鳄鱼,鳄鱼,
3550,海南省,东方市,八所镇罗带村,其他,粽子,粽子,
3551,海南省,万宁市,北大镇尖岭村,茶,鹧鸪茶,鹧鸪茶,
3552,海南省,保亭县,六弓乡镇,畜,肉鹅,肉鹅,
3553,海南省,琼海市,大路镇湖仔村,花,热带树苗,热带树苗,
3554,重庆市,巴南区,巴南区二圣镇,茶,茶叶,茶叶,
3555,重庆市,黔江区,黔江区中塘镇兴泉社区,果,猕猴桃,猕猴桃,
3556,重庆市,大渡口区,大渡口区跳磴镇石盘村,果,柑橘,柑橘,
3557,重庆市,开州区,开州区临江镇福德村,果,春橙,春橙,
3558,重庆市,梁平区,梁平区蟠龙镇扈槽村,粮,水稻,水稻,
3559,重庆市,大足区,大足区高升镇,其他,芳香植物,芳香植物,
3560,重庆市,垫江县,垫江县砚台镇,蔬,青花椒,青花椒,
3561,重庆市,奉节县,奉节县安坪镇三沱村,果,脐橙,脐橙,
3562,重庆市,荣昌区,荣昌区河包镇,其他,粉条,粉条,
3563,重庆市,铜梁区,铜梁区平滩镇,蔬,蔬菜,蔬菜,
3564,四川省,自贡市,富顺县狮市镇,果,柑橘,柑橘,
3565,四川省,自贡市,自流井区仲权镇,其他,彩灯,彩灯,
3566,四川省,攀枝花市,盐边县永兴镇,畜,蚕桑,蚕桑,
3567,四川省,泸州市,江阳区通滩镇,粮,高粱,高粱,
3568,四川省,德阳市,绵竹市孝德镇年画村,其他,年画,年画,
3569,四川省,绵阳市,安州区秀水镇,粮,水稻,水稻,
3570,四川省,绵阳市,北川羌族自治县曲山镇石椅村,其他,羌族歌舞,羌族歌舞,
3571,四川省,广元市,苍溪县黄猫娅镇,果,白肉枇杷,白肉枇杷,
3572,四川省,广元市,朝天区麻柳乡,其他,麻柳刺绣,麻柳刺绣,
3573,四川省,遂宁市,射洪县金华镇西山坪村,畜,生猪,生猪,
3574,四川省,内江市,市中区凌家镇酒房沟村,果,柑橘,柑橘,
3575,四川省,南充市,嘉陵区双桂镇三龙场村,茶,桑茶,桑茶,
3576,四川省,宜宾市,翠屏区牟坪镇龙兴村,果,柑橘,柑橘,
3577,四川省,宜宾市,高县庆岭镇,其他,春酒,春酒,
3578,四川省,广安市,前锋区虎城镇,蔬,青花椒,青花椒,
3579,四川省,广安市,岳池县白庙镇郑家村,其他,旅游,休闲旅游,
3580,四川省,达州市,渠县新市镇,果,蜂糖李,蜂糖李,
3581,四川省,巴中市,平昌县涵水镇幸福村,渔,江口青鳙,江口青鳙,
3582,四川省,雅安市,雨城区碧峰峡镇,茶,茶叶,茶叶,
3583,四川省,眉山市,洪雅县中山镇,茶,茶叶,茶叶,
3584,四川省,甘孜州,理塘县禾尼乡,畜,牦牛,牦牛,
3585,四川省,凉山州,会东县姜州镇郑家坝村,果,石榴,石榴,
3586,四川省,乐山市,夹江县马村镇石堰村,其他,手工造纸,手工造纸,
3587,贵州省,贵阳市,息烽县石硐镇,果,猕猴桃,猕猴桃,
3588,贵州省,贵阳市,修文县六屯镇都堡村,果,猕猴桃,猕猴桃,
3589,贵州省,遵义市,凤冈县天桥镇,畜,肉牛,肉牛,
3590,贵州省,遵义市,绥阳县郑场镇大楠村,蔬,韭黄,韭黄,
3591,贵州省,铜仁市,万山区黄道乡,果,香柚,香柚,
3592,贵州省,铜仁市,德江县稳坪镇金庄村,蔬,花椒,花椒,
3593,贵州省,六盘水市,盘州市新民镇旧屯村,粮,红米,红米,
3594,贵州省,安顺市,普定县化处镇焦家村,蔬,韭黄,韭黄,
3595,贵州省,毕节市,织金县板桥镇白果村,茶,茶叶,茶叶,
3596,贵州省,毕节市,黔西市化屋村,其他,苗绣,苗绣,
3597,贵州省,黔南州,福泉市龙昌镇,畜,生猪,生猪,
3598,贵州省,黔南州,龙里县洗马镇羊昌村,果,刺梨,刺梨,
3599,贵州省,黔西南州,兴义市七舍镇革上村,茶,茶叶,茶叶,
3600,贵州省,黔东南州,施秉县牛大场镇牛大场村,药,太子参,太子参,
3601,贵州省,黔东南州,从江县斗里镇马安村,其他,苗绣,苗绣,
3602,云南省,丽江市,华坪县石龙坝镇临江村,果,芒果,芒果,
3603,云南省,丽江市,玉龙县白沙镇玉湖村,其他,旅游,休闲旅游,
3604,云南省,西双版纳州,景洪市勐龙镇勐宋村,茶,茶叶,茶叶,
3605,云南省,西双版纳州,景洪市勐罕镇曼听村,其他,旅游,休闲旅游,
3606,云南省,昭通市,镇雄县碗厂镇,蔬,鲜笋,鲜笋,
3607,云南省,保山市,昌宁县温泉镇,茶,茶叶,茶叶,
3608,云南省,普洱市,镇沅县按板镇罗家村,茶,茶叶,茶叶,
3609,云南省,红河州,弥勒市西三镇蚂蚁村,其他,旅游,休闲旅游,
3610,云南省,文山州,麻栗坡县猛硐瑶族乡,茶,茶叶,茶叶,
3611,云南省,曲靖市,麒麟区越州镇大梨树村,果,蓝莓,蓝莓,
3612,云南省,玉溪市,元江县甘庄街道,果,芒果,芒果,
3613,云南省,玉溪市,澄江县右所镇吉花社区,其他,旅游,休闲旅游,
3614,云南省,楚雄州,双柏县爱尼山乡,药,中药材,中药材,
3615,云南省,临沧市,耿马自治县勐撒镇翁达村,其他,省藤,省藤,
3616,云南省,临沧市,临翔区博尚镇碗窑村,其他,土陶,土陶,
3617,西藏自治区,昌都市,芒康县纳西民族乡,果,葡萄,葡萄,
3618,西藏自治区,拉萨市,曲水县南木乡,果,瓜果,瓜果,
3619,西藏自治区,拉萨市,堆龙德庆区柳梧新区达东村,其他,旅游,休闲旅游,
3620,西藏自治区,拉萨市,当雄县龙仁乡,畜,牦牛,牦牛,
3621,西藏自治区,拉萨市,堆龙德区古荣镇加入村,花,花卉,花卉,
3622,西藏自治区,拉萨市,堆龙德庆区东嘎街道桑木社区,其他,罗萨梅朵,罗萨梅朵,
3623,陕西省,西安市,高陵区通远街道办事处何村,蔬,设施蔬菜,设施蔬菜,
3624,陕西省,西安市,西咸新区秦汉新城窑店街道办事处刘家沟村,其他,窑洞文化,窑洞文化,
3625,陕西省,咸阳市,淳化县十里塬镇十里塬村,蔬,食用菌,食用菌,
3626,陕西省,铜川市,宜君县彭镇西洼村,蔬,食用菌,食用菌,
3627,陕西省,延安市,甘泉县下寺湾镇闫家沟村,蔬,瓜菜,瓜菜,
3628,陕西省,汉中市,略阳县黑河镇,畜,乌鸡,乌鸡,
3629,陕西省,汉中市,南郑区黄官镇水井村,其他,藤竹编,藤竹编,
3630,陕西省,安康市,石泉县后柳镇中坝村,其他,手工作坊文化,手工作坊文化,
3631,陕西省,安康市,白河县宋家镇,茶,茶叶,茶叶,
3632,陕西省,宝鸡市,陇县东风镇,畜,奶山羊,奶山羊,
3633,陕西省,渭南市,富平县庄里镇,果,柿饼,柿饼,
3634,陕西省,渭南市,蒲城县龙阳镇,果,瓜果,瓜果,
3635,陕西省,榆林市,府谷县武家庄镇,畜,肉羊,肉羊,
3636,陕西省,商洛市,丹凤县峦庄镇,药,中药材,中药材,
3637,甘肃省,甘南州,舟曲县博峪镇恰路诺村,药,中药材,中药材,
3638,甘肃省,定西市,岷县茶埠镇岳家湾村,药,中药材,中药材,
3639,甘肃省,庆阳市,宁县焦村镇,果,苹果,苹果,
3640,甘肃省,庆阳市,环县曲子镇西沟村,花,紫花苜蓿,紫花苜蓿,
3641,甘肃省,天水市,张家川县龙山镇马河村,果,苹果,苹果,
3642,甘肃省,白银市,景泰县草窝滩镇,蔬,西红柿,西红柿,
3643,甘肃省,酒泉市,玉门市下西号镇,药,枸杞,枸杞,
3644,甘肃省,兰州市,榆中县园子岔乡,花,百合,百合,
3645,甘肃省,陇南市,武都区马街镇,蔬,花椒,花椒,
3646,甘肃省,武威市,凉州区四坝镇,蔬,蔬菜,蔬菜,
3647,甘肃省,武威市,民勤县东湖镇,蔬,茴香,茴香,
3648,甘肃省,张掖市,甘州区乌江镇,蔬,蔬菜,蔬菜,
3649,甘肃省,张掖市,肃南县明花乡,其他,牧草,牧草,
3650,青海省,海东市,互助县东沟乡大庄村,其他,青绣,青绣,
3651,青海省,海南州,兴海县河卡镇五一村,油,油菜,油菜,
3652,青海省,西宁市,湟中区多巴镇玉拉村,蔬,生菜,生菜,
3653,青海省,西宁市,湟中区鲁沙尔镇阳坡村,其他,金银铜器,金银铜器,
3654,青海省,玉树州,曲麻莱县叶格乡红旗村,畜,种牦牛,种牦牛,
3655,青海省,玉树州,治多县治渠乡同卡村,畜,种牦牛,种牦牛,
3656,宁夏回族自治区,石嘴山市,惠农区庙台乡东永固村,药,枸杞,枸杞,
3657,宁夏回族自治区,固原市,泾源县大湾乡杨岭村,其他,旅游,休闲旅游,
3658,宁夏回族自治区,吴忠市,红寺堡区新庄集乡杨柳村,果,葡萄酒,葡萄酒,
3659,宁夏回族自治区,银川市,西夏区镇北堡镇昊苑村,果,葡萄酒,葡萄酒,
3660,新疆维吾尔自治区,博州,精河县托里镇,药,枸杞,枸杞,
3661,新疆维吾尔自治区,阿克苏地区,阿瓦提县三河镇,粮,棉花,棉花,
3662,新疆维吾尔自治区,阿克苏地区,温宿县托乎拉乡,粮,大米,大米,
3663,新疆维吾尔自治区,阿克苏地区,阿瓦提县塔木托格拉克镇库吾尔尕村,果,甘甜瓜,甘甜瓜,
3664,新疆维吾尔自治区,和田地区,和田县巴格其镇,果,核桃,核桃,
3665,新疆维吾尔自治区,和田地区,策勒县策勒乡阿日希村,果,红枣,红枣,
3666,新疆维吾尔自治区,喀什地区,岳普湖县岳普湖乡,果,无花果,无花果,
3667,新疆维吾尔自治区,喀什地区,麦盖提县央塔克乡,果,红枣,红枣,
3668,新疆维吾尔自治区,塔城地区,沙湾市乌兰乌苏镇,粮,富硒杂粮,富硒杂粮,
3669,新疆维吾尔自治区,塔城地区,乌苏市八十四户乡,蔬,蔬菜,蔬菜,
3670,新疆生产建设兵团,第十师,北屯市188团海川镇,油,葵花,葵花,
3671,新疆生产建设兵团,第三师,图木舒克市54团兴安镇,粮,油莎豆,油莎豆,
3672,新疆生产建设兵团,第一师,阿拉尔市6团双城镇,果,苹果,苹果,
3673,新疆生产建设兵团,第五师,双河市81团园艺3连,畜,鸵鸟,鸵鸟,
